crystal_id,canary_id,name,reason
1,1,water,same-id-same-name
2,2,wine,same-id-same-name
3,3,beer,same-id-same-name
4,4,mud,same-id-same-name
5,5,blood,same-id-same-name
6,6,slime,same-id-same-name
7,7,oil,same-id-same-name
8,8,urine,same-id-same-name
9,9,milk,same-id-same-name
10,10,manafluid,same-id-same-name
11,11,lifefluid,same-id-same-name
12,12,lemonade,same-id-same-name
13,13,rum,same-id-same-name
14,14,fruit juice,same-id-same-name
15,15,coconut milk,same-id-same-name
16,16,mead,same-id-same-name
17,17,tea,same-id-same-name
18,18,ink,same-id-same-name
19,19,candyfluid,same-id-same-name
20,20,chocolate,same-id-same-name
100,100,void,same-id-same-name
101,101,earth,same-id-same-name
102,102,white flower,same-id-same-name
103,103,dirt,same-id-same-name
104,104,sand,same-id-same-name
105,105,poison field,same-id-same-name
106,106,grass,same-id-same-name
107,107,special flask,same-id-same-name
110,110,special flask,same-id-same-name
111,111,dead human,same-id-same-name
112,112,magical watch,same-id-same-name
113,113,dwarven emperor's beard,same-id-same-name
116,116,crate,same-id-same-name
117,117,crate,same-id-same-name
118,118,crate,same-id-same-name
119,119,box,same-id-same-name
120,120,some special leaves,same-id-same-name
121,121,whoopee cushion,same-id-same-name
122,122,cat basket,same-id-same-name
123,123,toy mouse,same-id-same-name
124,124,easily inflammable sulphur,same-id-same-name
125,125,special flask,same-id-same-name
126,126,special flask,same-id-same-name
127,127,magical inkwell,same-id-same-name
128,128,signed contract,same-id-same-name
129,129,contract,same-id-same-name
130,130,exploding cookie,same-id-same-name
131,131,ectoplasm container,same-id-same-name
132,132,scrying crystal ball,same-id-same-name
133,133,special flask,same-id-same-name
134,134,grave,same-id-same-name
135,135,special flask,same-id-same-name
136,136,beer bottle,same-id-same-name
137,137,water cask,same-id-same-name
138,138,empty beer bottle,same-id-same-name
139,139,mining helmet,same-id-same-name
140,140,parcel,same-id-same-name
141,141,cigar,same-id-same-name
142,142,bale of white cloth,same-id-same-name
143,143,bale of yellowed cloth,same-id-same-name
144,144,mummy disguise,same-id-same-name
145,145,heavy package,same-id-same-name
166,166,wooden coffin,same-id-same-name
167,167,wooden coffin,same-id-same-name
168,168,RESERVED SPRITE,same-id-same-name
169,169,scarab cheese,same-id-same-name
170,170,fake dwarven beard,same-id-same-name
171,171,coal basin,same-id-same-name
172,172,blank poetry parchment,same-id-same-name
173,173,parchment,same-id-same-name
174,174,parchment,same-id-same-name
175,175,parchment,same-id-same-name
176,176,parchment,same-id-same-name
177,177,parchment,same-id-same-name
178,178,parchment,same-id-same-name
179,179,parchment,same-id-same-name
180,180,remains of a spider egg,same-id-same-name
181,181,spider egg,same-id-same-name
188,188,remains of a spider web,same-id-same-name
189,189,remains of a spider web,same-id-same-name
193,193,something crawling,same-id-same-name
194,194,dirt,same-id-same-name
195,195,something crawling,same-id-same-name
196,196,seashell,same-id-same-name
197,197,large seashell,same-id-same-name
198,198,large seashell,same-id-same-name
211,211,remains of a spider egg,same-id-same-name
220,220,buoy,same-id-same-name
227,227,fine vase,same-id-same-name
228,228,fine vase,same-id-same-name
229,229,ice cream cone,same-id-same-name
230,230,ship cabin wall,same-id-same-name
231,231,sand,same-id-same-name
232,232,burning wall,same-id-same-name
233,233,spider egg,same-id-same-name
234,234,remains of a spider egg,same-id-same-name
235,235,bag,same-id-same-name
236,236,strong health potion,same-id-same-name
237,237,strong mana potion,same-id-same-name
238,238,great mana potion,same-id-same-name
239,239,great health potion,same-id-same-name
266,266,health potion,same-id-same-name
267,267,linen,same-id-same-name
268,268,mana potion,same-id-same-name
269,269,dead dragon hatchling,same-id-same-name
270,270,dead dragon hatchling,same-id-same-name
271,271,dead dragon hatchling,same-id-same-name
272,272,dead dragon hatchling,same-id-same-name
273,273,dead dragon hatchling,same-id-same-name
274,274,dead dragon hatchling,same-id-same-name
275,275,dead dragon hatchling,same-id-same-name
276,276,dead squirrel,same-id-same-name
277,277,dead squirrel,same-id-same-name
278,278,dead squirrel,same-id-same-name
279,279,dead squirrel,same-id-same-name
280,280,earth ground,same-id-same-name
283,283,empty potion flask,same-id-same-name
284,284,empty potion flask,same-id-same-name
285,285,empty potion flask,same-id-same-name
286,286,dead cat,same-id-same-name
287,287,dead cat,same-id-same-name
288,288,dead cat,same-id-same-name
289,289,dead cat,same-id-same-name
293,293,grass,same-id-same-name
294,294,pitfall,same-id-same-name
304,304,grass,same-id-same-name
305,305,dirt,same-id-same-name
306,306,empty flower pot,same-id-same-name
316,316,flower pot,same-id-same-name
321,321,flower pot,same-id-same-name
324,324,flower pot,same-id-same-name
325,325,withered plant,same-id-same-name
326,326,withered plant,same-id-same-name
327,327,withered plant,same-id-same-name
328,328,withered plant,same-id-same-name
329,329,flower pot,same-id-same-name
330,330,flower pot,same-id-same-name
331,331,flower pot,same-id-same-name
332,332,flower pot,same-id-same-name
333,333,flower pot,same-id-same-name
334,334,flower pot,same-id-same-name
335,335,flower pot,same-id-same-name
336,336,flower pot,same-id-same-name
337,337,flower pot,same-id-same-name
338,338,flower pot,same-id-same-name
339,339,flower pot,same-id-same-name
340,340,flower pot,same-id-same-name
341,341,flower pot,same-id-same-name
342,342,flower pot,same-id-same-name
343,343,flower pot,same-id-same-name
344,344,flower pot,same-id-same-name
345,345,flower pot,same-id-same-name
346,346,flower pot,same-id-same-name
347,347,scroll,same-id-same-name
348,348,intelligence reports,same-id-same-name
349,349,suspicious signet ring,same-id-same-name
350,350,case of rust bugs,same-id-same-name
368,368,earth ground,same-id-same-name
371,371,RESERVED SPRITE,same-id-same-name
372,372,earth,same-id-same-name
385,385,hole,same-id-same-name
386,386,dirt floor,same-id-same-name
387,387,small hole,same-id-same-name
388,388,stalagmites,same-id-same-name
389,389,stalagmites,same-id-same-name
390,390,lava hole,same-id-same-name
391,391,lava hole,same-id-same-name
394,394,hole,same-id-same-name
395,395,RESERVED SPRITE,same-id-same-name
396,396,technomancer beard,same-id-same-name
397,397,amazon disguise kit,same-id-same-name
398,398,wooden trash,same-id-same-name
399,399,building plans for a ship,same-id-same-name
400,400,suspicious documents,same-id-same-name
401,401,book,same-id-same-name
402,402,secret letter,same-id-same-name
403,403,File AH-X17L89,same-id-same-name
404,404,barrel of beer,same-id-same-name
405,405,weapons crate,same-id-same-name
406,406,family signet ring,same-id-same-name
407,407,grass,same-id-same-name
408,408,wooden floor,same-id-same-name
409,409,white marble floor,same-id-same-name
410,410,black marble floor,same-id-same-name
415,415,sandstone floor,same-id-same-name
416,416,stone floor,same-id-same-name
417,417,tiled floor,same-id-same-name
418,418,stone floor,same-id-same-name
421,421,stone tile,same-id-same-name
422,422,sandstone tile,same-id-same-name
423,423,tiled floor,same-id-same-name
428,428,stairs,same-id-same-name
429,429,stone tile,same-id-same-name
432,432,trapdoor,same-id-same-name
433,433,ladder,same-id-same-name
434,434,trapdoor,same-id-same-name
435,435,sewer grate,same-id-same-name
436,436,stone floor,same-id-same-name
451,451,RESERVED SPRITE,same-id-same-name
463,463,white stone tile,same-id-same-name
464,464,wooden floor,same-id-same-name
469,469,stairs,same-id-same-name
475,475,closed trapdoor,same-id-same-name
476,476,trapdoor,same-id-same-name
477,477,pedestal,same-id-same-name
478,478,sandstone wall,same-id-same-name
479,479,stone tile,same-id-same-name
480,480,sandstone wall,same-id-same-name
481,481,stone flooring,same-id-same-name
484,484,trapdoor,same-id-same-name
485,485,stairway,same-id-same-name
516,516,carved stone tile,same-id-same-name
562,562,stone floor,same-id-same-name
565,565,stone floor,same-id-same-name
593,593,stone pile,same-id-same-name
594,594,hole,same-id-same-name
595,595,hole,same-id-same-name
606,606,loose stone pile,same-id-same-name
607,607,hole,same-id-same-name
608,608,loose ice pile,same-id-same-name
609,609,hole,same-id-same-name
610,610,hole,same-id-same-name
611,611,snow heap,same-id-same-name
614,614,sand,same-id-same-name
615,615,hole,same-id-same-name
616,616,DEPRECATED item,same-id-same-name
617,617,DEPRECATED item,same-id-same-name
618,618,grass,same-id-same-name
619,619,waterball,same-id-same-name
622,622,water,same-id-same-name
628,628,wooden floor,same-id-same-name
637,637,document,same-id-same-name
638,638,document,same-id-same-name
639,639,scroll,same-id-same-name
640,640,scroll,same-id-same-name
641,641,piece of paper,same-id-same-name
642,642,piece of paper,same-id-same-name
643,643,crumpled piece of paper,same-id-same-name
644,644,torn piece of paper,same-id-same-name
645,645,blue legs,same-id-same-name
646,646,elvenhair rope,same-id-same-name
647,647,seeds,same-id-same-name
648,648,nature magic spellbook,same-id-same-name
649,649,flower bouquet,same-id-same-name
650,650,watering can,same-id-same-name
651,651,spellwand,same-id-same-name
652,652,rotten heart of a tree,same-id-same-name
653,653,costume bag,same-id-same-name
654,654,costume bag,same-id-same-name
655,655,costume bag,same-id-same-name
656,656,dead cyclops,same-id-same-name
657,657,dead cyclops,same-id-same-name
658,658,dead cyclops,same-id-same-name
659,659,dead cyclops,same-id-same-name
660,660,fiery spike sword,same-id-same-name
661,661,fiery relic sword,same-id-same-name
662,662,fiery mystic blade,same-id-same-name
663,663,fiery blacksteel sword,same-id-same-name
664,664,fiery dragon slayer,same-id-same-name
665,665,fiery barbarian axe,same-id-same-name
666,666,fiery knight axe,same-id-same-name
667,667,fiery heroic axe,same-id-same-name
668,668,fiery headchopper,same-id-same-name
669,669,fiery war axe,same-id-same-name
670,670,fiery clerical mace,same-id-same-name
671,671,fiery crystal mace,same-id-same-name
672,672,fiery cranial basher,same-id-same-name
673,673,fiery orcish maul,same-id-same-name
674,674,fiery war hammer,same-id-same-name
675,675,small enchanted sapphire,same-id-same-name
676,676,small enchanted ruby,same-id-same-name
677,677,small enchanted emerald,same-id-same-name
678,678,small enchanted amethyst,same-id-same-name
679,679,icy spike sword,same-id-same-name
680,680,icy relic sword,same-id-same-name
681,681,icy mystic blade,same-id-same-name
682,682,icy blacksteel sword,same-id-same-name
683,683,icy dragon slayer,same-id-same-name
684,684,icy barbarian axe,same-id-same-name
685,685,icy knight axe,same-id-same-name
686,686,icy heroic axe,same-id-same-name
687,687,icy headchopper,same-id-same-name
688,688,icy war axe,same-id-same-name
689,689,icy clerical mace,same-id-same-name
690,690,icy crystal mace,same-id-same-name
691,691,icy cranial basher,same-id-same-name
692,692,icy orcish maul,same-id-same-name
693,693,icy war hammer,same-id-same-name
694,694,bed,same-id-same-name
695,695,bed,same-id-same-name
696,696,bed,same-id-same-name
697,697,bed,same-id-same-name
698,698,cot,same-id-same-name
699,699,cot,same-id-same-name
700,700,cot,same-id-same-name
701,701,cot,same-id-same-name
702,702,hammock,same-id-same-name
703,703,hammock,same-id-same-name
704,704,hammock,same-id-same-name
705,705,hammock,same-id-same-name
706,706,bed,same-id-same-name
707,707,bed,same-id-same-name
708,708,bed,same-id-same-name
709,709,bed,same-id-same-name
710,710,bed,same-id-same-name
711,711,bed,same-id-same-name
712,712,bed,same-id-same-name
713,713,bed,same-id-same-name
714,714,bed,same-id-same-name
715,715,bed,same-id-same-name
716,716,bed,same-id-same-name
717,717,bed,same-id-same-name
718,718,bed,same-id-same-name
719,719,bed,same-id-same-name
720,720,bed,same-id-same-name
721,721,bed,same-id-same-name
722,722,bed,same-id-same-name
723,723,bed,same-id-same-name
724,724,bed,same-id-same-name
725,725,bed,same-id-same-name
726,726,bed,same-id-same-name
731,731,bed,same-id-same-name
732,732,bed,same-id-same-name
733,733,bed,same-id-same-name
734,734,bed,same-id-same-name
735,735,bed,same-id-same-name
736,736,bed,same-id-same-name
737,737,bed,same-id-same-name
738,738,bed,same-id-same-name
739,739,bed,same-id-same-name
740,740,bed,same-id-same-name
741,741,bed,same-id-same-name
742,742,bed,same-id-same-name
743,743,bed,same-id-same-name
744,744,bed,same-id-same-name
745,745,bed,same-id-same-name
746,746,obsidian statue,same-id-same-name
747,747,dragon statue,same-id-same-name
748,748,shadowy statue,same-id-same-name
749,749,strange statue,same-id-same-name
750,750,huge telescope,same-id-same-name
751,751,astro clock,same-id-same-name
761,761,flash arrow,same-id-same-name
762,762,shiver arrow,same-id-same-name
763,763,flaming arrow,same-id-same-name
764,764,straw mat,same-id-same-name
765,765,straw mat,same-id-same-name
766,766,straw mat,same-id-same-name
767,767,straw mat,same-id-same-name
768,768,document of the follower,same-id-same-name
769,769,document of the officer,same-id-same-name
770,770,document of the leader,same-id-same-name
771,771,dead cyclops,same-id-same-name
772,772,dead cyclops,same-id-same-name
773,773,dead cyclops,same-id-same-name
774,774,earth arrow,same-id-same-name
775,775,mystic flame,same-id-same-name
779,779,earth spike sword,same-id-same-name
780,780,earth relic sword,same-id-same-name
781,781,earth mystic blade,same-id-same-name
782,782,earth blacksteel sword,same-id-same-name
783,783,earth dragon slayer,same-id-same-name
784,784,earth barbarian axe,same-id-same-name
785,785,earth knight axe,same-id-same-name
786,786,earth heroic axe,same-id-same-name
787,787,earth headchopper,same-id-same-name
788,788,earth war axe,same-id-same-name
789,789,earth clerical mace,same-id-same-name
790,790,earth crystal mace,same-id-same-name
791,791,earth cranial basher,same-id-same-name
792,792,earth orcish maul,same-id-same-name
793,793,earth war hammer,same-id-same-name
794,794,energy spike sword,same-id-same-name
795,795,energy relic sword,same-id-same-name
796,796,energy mystic blade,same-id-same-name
797,797,energy blacksteel sword,same-id-same-name
798,798,energy dragon slayer,same-id-same-name
799,799,snow,same-id-same-name
800,800,ice,same-id-same-name
801,801,energy barbarian axe,same-id-same-name
802,802,energy knight axe,same-id-same-name
803,803,energy heroic axe,same-id-same-name
804,804,energy headchopper,same-id-same-name
805,805,energy war axe,same-id-same-name
806,806,energy clerical mace,same-id-same-name
807,807,energy crystal mace,same-id-same-name
808,808,energy cranial basher,same-id-same-name
809,809,energy orcish maul,same-id-same-name
810,810,energy war hammer,same-id-same-name
811,811,terra mantle,same-id-same-name
812,812,terra legs,same-id-same-name
813,813,terra boots,same-id-same-name
814,814,terra amulet,same-id-same-name
815,815,glacier amulet,same-id-same-name
816,816,lightning pendant,same-id-same-name
817,817,magma amulet,same-id-same-name
818,818,magma boots,same-id-same-name
819,819,glacier shoes,same-id-same-name
820,820,lightning boots,same-id-same-name
821,821,magma legs,same-id-same-name
822,822,lightning legs,same-id-same-name
823,823,glacier kilt,same-id-same-name
824,824,glacier robe,same-id-same-name
825,825,lightning robe,same-id-same-name
826,826,magma coat,same-id-same-name
827,827,magma monocle,same-id-same-name
828,828,lightning headband,same-id-same-name
829,829,glacier mask,same-id-same-name
830,830,terra hood,same-id-same-name
831,831,green bed kit,same-id-same-name
832,832,yellow bed kit,same-id-same-name
833,833,red bed kit,same-id-same-name
834,834,blue bed kit,same-id-same-name
835,835,dead human,same-id-same-name
836,836,walnut,same-id-same-name
841,841,peanut,same-id-same-name
850,850,armillary sphere,same-id-same-name
855,855,stone stairs,same-id-same-name
856,856,stone stairs,same-id-same-name
859,859,stairs,same-id-same-name
860,860,crimson sword,same-id-same-name
861,861,dead troll,same-id-same-name
862,862,dead troll,same-id-same-name
863,863,dead troll,same-id-same-name
864,864,dead troll,same-id-same-name
865,865,dead troll,same-id-same-name
866,866,dead troll,same-id-same-name
867,867,large hole,same-id-same-name
868,868,hole,same-id-same-name
869,869,test-tube holder,same-id-same-name
870,870,cobbled pavement,same-id-same-name
871,871,potion stand,same-id-same-name
872,872,trophy stand,same-id-same-name
873,873,potion stand,same-id-same-name
874,874,large hole,same-id-same-name
875,875,mining helmet,same-id-same-name
876,876,ant trail,same-id-same-name
877,877,cave entrance,same-id-same-name
878,878,wooden floor,same-id-same-name
892,892,package of potions,same-id-same-name
893,893,waterball,same-id-same-name
894,894,jester hat,same-id-same-name
895,895,jester staff,same-id-same-name
896,896,Firlefanz,same-id-same-name
897,897,mysterious package,same-id-same-name
898,898,mysterious package,same-id-same-name
899,899,mysterious package,same-id-same-name
900,900,yellow pillow,same-id-same-name
901,901,marlin,same-id-same-name
902,902,marlin trophy,same-id-same-name
903,903,badger fur,same-id-same-name
904,904,throwing cake,same-id-same-name
905,905,wooden floor,same-id-same-name
906,906,present,same-id-same-name
907,907,shapeshifter ring,same-id-same-name
908,908,shapeshifter ring,same-id-same-name
909,909,dead dragon hatchling,same-id-same-name
910,910,dead dragon hatchling,same-id-same-name
911,911,dead dragon hatchling,same-id-same-name
918,918,earth ground,same-id-same-name
919,919,hallowed axe,same-id-same-name
922,922,RESERVED SPRITE,same-id-same-name
937,937,grass,same-id-same-name
938,938,ship's telescope,same-id-same-name
939,939,bait,same-id-same-name
940,940,natural soil,same-id-same-name
941,941,glimmering soil,same-id-same-name
942,942,flawless ice crystal,same-id-same-name
943,943,holy soil,same-id-same-name
944,944,iced soil,same-id-same-name
945,945,energy soil,same-id-same-name
946,946,eternal flames,same-id-same-name
947,947,mother soil,same-id-same-name
948,948,pure energy,same-id-same-name
949,949,dead sea serpent,same-id-same-name
950,950,dirt,same-id-same-name
951,951,dead sea serpent,same-id-same-name
952,952,dirt,same-id-same-name
953,953,nail,same-id-same-name
954,954,neutral matter,same-id-same-name
955,955,dead sea serpent,same-id-same-name
956,956,dead sea serpent,same-id-same-name
957,957,birch,same-id-same-name
958,958,dead tree,same-id-same-name
967,967,hole,same-id-same-name
1006,1006,jagged stones,same-id-same-name
1012,1012,sparkling gem,same-id-same-name
1019,1019,jungle grass,same-id-same-name
1053,1053,earth,same-id-same-name
1066,1066,mud stain,same-id-same-name
1067,1067,pitfall,same-id-same-name
1068,1068,ant trail,same-id-same-name
1069,1069,bug tral,same-id-same-name
1079,1079,ant-hill,same-id-same-name
1080,1080,pitfall,same-id-same-name
1090,1090,jagged stones,same-id-same-name
1099,1099,RESERVED SPRITE,same-id-same-name
1156,1156,trapdoor,same-id-same-name
1316,1316,sandstone,same-id-same-name
1339,1339,rifty earth,same-id-same-name
1465,1465,stone wall window,same-id-same-name
1471,1471,stone wall window,same-id-same-name
1481,1481,stone wall window,same-id-same-name
1486,1486,stone wall window,same-id-same-name
1538,1538,bamboo wall window,same-id-same-name
1541,1541,bamboo wall window,same-id-same-name
1542,1542,bamboo palisade,same-id-same-name
1557,1557,archway,same-id-same-name
1561,1561,archway,same-id-same-name
1565,1565,archway,same-id-same-name
1566,1566,stone archway,same-id-same-name
1588,1588,grass wall window,same-id-same-name
1591,1591,grass wall window,same-id-same-name
1592,1592,grass wall,same-id-same-name
1628,1628,closed door,same-id-same-name
1629,1629,closed door,same-id-same-name
1630,1630,open door,same-id-same-name
1631,1631,closed door,same-id-same-name
1632,1632,closed door,same-id-same-name
1633,1633,open door,same-id-same-name
1638,1638,closed door,same-id-same-name
1639,1639,open door,same-id-same-name
1640,1640,closed door,same-id-same-name
1641,1641,open door,same-id-same-name
1642,1642,closed door,same-id-same-name
1643,1643,open door,same-id-same-name
1644,1644,closed door,same-id-same-name
1645,1645,open door,same-id-same-name
1646,1646,gate of expertise,same-id-same-name
1647,1647,gate of expertise,same-id-same-name
1648,1648,gate of expertise,same-id-same-name
1649,1649,gate of expertise,same-id-same-name
1650,1650,closed door,same-id-same-name
1651,1651,closed door,same-id-same-name
1652,1652,open door,same-id-same-name
1653,1653,closed door,same-id-same-name
1654,1654,closed door,same-id-same-name
1655,1655,open door,same-id-same-name
1656,1656,closed door,same-id-same-name
1657,1657,open door,same-id-same-name
1658,1658,closed door,same-id-same-name
1659,1659,open door,same-id-same-name
1660,1660,closed door,same-id-same-name
1661,1661,open door,same-id-same-name
1662,1662,closed door,same-id-same-name
1663,1663,open door,same-id-same-name
1664,1664,gate of expertise,same-id-same-name
1665,1665,gate of expertise,same-id-same-name
1666,1666,gate of expertise,same-id-same-name
1667,1667,gate of expertise,same-id-same-name
1668,1668,closed door,same-id-same-name
1669,1669,closed door,same-id-same-name
1670,1670,open door,same-id-same-name
1671,1671,closed door,same-id-same-name
1672,1672,closed door,same-id-same-name
1673,1673,open door,same-id-same-name
1674,1674,closed door,same-id-same-name
1675,1675,open door,same-id-same-name
1676,1676,closed door,same-id-same-name
1677,1677,open door,same-id-same-name
1678,1678,gate of expertise,same-id-same-name
1679,1679,gate of expertise,same-id-same-name
1680,1680,gate of expertise,same-id-same-name
1681,1681,gate of expertise,same-id-same-name
1682,1682,closed door,same-id-same-name
1683,1683,closed door,same-id-same-name
1684,1684,open door,same-id-same-name
1685,1685,closed door,same-id-same-name
1686,1686,open door,same-id-same-name
1687,1687,gate of expertise,same-id-same-name
1688,1688,gate of expertise,same-id-same-name
1689,1689,closed door,same-id-same-name
1690,1690,open door,same-id-same-name
1691,1691,closed door,same-id-same-name
1692,1692,closed door,same-id-same-name
1693,1693,open door,same-id-same-name
1694,1694,closed door,same-id-same-name
1695,1695,open door,same-id-same-name
1696,1696,gate of expertise,same-id-same-name
1697,1697,gate of expertise,same-id-same-name
1698,1698,closed door,same-id-same-name
1699,1699,open door,same-id-same-name
1748,1748,mast,same-id-same-name
1755,1755,small boat,same-id-same-name
1764,1764,small boat,same-id-same-name
1771,1771,drawbridge,same-id-same-name
1780,1780,stone,same-id-same-name
1781,1781,small stone,same-id-same-name
1782,1782,stone,same-id-same-name
1822,1822,stone pile,same-id-same-name
1840,1840,mossy stone,same-id-same-name
1841,1841,blue shrine stone,same-id-same-name
1842,1842,red shrine stone,same-id-same-name
1851,1851,stone,same-id-same-name
1852,1852,stones,same-id-same-name
1853,1853,stone,same-id-same-name
1856,1856,stone,same-id-same-name
1940,1940,small basin,same-id-same-name
1947,1947,stairs,same-id-same-name
1948,1948,ladder,same-id-same-name
1949,1949,magic forcefield,same-id-same-name
1950,1950,ramp,same-id-same-name
1951,1951,ramp,same-id-same-name
1952,1952,ramp,same-id-same-name
1953,1953,ramp,same-id-same-name
1954,1954,ramp,same-id-same-name
1955,1955,ramp,same-id-same-name
1956,1956,ramp,same-id-same-name
1957,1957,ramp,same-id-same-name
1958,1958,wooden stairs,same-id-same-name
1959,1959,mystic flame,same-id-same-name
1960,1960,ramp,same-id-same-name
1961,1961,ramp,same-id-same-name
1962,1962,ramp,same-id-same-name
1963,1963,ramp,same-id-same-name
1964,1964,ramp,same-id-same-name
1965,1965,ramp,same-id-same-name
1966,1966,ramp,same-id-same-name
1967,1967,ramp,same-id-same-name
1968,1968,ladder,same-id-same-name
1969,1969,ramp,same-id-same-name
1970,1970,ramp,same-id-same-name
1971,1971,ramp,same-id-same-name
1972,1972,ramp,same-id-same-name
1973,1973,ramp,same-id-same-name
1974,1974,ramp,same-id-same-name
1975,1975,ramp,same-id-same-name
1976,1976,ramp,same-id-same-name
1977,1977,stone stairs,same-id-same-name
1978,1978,stone stairs,same-id-same-name
1979,1979,sanctified grave,same-id-same-name
1983,1983,stone coffin,same-id-same-name
1984,1984,stone coffin,same-id-same-name
1990,1990,RESERVED SPRITE,same-id-same-name
1991,1991,RESERVED SPRITE,same-id-same-name
1992,1992,sarcophagus,same-id-same-name
1993,1993,sarcophagus,same-id-same-name
1994,1994,sarcophagus,same-id-same-name
1995,1995,sarcophagus,same-id-same-name
2001,2001,unlit campfire,same-id-same-name
2018,2018,dragon flag,same-id-same-name
2019,2019,castle flag,same-id-same-name
2020,2020,flag of Tibia,same-id-same-name
2025,2025,statue,same-id-same-name
2026,2026,statue,same-id-same-name
2027,2027,hero statue,same-id-same-name
2028,2028,monument,same-id-same-name
2029,2029,minotaur statue,same-id-same-name
2030,2030,goblin statue,same-id-same-name
2031,2031,angel statue,same-id-same-name
2032,2032,dwarven statue,same-id-same-name
2033,2033,watchdog statue,same-id-same-name
2034,2034,sandstone statue,same-id-same-name
2043,2043,minotaur statue,same-id-same-name
2044,2044,minotaur statue,same-id-same-name
2045,2045,minotaur statue,same-id-same-name
2046,2046,goblin statue,same-id-same-name
2047,2047,goblin statue,same-id-same-name
2048,2048,goblin statue,same-id-same-name
2049,2049,pedestal,same-id-same-name
2052,2052,pedestal,same-id-same-name
2056,2056,pedestal,same-id-same-name
2057,2057,cobra statue,same-id-same-name
2058,2058,pedestal,same-id-same-name
2059,2059,statue,same-id-same-name
2060,2060,statue,same-id-same-name
2061,2061,statue,same-id-same-name
2074,2074,small pagoda,same-id-same-name
2075,2075,small lit pagoda,same-id-same-name
2076,2076,stone snake wall,same-id-same-name
2077,2077,snake wall,same-id-same-name
2078,2078,stone snake wall,same-id-same-name
2079,2079,snake wall,same-id-same-name
2092,2092,stone snake wall,same-id-same-name
2093,2093,stone snake pagoda,same-id-same-name
2114,2114,empty coal basin,same-id-same-name
2115,2115,stone coal basin,same-id-same-name
2116,2116,bamboo lamp,same-id-same-name
2117,2117,bamboo lamp,same-id-same-name
2118,2118,fire field,same-id-same-name
2119,2119,fire field,same-id-same-name
2120,2120,fire field,same-id-same-name
2121,2121,poison field,same-id-same-name
2122,2122,energy field,same-id-same-name
2123,2123,fire field,same-id-same-name
2124,2124,fire field,same-id-same-name
2125,2125,fire field,same-id-same-name
2126,2126,energy field,same-id-same-name
2127,2127,poison gas,same-id-same-name
2128,2128,magic wall,same-id-same-name
2129,2129,magic wall,same-id-same-name
2130,2130,rush wood,same-id-same-name
2131,2131,fire field,same-id-same-name
2132,2132,fire field,same-id-same-name
2133,2133,fire field,same-id-same-name
2134,2134,poison gas,same-id-same-name
2135,2135,energy field,same-id-same-name
2136,2136,smoke,same-id-same-name
2137,2137,searing fire,same-id-same-name
2138,2138,searing fire,same-id-same-name
2139,2139,RESERVED SPRITE,same-id-same-name
2140,2140,ashes,same-id-same-name
2141,2141,RESERVED SPRITE,same-id-same-name
2142,2142,RESERVED SPRITE,same-id-same-name
2143,2143,RESERVED SPRITE,same-id-same-name
2144,2144,lava,same-id-same-name
2145,2145,slits,same-id-same-name
2146,2146,blades,same-id-same-name
2147,2147,strange holes,same-id-same-name
2148,2148,spikes,same-id-same-name
2149,2149,RESERVED SPRITE,same-id-same-name
2150,2150,RESERVED SPRITE,same-id-same-name
2151,2151,RESERVED SPRITE,same-id-same-name
2152,2152,stone pillar,same-id-same-name
2153,2153,marble pillar,same-id-same-name
2170,2170,framework wall,same-id-same-name
2177,2177,closed fence gate,same-id-same-name
2178,2178,open fence gate,same-id-same-name
2179,2179,closed fence gate,same-id-same-name
2180,2180,open fence gate,same-id-same-name
2186,2186,RESERVED SPRITE,same-id-same-name
2187,2187,nothing special,same-id-same-name
2188,2188,sandstone pillar,same-id-same-name
2189,2189,sandstone statue,same-id-same-name
2190,2190,oriental pillar,same-id-same-name
2191,2191,ramp,same-id-same-name
2192,2192,ramp,same-id-same-name
2193,2193,ramp,same-id-same-name
2194,2194,ramp,same-id-same-name
2195,2195,ramp,same-id-same-name
2196,2196,ramp,same-id-same-name
2197,2197,ramp,same-id-same-name
2198,2198,ramp,same-id-same-name
2199,2199,obelisk,same-id-same-name
2200,2200,broken obelisk,same-id-same-name
2217,2217,RESERVED SPRITE,same-id-same-name
2263,2263,stone pillar,same-id-same-name
2264,2264,broken stone pillar,same-id-same-name
2289,2289,stone pillar,same-id-same-name
2290,2290,broken stone pillar,same-id-same-name
2299,2299,small totem pole,same-id-same-name
2300,2300,large totem pole,same-id-same-name
2301,2301,totem pole,same-id-same-name
2315,2315,square table,same-id-same-name
2316,2316,small round table,same-id-same-name
2319,2319,small table,same-id-same-name
2339,2339,table,same-id-same-name
2346,2346,carved stone table,same-id-same-name
2347,2347,stone table,same-id-same-name
2348,2348,tusk table,same-id-same-name
2349,2349,tusk table,same-id-same-name
2350,2350,bamboo table,same-id-same-name
2351,2351,bamboo table,same-id-same-name
2352,2352,thick trunk,same-id-same-name
2353,2353,ornamented stone table,same-id-same-name
2358,2358,wooden chair,same-id-same-name
2359,2359,wooden chair,same-id-same-name
2360,2360,wooden chair,same-id-same-name
2361,2361,wooden chair,same-id-same-name
2366,2366,sofa chair,same-id-same-name
2367,2367,sofa chair,same-id-same-name
2368,2368,sofa chair,same-id-same-name
2369,2369,sofa chair,same-id-same-name
2374,2374,red cushioned chair,same-id-same-name
2375,2375,red cushioned chair,same-id-same-name
2376,2376,red cushioned chair,same-id-same-name
2377,2377,red cushioned chair,same-id-same-name
2378,2378,green cushioned chair,same-id-same-name
2379,2379,green cushioned chair,same-id-same-name
2380,2380,green cushioned chair,same-id-same-name
2381,2381,green cushioned chair,same-id-same-name
2382,2382,rocking chair,same-id-same-name
2383,2383,rocking chair,same-id-same-name
2384,2384,rocking chair,same-id-same-name
2385,2385,rocking chair,same-id-same-name
2386,2386,small purple pillow,same-id-same-name
2387,2387,small green pillow,same-id-same-name
2388,2388,small red pillow,same-id-same-name
2389,2389,small blue pillow,same-id-same-name
2390,2390,small orange pillow,same-id-same-name
2391,2391,small turquoise pillow,same-id-same-name
2392,2392,small white pillow,same-id-same-name
2393,2393,heart pillow,same-id-same-name
2394,2394,blue pillow,same-id-same-name
2395,2395,red pillow,same-id-same-name
2396,2396,green pillow,same-id-same-name
2397,2397,yellow pillow,same-id-same-name
2398,2398,round blue pillow,same-id-same-name
2399,2399,round red pillow,same-id-same-name
2400,2400,round purple pillow,same-id-same-name
2401,2401,round turquoise pillow,same-id-same-name
2418,2418,tusk chair,same-id-same-name
2419,2419,tusk chair,same-id-same-name
2420,2420,tusk chair,same-id-same-name
2421,2421,tusk chair,same-id-same-name
2422,2422,ivory chair,same-id-same-name
2423,2423,ivory chair,same-id-same-name
2424,2424,ivory chair,same-id-same-name
2425,2425,ivory chair,same-id-same-name
2426,2426,small trunk,same-id-same-name
2431,2431,drawers,same-id-same-name
2432,2432,drawers,same-id-same-name
2433,2433,drawers,same-id-same-name
2434,2434,drawers,same-id-same-name
2441,2441,dresser,same-id-same-name
2442,2442,dresser,same-id-same-name
2443,2443,dresser,same-id-same-name
2444,2444,dresser,same-id-same-name
2445,2445,pendulum clock,same-id-same-name
2446,2446,pendulum clock,same-id-same-name
2447,2447,pendulum clock,same-id-same-name
2448,2448,pendulum clock,same-id-same-name
2449,2449,locker,same-id-same-name
2450,2450,locker,same-id-same-name
2451,2451,locker,same-id-same-name
2452,2452,locker,same-id-same-name
2453,2453,standing mirror,same-id-same-name
2454,2454,standing mirror,same-id-same-name
2465,2465,bamboo drawer,same-id-same-name
2466,2466,bamboo drawer,same-id-same-name
2467,2467,bamboo drawer,same-id-same-name
2468,2468,bamboo drawer,same-id-same-name
2469,2469,box,same-id-same-name
2471,2471,crate,same-id-same-name
2472,2472,chest,same-id-same-name
2473,2473,box,same-id-same-name
2474,2474,wooden coffin,same-id-same-name
2475,2475,wooden coffin,same-id-same-name
2476,2476,wooden coffin,same-id-same-name
2477,2477,wooden coffin,same-id-same-name
2478,2478,treasure chest,same-id-same-name
2479,2479,RESERVED SPRITE,same-id-same-name
2480,2480,chest,same-id-same-name
2481,2481,chest,same-id-same-name
2482,2482,chest,same-id-same-name
2483,2483,large trunk,same-id-same-name
2484,2484,large trunk,same-id-same-name
2485,2485,large trunk,same-id-same-name
2486,2486,large trunk,same-id-same-name
2487,2487,bed,same-id-same-name
2488,2488,bed,same-id-same-name
2489,2489,cot,same-id-same-name
2490,2490,cot,same-id-same-name
2491,2491,cot,same-id-same-name
2492,2492,cot,same-id-same-name
2493,2493,bed,same-id-same-name
2494,2494,bed,same-id-same-name
2495,2495,bed,same-id-same-name
2496,2496,bed,same-id-same-name
2497,2497,bed,same-id-same-name
2498,2498,bed,same-id-same-name
2499,2499,cot,same-id-same-name
2500,2500,cot,same-id-same-name
2501,2501,cot,same-id-same-name
2502,2502,cot,same-id-same-name
2503,2503,hammock,same-id-same-name
2504,2504,hammock,same-id-same-name
2505,2505,hammock,same-id-same-name
2506,2506,hammock,same-id-same-name
2507,2507,hammock,same-id-same-name
2508,2508,hammock,same-id-same-name
2509,2509,hammock,same-id-same-name
2510,2510,hammock,same-id-same-name
2519,2519,barrel,same-id-same-name
2520,2520,beer cask,same-id-same-name
2521,2521,wine cask,same-id-same-name
2522,2522,lemonade cask,same-id-same-name
2523,2523,barrel,same-id-same-name
2524,2524,trough,same-id-same-name
2525,2525,small cask,same-id-same-name
2526,2526,dustbin,same-id-same-name
2595,2595,badger fur,same-id-same-name
2596,2596,painting,same-id-same-name
2597,2597,blackboard,same-id-same-name
2598,2598,blackboard,same-id-same-name
2601,2601,painting,same-id-same-name
2602,2602,blackboard,same-id-same-name
2605,2605,blackboard,same-id-same-name
2606,2606,banner,same-id-same-name
2635,2635,wall mirror,same-id-same-name
2638,2638,wall mirror,same-id-same-name
2644,2644,purple tapestry,same-id-same-name
2647,2647,green tapestry,same-id-same-name
2650,2650,yellow tapestry,same-id-same-name
2653,2653,orange tapestry,same-id-same-name
2656,2656,red tapestry,same-id-same-name
2659,2659,blue tapestry,same-id-same-name
2660,2660,cuckoo clock,same-id-same-name
2661,2661,cuckoo clock,same-id-same-name
2662,2662,cuckoo clock,same-id-same-name
2663,2663,cuckoo clock,same-id-same-name
2664,2664,cuckoo clock,same-id-same-name
2667,2667,white tapestry,same-id-same-name
2668,2668,cuckoo clock,same-id-same-name
2727,2727,earth,same-id-same-name
2731,2731,earth,same-id-same-name
2742,2742,pile of chopped wood,same-id-same-name
2743,2743,block of wood,same-id-same-name
2744,2744,some pieces of wood,same-id-same-name
2771,2771,sundial,same-id-same-name
2775,2775,red cushioned chair kit,same-id-same-name
2776,2776,green cushioned chair kit,same-id-same-name
2777,2777,wooden chair kit,same-id-same-name
2778,2778,rocking chair kit,same-id-same-name
2779,2779,sofa chair kit,same-id-same-name
2780,2780,tusk chair kit,same-id-same-name
2781,2781,ivory chair kit,same-id-same-name
2782,2782,small table kit,same-id-same-name
2783,2783,round table kit,same-id-same-name
2784,2784,square table kit,same-id-same-name
2785,2785,big table kit,same-id-same-name
2786,2786,stone table kit,same-id-same-name
2787,2787,tusk table kit,same-id-same-name
2788,2788,bamboo table kit,same-id-same-name
2789,2789,drawer kit,same-id-same-name
2790,2790,dresser kit,same-id-same-name
2791,2791,locker kit,same-id-same-name
2792,2792,trough kit,same-id-same-name
2793,2793,barrel kit,same-id-same-name
2794,2794,trunk kit,same-id-same-name
2795,2795,bamboo drawer kit,same-id-same-name
2796,2796,birdcage kit,same-id-same-name
2797,2797,globe kit,same-id-same-name
2798,2798,table lamp kit,same-id-same-name
2799,2799,telescope kit,same-id-same-name
2800,2800,rocking horse kit,same-id-same-name
2801,2801,pendulum clock kit,same-id-same-name
2802,2802,knight statue kit,same-id-same-name
2803,2803,minotaur statue kit,same-id-same-name
2804,2804,goblin statue kit,same-id-same-name
2805,2805,large amphora kit,same-id-same-name
2806,2806,coal basin kit,same-id-same-name
2807,2807,piano kit,same-id-same-name
2808,2808,harp kit,same-id-same-name
2809,2809,trunk chair kit,same-id-same-name
2810,2810,trunk table kit,same-id-same-name
2811,2811,indoor plant kit,same-id-same-name
2812,2812,christmas tree package,same-id-same-name
2813,2813,blank paper,same-id-same-name
2814,2814,parchment,same-id-same-name
2815,2815,scroll,same-id-same-name
2816,2816,book,same-id-same-name
2817,2817,blank parchment,same-id-same-name
2818,2818,document,same-id-same-name
2819,2819,parchment,same-id-same-name
2820,2820,sheet of paper,same-id-same-name
2821,2821,book,same-id-same-name
2822,2822,map,same-id-same-name
2823,2823,map,same-id-same-name
2833,2833,parchment,same-id-same-name
2834,2834,document,same-id-same-name
2835,2835,parchment,same-id-same-name
2836,2836,holy Tible,same-id-same-name
2837,2837,book,same-id-same-name
2838,2838,book,same-id-same-name
2839,2839,book,same-id-same-name
2840,2840,book,same-id-same-name
2841,2841,book,same-id-same-name
2842,2842,book,same-id-same-name
2843,2843,book,same-id-same-name
2844,2844,book,same-id-same-name
2845,2845,book,same-id-same-name
2846,2846,book,same-id-same-name
2847,2847,book,same-id-same-name
2848,2848,purple tome,same-id-same-name
2849,2849,green tome,same-id-same-name
2850,2850,blue tome,same-id-same-name
2851,2851,grey tome,same-id-same-name
2852,2852,red tome,same-id-same-name
2853,2853,bag,same-id-same-name
2854,2854,backpack,same-id-same-name
2855,2855,basket,same-id-same-name
2856,2856,present,same-id-same-name
2857,2857,green bag,same-id-same-name
2858,2858,yellow bag,same-id-same-name
2859,2859,red bag,same-id-same-name
2860,2860,purple bag,same-id-same-name
2861,2861,blue bag,same-id-same-name
2862,2862,grey bag,same-id-same-name
2863,2863,golden bag,same-id-same-name
2864,2864,camouflage bag,same-id-same-name
2865,2865,green backpack,same-id-same-name
2866,2866,yellow backpack,same-id-same-name
2867,2867,red backpack,same-id-same-name
2868,2868,purple backpack,same-id-same-name
2869,2869,blue backpack,same-id-same-name
2870,2870,grey backpack,same-id-same-name
2871,2871,golden backpack,same-id-same-name
2872,2872,camouflage backpack,same-id-same-name
2873,2873,bucket,same-id-same-name
2874,2874,vial,same-id-same-name
2875,2875,bottle,same-id-same-name
2876,2876,vase,same-id-same-name
2877,2877,green flask,same-id-same-name
2878,2878,broken flask,same-id-same-name
2879,2879,elven vase,same-id-same-name
2880,2880,mug,same-id-same-name
2881,2881,cup,same-id-same-name
2882,2882,jug,same-id-same-name
2885,2885,brown flask,same-id-same-name
2886,2886,pool,same-id-same-name
2887,2887,pool,same-id-same-name
2888,2888,pool,same-id-same-name
2889,2889,pool,same-id-same-name
2890,2890,pool,same-id-same-name
2891,2891,pool,same-id-same-name
2892,2892,broken bottle,same-id-same-name
2893,2893,amphora,same-id-same-name
2894,2894,broken flask,same-id-same-name
2901,2901,waterskin,same-id-same-name
2902,2902,bowl,same-id-same-name
2903,2903,golden mug,same-id-same-name
2904,2904,large amphora,same-id-same-name
2905,2905,plate,same-id-same-name
2906,2906,watch,same-id-same-name
2907,2907,wall lamp,same-id-same-name
2908,2908,lit wall lamp,same-id-same-name
2909,2909,wall lamp,same-id-same-name
2910,2910,lit wall lamp,same-id-same-name
2911,2911,candelabrum,same-id-same-name
2912,2912,lit candelabrum,same-id-same-name
2913,2913,used candelabrum,same-id-same-name
2914,2914,lamp,same-id-same-name
2915,2915,lit lamp,same-id-same-name
2916,2916,used lamp,same-id-same-name
2917,2917,candlestick,same-id-same-name
2918,2918,lit candlestick,same-id-same-name
2919,2919,used candlestick,same-id-same-name
2920,2920,torch,same-id-same-name
2921,2921,lit torch,same-id-same-name
2922,2922,torch,same-id-same-name
2923,2923,lit torch,same-id-same-name
2924,2924,torch,same-id-same-name
2925,2925,lit torch,same-id-same-name
2926,2926,burnt down torch,same-id-same-name
2927,2927,lit candelabrum,same-id-same-name
2928,2928,torch bearer,same-id-same-name
2929,2929,lit torch bearer,same-id-same-name
2930,2930,torch bearer,same-id-same-name
2931,2931,lit torch bearer,same-id-same-name
2932,2932,oil lamp,same-id-same-name
2933,2933,small oil lamp,same-id-same-name
2934,2934,table lamp,same-id-same-name
2935,2935,lit table lamp,same-id-same-name
2936,2936,wall lamp,same-id-same-name
2937,2937,lit wall lamp,same-id-same-name
2938,2938,wall lamp,same-id-same-name
2939,2939,lit wall lamp,same-id-same-name
2940,2940,torch bearer,same-id-same-name
2941,2941,lit torch bearer,same-id-same-name
2942,2942,torch bearer,same-id-same-name
2943,2943,lit torch bearer,same-id-same-name
2944,2944,wall lamp,same-id-same-name
2945,2945,lit wall lamp,same-id-same-name
2946,2946,wall lamp,same-id-same-name
2947,2947,lit wall lamp,same-id-same-name
2948,2948,wooden flute,same-id-same-name
2949,2949,lyre,same-id-same-name
2950,2950,lute,same-id-same-name
2951,2951,bongo drum,same-id-same-name
2952,2952,drum,same-id-same-name
2953,2953,panpipes,same-id-same-name
2954,2954,simple fanfare,same-id-same-name
2955,2955,fanfare,same-id-same-name
2956,2956,royal fanfare,same-id-same-name
2957,2957,post horn,same-id-same-name
2958,2958,war horn,same-id-same-name
2959,2959,piano,same-id-same-name
2960,2960,piano,same-id-same-name
2961,2961,piano,same-id-same-name
2962,2962,piano,same-id-same-name
2963,2963,harp,same-id-same-name
2964,2964,harp,same-id-same-name
2965,2965,didgeridoo,same-id-same-name
2966,2966,war drum,same-id-same-name
2967,2967,magical key,same-id-same-name
2968,2968,wooden key,same-id-same-name
2969,2969,silver key,same-id-same-name
2970,2970,copper key,same-id-same-name
2971,2971,crystal key,same-id-same-name
2972,2972,golden key,same-id-same-name
2973,2973,bone key,same-id-same-name
2974,2974,water pipe,same-id-same-name
2975,2975,birdcage,same-id-same-name
2976,2976,birdcage,same-id-same-name
2977,2977,pumpkinhead,same-id-same-name
2978,2978,pumpkinhead,same-id-same-name
2979,2979,globe,same-id-same-name
2980,2980,water pipe,same-id-same-name
2981,2981,god flowers,same-id-same-name
2982,2982,indoor plant,same-id-same-name
2983,2983,flower bowl,same-id-same-name
2984,2984,honey flower,same-id-same-name
2985,2985,potted flower,same-id-same-name
2986,2986,christmas tree,same-id-same-name
2987,2987,potted flower,same-id-same-name
2988,2988,exotic flowers,same-id-same-name
2989,2989,wooden doll,same-id-same-name
2990,2990,football,same-id-same-name
2991,2991,doll,same-id-same-name
2992,2992,snowball,same-id-same-name
2993,2993,teddy bear,same-id-same-name
2994,2994,model ship,same-id-same-name
2995,2995,piggy bank,same-id-same-name
2996,2996,broken piggy bank,same-id-same-name
2997,2997,rocking horse,same-id-same-name
2998,2998,rocking horse,same-id-same-name
2999,2999,rocking horse,same-id-same-name
3000,3000,rocking horse,same-id-same-name
3001,3001,bear doll,same-id-same-name
3002,3002,voodoo doll,same-id-same-name
3003,3003,rope,same-id-same-name
3004,3004,wedding ring,same-id-same-name
3005,3005,elven brooch,same-id-same-name
3006,3006,ring of the sky,same-id-same-name
3007,3007,crystal ring,same-id-same-name
3008,3008,crystal necklace,same-id-same-name
3009,3009,bronze necklace,same-id-same-name
3010,3010,emerald bangle,same-id-same-name
3011,3011,crown,same-id-same-name
3012,3012,wolf tooth chain,same-id-same-name
3013,3013,golden amulet,same-id-same-name
3014,3014,star amulet,same-id-same-name
3015,3015,silver necklace,same-id-same-name
3016,3016,ruby necklace,same-id-same-name
3017,3017,silver brooch,same-id-same-name
3018,3018,scarab amulet,same-id-same-name
3019,3019,demonbone amulet,same-id-same-name
3020,3020,some golden fruits,same-id-same-name
3021,3021,sapphire amulet,same-id-same-name
3022,3022,ancient tiara,same-id-same-name
3023,3023,holy scarab,same-id-same-name
3024,3024,holy falcon,same-id-same-name
3025,3025,ancient amulet,same-id-same-name
3026,3026,white pearl,same-id-same-name
3027,3027,black pearl,same-id-same-name
3028,3028,small diamond,same-id-same-name
3029,3029,small sapphire,same-id-same-name
3030,3030,small ruby,same-id-same-name
3031,3031,gold coin,same-id-same-name
3032,3032,small emerald,same-id-same-name
3033,3033,small amethyst,same-id-same-name
3034,3034,talon,same-id-same-name
3035,3035,platinum coin,same-id-same-name
3036,3036,violet gem,same-id-same-name
3037,3037,yellow gem,same-id-same-name
3038,3038,green gem,same-id-same-name
3039,3039,red gem,same-id-same-name
3040,3040,gold nugget,same-id-same-name
3041,3041,blue gem,same-id-same-name
3042,3042,scarab coin,same-id-same-name
3043,3043,crystal coin,same-id-same-name
3044,3044,tusk,same-id-same-name
3045,3045,strange talisman,same-id-same-name
3046,3046,magic light wand,same-id-same-name
3047,3047,magic light wand,same-id-same-name
3048,3048,might ring,same-id-same-name
3049,3049,stealth ring,same-id-same-name
3050,3050,power ring,same-id-same-name
3051,3051,energy ring,same-id-same-name
3052,3052,life ring,same-id-same-name
3053,3053,time ring,same-id-same-name
3054,3054,silver amulet,same-id-same-name
3055,3055,platinum amulet,same-id-same-name
3056,3056,bronze amulet,same-id-same-name
3057,3057,amulet of loss,same-id-same-name
3058,3058,strange symbol,same-id-same-name
3059,3059,spellbook,same-id-same-name
3060,3060,orb,same-id-same-name
3061,3061,life crystal,same-id-same-name
3062,3062,mind stone,same-id-same-name
3063,3063,gold ring,same-id-same-name
3064,3064,orb of nature,same-id-same-name
3065,3065,terra rod,same-id-same-name
3066,3066,snakebite rod,same-id-same-name
3067,3067,hailstorm rod,same-id-same-name
3068,3068,crystal wand,same-id-same-name
3069,3069,necrotic rod,same-id-same-name
3070,3070,moonlight rod,same-id-same-name
3071,3071,wand of inferno,same-id-same-name
3072,3072,wand of decay,same-id-same-name
3073,3073,wand of cosmic energy,same-id-same-name
3074,3074,wand of vortex,same-id-same-name
3075,3075,wand of dragonbreath,same-id-same-name
3076,3076,crystal ball,same-id-same-name
3077,3077,ankh,same-id-same-name
3078,3078,mysterious fetish,same-id-same-name
3079,3079,boots of haste,same-id-same-name
3080,3080,broken amulet,same-id-same-name
3081,3081,stone skin amulet,same-id-same-name
3082,3082,elven amulet,same-id-same-name
3083,3083,garlic necklace,same-id-same-name
3084,3084,protection amulet,same-id-same-name
3085,3085,dragon necklace,same-id-same-name
3086,3086,stealth ring,same-id-same-name
3087,3087,power ring,same-id-same-name
3088,3088,energy ring,same-id-same-name
3089,3089,life ring,same-id-same-name
3090,3090,time ring,same-id-same-name
3091,3091,sword ring,same-id-same-name
3092,3092,axe ring,same-id-same-name
3093,3093,club ring,same-id-same-name
3094,3094,sword ring,same-id-same-name
3095,3095,axe ring,same-id-same-name
3096,3096,club ring,same-id-same-name
3097,3097,dwarven ring,same-id-same-name
3098,3098,ring of healing,same-id-same-name
3099,3099,dwarven ring,same-id-same-name
3100,3100,ring of healing,same-id-same-name
3101,3101,spellbook,same-id-same-name
3102,3102,paw amulet,same-id-same-name
3103,3103,cornucopia,same-id-same-name
3104,3104,banana skin,same-id-same-name
3105,3105,dirty fur,same-id-same-name
3106,3106,old twig,same-id-same-name
3107,3107,some wood,same-id-same-name
3110,3110,piece of iron,same-id-same-name
3111,3111,fishbone,same-id-same-name
3112,3112,rotten meat,same-id-same-name
3113,3113,broken pottery,same-id-same-name
3114,3114,skull,same-id-same-name
3115,3115,bone,same-id-same-name
3116,3116,big bone,same-id-same-name
3117,3117,broken brown glass,same-id-same-name
3118,3118,broken green glass,same-id-same-name
3119,3119,broken sword,same-id-same-name
3120,3120,mouldy cheese,same-id-same-name
3121,3121,torn book,same-id-same-name
3122,3122,dirty cape,same-id-same-name
3123,3123,worn leather boots,same-id-same-name
3124,3124,burnt scroll,same-id-same-name
3125,3125,remains of a fish,same-id-same-name
3126,3126,rubbish,same-id-same-name
3127,3127,rubbish,same-id-same-name
3128,3128,rubbish,same-id-same-name
3129,3129,some leaves,same-id-same-name
3130,3130,twigs,same-id-same-name
3131,3131,burnt down firewood,same-id-same-name
3132,3132,skull,same-id-same-name
3133,3133,human remains,same-id-same-name
3134,3134,ashes,same-id-same-name
3141,3141,stone rubbish,same-id-same-name
3145,3145,trashed wooden bars,same-id-same-name
3146,3146,trashed wooden bars,same-id-same-name
3147,3147,blank rune,same-id-same-name
3148,3148,destroy field rune,same-id-same-name
3149,3149,energy bomb rune,same-id-same-name
3152,3152,intense healing rune,same-id-same-name
3153,3153,cure poison rune,same-id-same-name
3154,3154,spell rune,same-id-same-name
3155,3155,sudden death rune,same-id-same-name
3156,3156,wild growth rune,same-id-same-name
3157,3157,spell rune,same-id-same-name
3158,3158,icicle rune,same-id-same-name
3159,3159,spell rune,same-id-same-name
3160,3160,ultimate healing rune,same-id-same-name
3161,3161,avalanche rune,same-id-same-name
3164,3164,energy field rune,same-id-same-name
3165,3165,paralyse rune,same-id-same-name
3166,3166,energy wall rune,same-id-same-name
3172,3172,poison field rune,same-id-same-name
3173,3173,poison bomb rune,same-id-same-name
3174,3174,light magic missile rune,same-id-same-name
3175,3175,stone shower rune,same-id-same-name
3176,3176,poison wall rune,same-id-same-name
3177,3177,convince creature rune,same-id-same-name
3178,3178,chameleon rune,same-id-same-name
3179,3179,stalagmite rune,same-id-same-name
3180,3180,magic wall rune,same-id-same-name
3181,3181,spell rune,same-id-same-name
3182,3182,holy missile rune,same-id-same-name
3188,3188,fire field rune,same-id-same-name
3189,3189,fireball rune,same-id-same-name
3190,3190,fire wall rune,same-id-same-name
3191,3191,great fireball rune,same-id-same-name
3192,3192,fire bomb rune,same-id-same-name
3195,3195,soulfire rune,same-id-same-name
3196,3196,spell rune,same-id-same-name
3197,3197,disintegrate rune,same-id-same-name
3198,3198,heavy magic missile rune,same-id-same-name
3199,3199,spell rune,same-id-same-name
3200,3200,explosion rune,same-id-same-name
3201,3201,spell rune,same-id-same-name
3202,3202,thunderstorm rune,same-id-same-name
3203,3203,animate dead rune,same-id-same-name
3204,54267,your own dead body,new-free-id
3205,3205,family brooch,same-id-same-name
3206,3206,dragonfetish,same-id-same-name
3207,3207,skull of Ratha,same-id-same-name
3208,3208,giant smithhammer,same-id-same-name
3209,3209,voodoo doll,same-id-same-name
3210,3210,hat of the mad,same-id-same-name
3211,3211,witchesbroom,same-id-same-name
3212,3212,monk's diary,same-id-same-name
3213,3213,annihilation bear,same-id-same-name
3214,3214,blessed ankh,same-id-same-name
3215,3215,phoenix egg,same-id-same-name
3216,3216,bill,same-id-same-name
3217,3217,letterbag,same-id-same-name
3218,3218,present,same-id-same-name
3219,3219,Waldo's post horn,same-id-same-name
3220,3220,letter to Markwin,same-id-same-name
3221,3221,Santas Mailbox,same-id-same-name
3222,3222,helmet ornament,same-id-same-name
3223,3223,gem holder,same-id-same-name
3224,3224,right horn,same-id-same-name
3225,3225,left horn,same-id-same-name
3226,3226,damaged helmet,same-id-same-name
3227,3227,helmet piece,same-id-same-name
3228,3228,helmet adornment,same-id-same-name
3229,3229,helmet of the ancients,same-id-same-name
3230,3230,full helmet of the ancients,same-id-same-name
3231,3231,gemmed lamp,same-id-same-name
3232,3232,spyreport,same-id-same-name
3233,3233,tear of daraman,same-id-same-name
3234,3234,cookbook,same-id-same-name
3235,3235,ancient rune,same-id-same-name
3236,3236,blue note,same-id-same-name
3237,3237,sword hilt,same-id-same-name
3238,3238,cobrafang dagger,same-id-same-name
3239,3239,crystal arrow,same-id-same-name
3240,3240,burning heart,same-id-same-name
3241,3241,ornamented ankh,same-id-same-name
3242,3242,stuffed bunny,same-id-same-name
3243,3243,gemmed lamp,same-id-same-name
3244,3244,old and used backpack,same-id-same-name
3245,3245,ring of wishes,same-id-same-name
3246,3246,boots of waterwalking,same-id-same-name
3247,3247,djinn's lamp,same-id-same-name
3248,3248,portable hole,same-id-same-name
3249,3249,frozen starlight,same-id-same-name
3250,3250,carrot of doom,same-id-same-name
3251,3251,blood orb,same-id-same-name
3252,3252,the horn of sundering,same-id-same-name
3253,3253,backpack of holding,same-id-same-name
3254,3254,roc feather,same-id-same-name
3255,3255,drum,same-id-same-name
3256,3256,simple fanfare,same-id-same-name
3257,3257,cornucopia,same-id-same-name
3258,3258,lute,same-id-same-name
3259,3259,horn of sundering,same-id-same-name
3260,3260,lyre,same-id-same-name
3261,3261,panpipe,same-id-same-name
3262,3262,wooden flute,same-id-same-name
3263,3263,gemmed lamp,same-id-same-name
3264,3264,sword,same-id-same-name
3265,3265,two handed sword,same-id-same-name
3266,3266,battle axe,same-id-same-name
3267,3267,dagger,same-id-same-name
3268,3268,hand axe,same-id-same-name
3269,3269,halberd,same-id-same-name
3270,3270,club,same-id-same-name
3271,3271,spike sword,same-id-same-name
3272,3272,rapier,same-id-same-name
3273,3273,sabre,same-id-same-name
3274,3274,axe,same-id-same-name
3275,3275,double axe,same-id-same-name
3276,3276,hatchet,same-id-same-name
3277,3277,spear,same-id-same-name
3278,3278,magic longsword,same-id-same-name
3279,3279,war hammer,same-id-same-name
3280,3280,fire sword,same-id-same-name
3281,3281,giant sword,same-id-same-name
3282,3282,morning star,same-id-same-name
3283,3283,carlin sword,same-id-same-name
3284,3284,ice rapier,same-id-same-name
3285,3285,longsword,same-id-same-name
3286,3286,mace,same-id-same-name
3287,3287,throwing star,same-id-same-name
3288,3288,magic sword,same-id-same-name
3289,3289,staff,same-id-same-name
3290,3290,silver dagger,same-id-same-name
3291,3291,knife,same-id-same-name
3292,3292,combat knife,same-id-same-name
3293,3293,sickle,same-id-same-name
3294,3294,short sword,same-id-same-name
3295,3295,bright sword,same-id-same-name
3296,3296,warlord sword,same-id-same-name
3297,3297,serpent sword,same-id-same-name
3298,3298,throwing knife,same-id-same-name
3299,3299,poison dagger,same-id-same-name
3300,3300,katana,same-id-same-name
3301,3301,broadsword,same-id-same-name
3302,3302,dragon lance,same-id-same-name
3303,3303,great axe,same-id-same-name
3304,3304,crowbar,same-id-same-name
3305,3305,battle hammer,same-id-same-name
3306,3306,golden sickle,same-id-same-name
3307,3307,scimitar,same-id-same-name
3308,3308,machete,same-id-same-name
3309,3309,thunder hammer,same-id-same-name
3310,3310,iron hammer,same-id-same-name
3311,3311,clerical mace,same-id-same-name
3312,3312,silver mace,same-id-same-name
3313,3313,obsidian lance,same-id-same-name
3314,3314,naginata,same-id-same-name
3315,3315,guardian halberd,same-id-same-name
3316,3316,orcish axe,same-id-same-name
3317,3317,barbarian axe,same-id-same-name
3318,3318,knight axe,same-id-same-name
3319,3319,stonecutter axe,same-id-same-name
3320,3320,fire axe,same-id-same-name
3321,3321,enchanted staff,same-id-same-name
3322,3322,dragon hammer,same-id-same-name
3323,3323,dwarven axe,same-id-same-name
3324,3324,skull staff,same-id-same-name
3325,3325,light mace,same-id-same-name
3326,3326,epee,same-id-same-name
3327,3327,daramian mace,same-id-same-name
3328,3328,daramian waraxe,same-id-same-name
3329,3329,daramian axe,same-id-same-name
3330,3330,heavy machete,same-id-same-name
3331,3331,ravager's axe,same-id-same-name
3332,3332,hammer of wrath,same-id-same-name
3333,3333,crystal mace,same-id-same-name
3334,3334,pharaoh sword,same-id-same-name
3335,3335,twin axe,same-id-same-name
3336,3336,studded club,same-id-same-name
3337,3337,bone club,same-id-same-name
3338,3338,bone sword,same-id-same-name
3339,3339,djinn blade,same-id-same-name
3340,3340,heavy mace,same-id-same-name
3341,3341,arcane staff,same-id-same-name
3342,3342,war axe,same-id-same-name
3343,3343,lich staff,same-id-same-name
3344,3344,beastslayer axe,same-id-same-name
3345,3345,templar scytheblade,same-id-same-name
3346,3346,ripper lance,same-id-same-name
3347,3347,hunting spear,same-id-same-name
3348,3348,banana staff,same-id-same-name
3349,3349,crossbow,same-id-same-name
3350,3350,bow,same-id-same-name
3351,3351,steel helmet,same-id-same-name
3352,3352,chain helmet,same-id-same-name
3353,3353,iron helmet,same-id-same-name
3354,3354,brass helmet,same-id-same-name
3355,3355,leather helmet,same-id-same-name
3356,3356,devil helmet,same-id-same-name
3357,3357,plate armor,same-id-same-name
3358,3358,chain armor,same-id-same-name
3359,3359,brass armor,same-id-same-name
3360,3360,golden armor,same-id-same-name
3361,3361,leather armor,same-id-same-name
3362,3362,studded legs,same-id-same-name
3363,3363,dragon scale legs,same-id-same-name
3364,3364,golden legs,same-id-same-name
3365,3365,golden helmet,same-id-same-name
3366,3366,magic plate armor,same-id-same-name
3367,3367,viking helmet,same-id-same-name
3368,3368,winged helmet,same-id-same-name
3369,3369,warrior helmet,same-id-same-name
3370,3370,knight armor,same-id-same-name
3371,3371,knight legs,same-id-same-name
3372,3372,brass legs,same-id-same-name
3373,3373,strange helmet,same-id-same-name
3374,3374,legion helmet,same-id-same-name
3375,3375,soldier helmet,same-id-same-name
3376,3376,studded helmet,same-id-same-name
3377,3377,scale armor,same-id-same-name
3378,3378,studded armor,same-id-same-name
3379,3379,doublet,same-id-same-name
3380,3380,noble armor,same-id-same-name
3381,3381,crown armor,same-id-same-name
3382,3382,crown legs,same-id-same-name
3383,3383,dark armor,same-id-same-name
3384,3384,dark helmet,same-id-same-name
3385,3385,crown helmet,same-id-same-name
3386,3386,dragon scale mail,same-id-same-name
3387,3387,demon helmet,same-id-same-name
3388,3388,demon armor,same-id-same-name
3389,3389,demon legs,same-id-same-name
3390,3390,horned helmet,same-id-same-name
3391,3391,crusader helmet,same-id-same-name
3392,3392,royal helmet,same-id-same-name
3393,3393,amazon helmet,same-id-same-name
3394,3394,amazon armor,same-id-same-name
3395,3395,ceremonial mask,same-id-same-name
3396,3396,dwarven helmet,same-id-same-name
3397,3397,dwarven armor,same-id-same-name
3398,3398,dwarven legs,same-id-same-name
3399,3399,elven mail,same-id-same-name
3400,3400,dragon scale helmet,same-id-same-name
3401,3401,elven legs,same-id-same-name
3402,3402,native armor,same-id-same-name
3403,3403,tribal mask,same-id-same-name
3404,3404,leopard armor,same-id-same-name
3405,3405,horseman helmet,same-id-same-name
3406,3406,feather headdress,same-id-same-name
3407,3407,charmer's tiara,same-id-same-name
3408,3408,bonelord helmet,same-id-same-name
3409,3409,steel shield,same-id-same-name
3410,3410,plate shield,same-id-same-name
3411,3411,brass shield,same-id-same-name
3412,3412,wooden shield,same-id-same-name
3413,3413,battle shield,same-id-same-name
3414,3414,mastermind shield,same-id-same-name
3415,3415,guardian shield,same-id-same-name
3416,3416,dragon shield,same-id-same-name
3417,3417,shield of honour,same-id-same-name
3418,3418,bonelord shield,same-id-same-name
3419,3419,crown shield,same-id-same-name
3420,3420,demon shield,same-id-same-name
3421,3421,dark shield,same-id-same-name
3422,3422,great shield,same-id-same-name
3423,3423,blessed shield,same-id-same-name
3424,3424,ornamented shield,same-id-same-name
3425,3425,dwarven shield,same-id-same-name
3426,3426,studded shield,same-id-same-name
3427,3427,rose shield,same-id-same-name
3428,3428,tower shield,same-id-same-name
3429,3429,black shield,same-id-same-name
3430,3430,copper shield,same-id-same-name
3431,3431,viking shield,same-id-same-name
3432,3432,ancient shield,same-id-same-name
3433,3433,griffin shield,same-id-same-name
3434,3434,vampire shield,same-id-same-name
3435,3435,castle shield,same-id-same-name
3436,3436,medusa shield,same-id-same-name
3437,3437,amazon shield,same-id-same-name
3438,3438,eagle shield,same-id-same-name
3439,3439,phoenix shield,same-id-same-name
3440,3440,scarab shield,same-id-same-name
3441,3441,bone shield,same-id-same-name
3442,3442,tempest shield,same-id-same-name
3443,3443,tusk shield,same-id-same-name
3444,3444,sentinel shield,same-id-same-name
3445,3445,salamander shield,same-id-same-name
3446,3446,bolt,same-id-same-name
3447,3447,arrow,same-id-same-name
3448,3448,poison arrow,same-id-same-name
3449,3449,burst arrow,same-id-same-name
3450,3450,power bolt,same-id-same-name
3451,3451,pitchfork,same-id-same-name
3452,3452,rake,same-id-same-name
3453,3453,scythe,same-id-same-name
3454,3454,broom,same-id-same-name
3455,3455,hoe,same-id-same-name
3456,3456,pick,same-id-same-name
3457,3457,shovel,same-id-same-name
3458,3458,anvil,same-id-same-name
3459,3459,wooden hammer,same-id-same-name
3460,3460,hammer,same-id-same-name
3461,3461,saw,same-id-same-name
3462,3462,small axe,same-id-same-name
3463,3463,mirror,same-id-same-name
3464,3464,baking tray,same-id-same-name
3465,3465,pot,same-id-same-name
3466,3466,pan,same-id-same-name
3467,3467,fork,same-id-same-name
3468,3468,spoon,same-id-same-name
3469,3469,kitchen knife,same-id-same-name
3470,3470,wooden spoon,same-id-same-name
3471,3471,cleaver,same-id-same-name
3472,3472,oven spatula,same-id-same-name
3473,3473,rolling pin,same-id-same-name
3481,3481,closed trap,same-id-same-name
3482,3482,trap,same-id-same-name
3483,3483,fishing rod,same-id-same-name
3484,3484,telescope,same-id-same-name
3485,3485,telescope,same-id-same-name
3486,3486,telescope,same-id-same-name
3487,3487,telescope,same-id-same-name
3488,3488,ship's telescope,same-id-same-name
3489,3489,ship's telescope,same-id-same-name
3490,3490,ship's telescope,same-id-same-name
3491,3491,ship's telescope,same-id-same-name
3492,3492,worm,same-id-same-name
3501,3501,mailbox,same-id-same-name
3502,3502,depot chest,same-id-same-name
3503,3503,parcel,same-id-same-name
3504,3504,stamped parcel,same-id-same-name
3505,3505,letter,same-id-same-name
3506,3506,stamped letter,same-id-same-name
3507,3507,label,same-id-same-name
3508,3508,mailbox,same-id-same-name
3509,3509,inkwell,same-id-same-name
3514,3514,empty coal basin,same-id-same-name
3533,3533,black token,same-id-same-name
3534,3534,white token,same-id-same-name
3535,3535,white pawn,same-id-same-name
3536,3536,white castle,same-id-same-name
3537,3537,white knight,same-id-same-name
3538,3538,white bishop,same-id-same-name
3539,3539,the white queen,same-id-same-name
3540,3540,the white king,same-id-same-name
3541,3541,black pawn,same-id-same-name
3542,3542,black castle,same-id-same-name
3543,3543,black knight,same-id-same-name
3544,3544,black bishop,same-id-same-name
3545,3545,the black queen,same-id-same-name
3546,3546,the black king,same-id-same-name
3549,3549,pair of soft boots,same-id-same-name
3550,3550,patched boots,same-id-same-name
3551,3551,sandals,same-id-same-name
3552,3552,leather boots,same-id-same-name
3553,3553,bunnyslippers,same-id-same-name
3554,3554,steel boots,same-id-same-name
3555,3555,golden boots,same-id-same-name
3556,3556,crocodile boots,same-id-same-name
3557,3557,plate legs,same-id-same-name
3558,3558,chain legs,same-id-same-name
3559,3559,leather legs,same-id-same-name
3560,3560,bast skirt,same-id-same-name
3561,3561,jacket,same-id-same-name
3562,3562,coat,same-id-same-name
3563,3563,green tunic,same-id-same-name
3564,3564,red tunic,same-id-same-name
3565,3565,cape,same-id-same-name
3566,3566,red robe,same-id-same-name
3567,3567,blue robe,same-id-same-name
3568,3568,simple dress,same-id-same-name
3569,3569,white dress,same-id-same-name
3570,3570,ball gown,same-id-same-name
3571,3571,ranger's cloak,same-id-same-name
3572,3572,scarf,same-id-same-name
3573,3573,magician hat,same-id-same-name
3574,3574,mystic turban,same-id-same-name
3575,3575,wood cape,same-id-same-name
3576,3576,post officer's hat,same-id-same-name
3577,3577,meat,same-id-same-name
3578,3578,fish,same-id-same-name
3579,3579,salmon,same-id-same-name
3580,3580,northern pike,same-id-same-name
3581,3581,shrimp,same-id-same-name
3582,3582,ham,same-id-same-name
3583,3583,dragon ham,same-id-same-name
3584,3584,pear,same-id-same-name
3585,3585,red apple,same-id-same-name
3586,3586,orange,same-id-same-name
3587,3587,banana,same-id-same-name
3588,3588,blueberry,same-id-same-name
3589,3589,coconut,same-id-same-name
3590,3590,cherry,same-id-same-name
3591,3591,strawberry,same-id-same-name
3592,3592,grapes,same-id-same-name
3593,3593,melon,same-id-same-name
3594,3594,pumpkin,same-id-same-name
3595,3595,carrot,same-id-same-name
3596,3596,tomato,same-id-same-name
3597,3597,corncob,same-id-same-name
3598,3598,cookie,same-id-same-name
3599,3599,candy cane,same-id-same-name
3600,3600,bread,same-id-same-name
3601,3601,roll,same-id-same-name
3602,3602,brown bread,same-id-same-name
3603,3603,flour,same-id-same-name
3604,3604,lump of dough,same-id-same-name
3605,3605,bunch of wheat,same-id-same-name
3606,3606,egg,same-id-same-name
3607,3607,cheese,same-id-same-name
3608,3608,snowy dead tree,same-id-same-name
3609,3609,snowy fir tree,same-id-same-name
3613,3613,magic tree,same-id-same-name
3614,3614,fir tree,same-id-same-name
3615,3615,sycamore,same-id-same-name
3616,3616,willow,same-id-same-name
3617,3617,plum tree,same-id-same-name
3618,3618,red maple,same-id-same-name
3619,3619,pear tree,same-id-same-name
3620,3620,yellow maple,same-id-same-name
3621,3621,beech,same-id-same-name
3622,3622,poplar,same-id-same-name
3625,3625,dwarf tree,same-id-same-name
3626,3626,pine,same-id-same-name
3635,3635,old rush wood,same-id-same-name
3636,3636,old tree,same-id-same-name
3639,3639,palm,same-id-same-name
3640,3640,coconut palm,same-id-same-name
3647,3647,sun adorer cactus,same-id-same-name
3651,3651,wheat,same-id-same-name
3652,3652,wheat,same-id-same-name
3653,3653,wheat,same-id-same-name
3654,3654,moon flowers,same-id-same-name
3655,3655,moon flower,same-id-same-name
3656,3656,white flower,same-id-same-name
3657,3657,heaven blossom,same-id-same-name
3658,3658,red rose,same-id-same-name
3659,3659,blue rose,same-id-same-name
3660,3660,yellow rose,same-id-same-name
3661,3661,grave flower,same-id-same-name
3662,3662,love flower,same-id-same-name
3666,3666,some sunflowers,same-id-same-name
3667,3667,sunflower,same-id-same-name
3668,3668,tulip,same-id-same-name
3673,3673,orange star,same-id-same-name
3674,3674,goat grass,same-id-same-name
3675,3675,orchid,same-id-same-name
3681,3681,bush,same-id-same-name
3682,3682,small fir tree,same-id-same-name
3683,3683,shadow plant,same-id-same-name
3684,3684,branch,same-id-same-name
3685,3685,mire sprout,same-id-same-name
3686,3686,moon herb,same-id-same-name
3687,3687,mud whip,same-id-same-name
3688,3688,swamp reed,same-id-same-name
3689,3689,swamp lilly,same-id-same-name
3690,3690,dusk catcher,same-id-same-name
3691,3691,bog fingers plant,same-id-same-name
3692,3692,lady in the fog plant,same-id-same-name
3693,3693,frog leaf,same-id-same-name
3694,3694,sludge fern,same-id-same-name
3695,3695,jungle grass,same-id-same-name
3696,3696,jungle grass,same-id-same-name
3697,3697,agave,same-id-same-name
3698,3698,dry bush,same-id-same-name
3699,3699,blueberry bush,same-id-same-name
3700,3700,blueberry bush,same-id-same-name
3701,3701,jungle grass,same-id-same-name
3702,3702,jungle grass,same-id-same-name
3723,3723,white mushroom,same-id-same-name
3724,3724,red mushroom,same-id-same-name
3725,3725,brown mushroom,same-id-same-name
3726,3726,orange mushroom,same-id-same-name
3727,3727,wood mushroom,same-id-same-name
3728,3728,dark mushroom,same-id-same-name
3731,3731,fire mushroom,same-id-same-name
3732,3732,green mushroom,same-id-same-name
3733,3733,stone,same-id-same-name
3734,3734,blood herb,same-id-same-name
3735,3735,stone herb,same-id-same-name
3736,3736,star herb,same-id-same-name
3737,3737,fern,same-id-same-name
3738,3738,sling herb,same-id-same-name
3739,3739,powder herb,same-id-same-name
3740,3740,shadow herb,same-id-same-name
3741,3741,troll green,same-id-same-name
3742,3742,orange tree,same-id-same-name
3743,3743,thread tree,same-id-same-name
3744,3744,jungle dweller bush,same-id-same-name
3745,3745,tower fern,same-id-same-name
3746,3746,snake nest bush,same-id-same-name
3747,3747,green wig bush,same-id-same-name
3748,3748,lizards tongue bush,same-id-same-name
3749,3749,jungle crown plant,same-id-same-name
3750,3750,green fountain bush,same-id-same-name
3751,3751,big fern,same-id-same-name
3752,3752,dragons nest tree,same-id-same-name
3753,3753,purple kiss bush,same-id-same-name
3754,3754,small fern,same-id-same-name
3870,3870,chill nettle,same-id-same-name
3871,3871,monkey tail,same-id-same-name
3872,3872,fairy queen,same-id-same-name
3873,3873,crane plant,same-id-same-name
3874,3874,jungle bells,same-id-same-name
3875,3875,dawn singer,same-id-same-name
3876,3876,turtle sprouter,same-id-same-name
3877,3877,bees ballroom,same-id-same-name
3878,3878,giant jungle rose,same-id-same-name
3879,3879,jungle rose,same-id-same-name
3884,3884,purple cardinal,same-id-same-name
3885,3885,witches cauldron plant,same-id-same-name
3891,3891,sneeze blossom,same-id-same-name
3899,3899,devil's tongue plant,same-id-same-name
3900,3900,small pearl flower,same-id-same-name
3907,3907,dead man's saddles,same-id-same-name
3913,3913,slime table mushrooms,same-id-same-name
3914,3914,giggle mushroom,same-id-same-name
3915,3915,giggle mushrooms,same-id-same-name
3916,3916,cat's food mushroom,same-id-same-name
3917,3917,cat's food mushrooms,same-id-same-name
3918,3918,glimmer cap mushroom,same-id-same-name
3919,3919,glimmer cap mushrooms,same-id-same-name
3920,3920,giant glimmer cap mushroom,same-id-same-name
3921,3921,large pearl flower,same-id-same-name
3987,3987,dead troll,same-id-same-name
3988,3988,dead spider,same-id-same-name
3989,3989,dead cyclops,same-id-same-name
3990,3990,slain skeleton,same-id-same-name
3991,3991,dead troll,same-id-same-name
3992,3992,dead troll,same-id-same-name
3993,3993,earth,same-id-same-name
3994,3994,dead rat,same-id-same-name
3995,3995,dead rat,same-id-same-name
3996,3996,dead rat,same-id-same-name
3997,3997,Tibiora's box,same-id-same-name
3998,3998,dead snake,same-id-same-name
3999,3999,dead snake,same-id-same-name
4000,4000,dead snake,same-id-same-name
4001,4001,dead orc,same-id-same-name
4002,4002,dead orc,same-id-same-name
4003,4003,dead spider,same-id-same-name
4004,4004,dead spider,same-id-same-name
4005,4005,dead rotworm,same-id-same-name
4006,4006,dead rotworm,same-id-same-name
4007,4007,dead wolf,same-id-same-name
4008,4008,dead wolf,same-id-same-name
4009,4009,dead wolf,same-id-same-name
4010,4010,Tibiora's box,same-id-same-name
4011,4011,dead minotaur,same-id-same-name
4012,4012,dead minotaur,same-id-same-name
4013,4013,dead minotaur,same-id-same-name
4016,4016,dead deer,same-id-same-name
4017,4017,dead deer,same-id-same-name
4018,4018,dead deer,same-id-same-name
4020,4020,dead dog,same-id-same-name
4021,4021,dead dog,same-id-same-name
4022,4022,dead dog,same-id-same-name
4023,4023,unknown corpse,same-id-same-name
4024,4024,slain skeleton,same-id-same-name
4025,4025,dead dragon,same-id-same-name
4026,4026,dead dragon,same-id-same-name
4027,4027,dead dragon,same-id-same-name
4029,4029,dead spider,same-id-same-name
4030,4030,dead bear,same-id-same-name
4031,4031,dead bear,same-id-same-name
4032,4032,dead bear,same-id-same-name
4033,4033,draken boots,same-id-same-name
4034,4034,slain ghoul,same-id-same-name
4035,4035,slain ghoul,same-id-same-name
4036,4036,slain ghoul,same-id-same-name
4037,4037,unknown item,same-id-same-name
4038,4038,dead giant spider,same-id-same-name
4039,4039,dead giant spider,same-id-same-name
4040,4040,dead giant spider,same-id-same-name
4041,4041,dead orc,same-id-same-name
4042,4042,dead orc,same-id-same-name
4043,4043,dead orc,same-id-same-name
4044,4044,dead orc,same-id-same-name
4045,4045,dead orc,same-id-same-name
4046,4046,dead orc,same-id-same-name
4047,4047,dead minotaur,same-id-same-name
4048,4048,dead minotaur,same-id-same-name
4049,4049,magical measurement device,same-id-same-name
4050,4050,spirit cage,same-id-same-name
4051,4051,telescope,same-id-same-name
4052,4052,dead minotaur,same-id-same-name
4053,4053,dead minotaur,same-id-same-name
4054,4054,red chair,same-id-same-name
4055,4055,large amphora,same-id-same-name
4056,4056,globe,same-id-same-name
4057,4057,dead minotaur,same-id-same-name
4058,4058,dead minotaur,same-id-same-name
4059,4059,wooden horse,same-id-same-name
4060,4060,statue,same-id-same-name
4061,4061,stone of wisdom,same-id-same-name
4062,4062,dead dragon,same-id-same-name
4063,4063,dead dragon,same-id-same-name
4064,4064,dead dragon,same-id-same-name
4065,4065,statue of Devovorga,same-id-same-name
4066,4066,dead spider,same-id-same-name
4067,4067,dead fire devil,same-id-same-name
4068,4068,dead fire devil,same-id-same-name
4069,4069,dead fire devil,same-id-same-name
4070,4070,dead lion,same-id-same-name
4071,4071,dead lion,same-id-same-name
4072,4072,dead lion,same-id-same-name
4073,4073,treasure chest,same-id-same-name
4074,4074,dead bear,same-id-same-name
4075,4075,dead bear,same-id-same-name
4076,4076,dead bear,same-id-same-name
4077,4077,treasure chest,same-id-same-name
4078,4078,dead scorpion,same-id-same-name
4079,4079,dead scorpion,same-id-same-name
4080,4080,dead wasp,same-id-same-name
4081,4081,dead wasp,same-id-same-name
4082,4082,dead wasp,same-id-same-name
4083,4083,dead bug,same-id-same-name
4084,4084,dead bug,same-id-same-name
4085,4085,dead bug,same-id-same-name
4086,4086,dead sheep,same-id-same-name
4087,4087,dead sheep,same-id-same-name
4088,4088,dead sheep,same-id-same-name
4089,4089,dead bonelord,same-id-same-name
4090,4090,dead bonelord,same-id-same-name
4091,4091,dead bonelord,same-id-same-name
4094,4094,remains of a ghost,same-id-same-name
4095,4095,dead sheep,same-id-same-name
4096,4096,dead sheep,same-id-same-name
4097,4097,slain demon,same-id-same-name
4098,4098,slain demon,same-id-same-name
4099,4099,slain demon,same-id-same-name
4100,4100,gamemaster doll,same-id-same-name
4101,4101,dead orc,same-id-same-name
4102,4102,dead orc,same-id-same-name
4103,4103,slain skeleton,same-id-same-name
4104,4104,slain skeleton,same-id-same-name
4105,4105,dead wolf,same-id-same-name
4106,4106,dead wolf,same-id-same-name
4107,4107,dead wolf,same-id-same-name
4108,4108,dead wolf,same-id-same-name
4109,4109,dead troll,same-id-same-name
4110,4110,dead troll,same-id-same-name
4111,4111,dead troll,same-id-same-name
4112,4112,dead behemoth,same-id-same-name
4113,4113,dead behemoth,same-id-same-name
4114,4114,dead behemoth,same-id-same-name
4115,4115,phoenix statue,same-id-same-name
4116,4116,dead pig,same-id-same-name
4117,4117,dead pig,same-id-same-name
4118,4118,dead pig,same-id-same-name
4119,4119,dead orc,same-id-same-name
4120,4120,dead orc,same-id-same-name
4121,4121,dead goblin,same-id-same-name
4122,4122,dead goblin,same-id-same-name
4123,4123,dead goblin,same-id-same-name
4124,4124,phoenix statue,same-id-same-name
4125,4125,dead spider,same-id-same-name
4126,4126,dead elf,same-id-same-name
4127,4127,dead elf,same-id-same-name
4128,4128,dead elf,same-id-same-name
4129,4129,dead elf,same-id-same-name
4130,4130,remains of a mummy,same-id-same-name
4131,4131,remains of a mummy,same-id-same-name
4132,4132,remains of a mummy,same-id-same-name
4133,4133,split stone golem,same-id-same-name
4134,4134,split stone golem,same-id-same-name
4135,4135,split stone golem,same-id-same-name
4136,4136,split stone golem,same-id-same-name
4137,4137,slain vampire,same-id-same-name
4138,4138,slain vampire,same-id-same-name
4139,4139,slain vampire,same-id-same-name
4140,4140,timber wall,same-id-same-name
4141,4141,dead dwarf,same-id-same-name
4142,4142,dead dwarf,same-id-same-name
4143,4143,dead dwarf,same-id-same-name
4144,4144,timber wall,same-id-same-name
4145,4145,dead rotworm,same-id-same-name
4146,4146,dead scorpion,same-id-same-name
4147,4147,dead orc,same-id-same-name
4148,4148,dead orc,same-id-same-name
4149,4149,dead orc,same-id-same-name
4150,4150,dead wolf,same-id-same-name
4151,4151,dead wolf,same-id-same-name
4152,4152,dead wolf,same-id-same-name
4153,4153,dead orc,same-id-same-name
4154,4154,dead orc,same-id-same-name
4155,4155,dead orc,same-id-same-name
4156,4156,slain skeleton,same-id-same-name
4157,4157,slain skeleton,same-id-same-name
4158,4158,remains of a ghost,same-id-same-name
4159,4159,remains of a ghost,same-id-same-name
4160,4160,dead elf,same-id-same-name
4161,4161,dead elf,same-id-same-name
4162,4162,dead elf,same-id-same-name
4163,4163,dead elf,same-id-same-name
4164,4164,dead dwarf,same-id-same-name
4165,4165,dead dwarf,same-id-same-name
4166,4166,dead dwarf,same-id-same-name
4167,4167,dead dwarf,same-id-same-name
4168,4168,dead dwarf,same-id-same-name
4169,4169,dead dwarf,same-id-same-name
4170,4170,dead djinn,same-id-same-name
4171,4171,dead djinn,same-id-same-name
4172,4172,dead djinn,same-id-same-name
4173,4173,dead rabbit,same-id-same-name
4174,4174,dead rabbit,same-id-same-name
4175,4175,dead rabbit,same-id-same-name
4176,4176,dead swamp troll,same-id-same-name
4177,4177,dead swamp troll,same-id-same-name
4178,4178,dead swamp troll,same-id-same-name
4179,4179,slain banshee,same-id-same-name
4180,4180,slain banshee,same-id-same-name
4181,4181,slain banshee,same-id-same-name
4182,4182,dead djinn,same-id-same-name
4183,4183,dead djinn,same-id-same-name
4184,4184,dead djinn,same-id-same-name
4185,4185,dead ancient scarab,same-id-same-name
4186,4186,dead ancient scarab,same-id-same-name
4187,4187,dead ancient scarab,same-id-same-name
4188,4188,dead cobra,same-id-same-name
4189,4189,dead cobra,same-id-same-name
4190,4190,dead cobra,same-id-same-name
4191,4191,dead larva,same-id-same-name
4192,4192,dead larva,same-id-same-name
4193,4193,dead larva,same-id-same-name
4194,4194,dead scarab,same-id-same-name
4195,4195,dead scarab,same-id-same-name
4196,4196,dead scarab,same-id-same-name
4197,4197,dead pharaoh,same-id-same-name
4198,4198,dead pharaoh,same-id-same-name
4199,4199,dead pharaoh,same-id-same-name
4200,4200,dead hyaena,same-id-same-name
4201,4201,dead hyaena,same-id-same-name
4202,4202,dead hyaena,same-id-same-name
4203,4203,dead gargoyle,same-id-same-name
4204,4204,dead gargoyle,same-id-same-name
4205,4205,dead gargoyle,same-id-same-name
4206,4206,slain lich,same-id-same-name
4207,4207,slain lich,same-id-same-name
4208,4208,slain lich,same-id-same-name
4209,4209,slain crypt shambler,same-id-same-name
4210,4210,slain crypt shambler,same-id-same-name
4211,4211,slain crypt shambler,same-id-same-name
4212,4212,slain bonebeast,same-id-same-name
4213,4213,slain bonebeast,same-id-same-name
4214,4214,slain bonebeast,same-id-same-name
4215,4215,dead pharaoh,same-id-same-name
4216,4216,dead pharaoh,same-id-same-name
4217,4217,dead pharaoh,same-id-same-name
4218,4218,dead efreet,same-id-same-name
4219,4219,dead efreet,same-id-same-name
4220,4220,dead efreet,same-id-same-name
4221,4221,dead marid,same-id-same-name
4222,4222,dead djinn,same-id-same-name
4223,4223,dead marid,same-id-same-name
4224,4224,dead badger,same-id-same-name
4225,4225,dead badger,same-id-same-name
4226,4226,dead badger,same-id-same-name
4227,4227,dead skunk,same-id-same-name
4228,4228,dead skunk,same-id-same-name
4229,4229,dead skunk,same-id-same-name
4230,4230,dead gazer,same-id-same-name
4231,4231,dead gazer,same-id-same-name
4232,4232,dead gazer,same-id-same-name
4233,4233,dead elder bonelord,same-id-same-name
4234,4234,dead elder bonelord,same-id-same-name
4235,4235,dead elder bonelord,same-id-same-name
4236,4236,dead yeti,same-id-same-name
4237,4237,dead yeti,same-id-same-name
4238,4238,dead yeti,same-id-same-name
4239,4239,dead lizard templar,same-id-same-name
4240,4240,dead human,same-id-same-name
4241,4241,dead human,same-id-same-name
4242,4242,dead human,same-id-same-name
4246,4246,dead human,same-id-same-name
4247,4247,dead human,same-id-same-name
4248,4248,dead human,same-id-same-name
4249,4249,dead troll,same-id-same-name
4250,4250,dead spider,same-id-same-name
4251,4251,dead cyclops,same-id-same-name
4252,4252,dead troll,same-id-same-name
4253,4253,dead troll,same-id-same-name
4254,4254,pile of bones,same-id-same-name
4255,4255,dead rat,same-id-same-name
4256,4256,dead rat,same-id-same-name
4257,4257,dead rat,same-id-same-name
4258,4258,dead rat,same-id-same-name
4259,4259,dead snake,same-id-same-name
4260,4260,dead snake,same-id-same-name
4261,4261,dead snake,same-id-same-name
4262,4262,dead orc,same-id-same-name
4263,4263,dead orc,same-id-same-name
4264,4264,dead spider,same-id-same-name
4265,4265,dead spider,same-id-same-name
4266,4266,dead rotworm,same-id-same-name
4267,4267,dead rotworm,same-id-same-name
4268,4268,dead wolf,same-id-same-name
4269,4269,dead wolf,same-id-same-name
4270,4270,dead wolf,same-id-same-name
4271,4271,pile of bones,same-id-same-name
4272,4272,dead minotaur,same-id-same-name
4273,4273,dead minotaur,same-id-same-name
4274,4274,dead minotaur,same-id-same-name
4275,4275,dead minotaur,same-id-same-name
4276,4276,pile of bones,same-id-same-name
4277,4277,dead deer,same-id-same-name
4278,4278,dead deer,same-id-same-name
4279,4279,dead deer,same-id-same-name
4280,4280,pile of bones,same-id-same-name
4281,4281,dead dog,same-id-same-name
4282,4282,dead dog,same-id-same-name
4285,4285,pile of bones,same-id-same-name
4286,4286,dead dragon,same-id-same-name
4287,4287,dead dragon,same-id-same-name
4288,4288,dead dragon,same-id-same-name
4289,4289,dead dragon,same-id-same-name
4290,4290,remains of a ghost,same-id-same-name
4291,4291,dead bear,same-id-same-name
4292,4292,dead bear,same-id-same-name
4293,4293,dead bear,same-id-same-name
4294,4294,dead bear,same-id-same-name
4295,4295,slain ghoul,same-id-same-name
4296,4296,slain ghoul,same-id-same-name
4297,4297,slain ghoul,same-id-same-name
4298,4298,pile of bones,same-id-same-name
4299,4299,dead cyclops,same-id-same-name
4300,4300,dead cyclops,same-id-same-name
4301,4301,dead rabbit,same-id-same-name
4302,4302,dead rabbit,same-id-same-name
4303,4303,dead rabbit,same-id-same-name
4310,4310,dead elephant,same-id-same-name
4311,4311,dead human,same-id-same-name
4312,4312,dead human,same-id-same-name
4313,4313,corpse,same-id-same-name
4314,4314,corpse,same-id-same-name
4315,4315,skeleton,same-id-same-name
4316,4316,skeleton,same-id-same-name
4317,4317,some bones,same-id-same-name
4318,4318,dead crab,same-id-same-name
4319,4319,dead crab,same-id-same-name
4320,4320,dead crab,same-id-same-name
4321,4321,dead lizard templar,same-id-same-name
4322,4322,dead lizard templar,same-id-same-name
4323,4323,dead lizard templar,same-id-same-name
4324,4324,dead lizard sentinel,same-id-same-name
4325,4325,dead lizard sentinel,same-id-same-name
4326,4326,dead lizard sentinel,same-id-same-name
4327,4327,dead lizard snakecharmer,same-id-same-name
4328,4328,dead lizard snakecharmer,same-id-same-name
4329,4329,dead lizard snakecharmer,same-id-same-name
4330,4330,dead chicken,same-id-same-name
4331,4331,dead chicken,same-id-same-name
4332,4332,dead chicken,same-id-same-name
4333,4333,dead kongra,same-id-same-name
4334,4334,dead kongra,same-id-same-name
4335,4335,dead kongra,same-id-same-name
4336,4336,dead merlkin,same-id-same-name
4337,4337,dead merlkin,same-id-same-name
4338,4338,dead merlkin,same-id-same-name
4339,4339,dead sibang,same-id-same-name
4340,4340,dead sibang,same-id-same-name
4341,4341,dead sibang,same-id-same-name
4342,4342,dead crocodile,same-id-same-name
4343,4343,dead crocodile,same-id-same-name
4344,4344,dead crocodile,same-id-same-name
4345,4345,dead carniphila,same-id-same-name
4346,4346,dead carniphila,same-id-same-name
4347,4347,dead carniphila,same-id-same-name
4348,4348,dead hydra,same-id-same-name
4349,4349,dead hydra,same-id-same-name
4350,4350,dead hydra,same-id-same-name
4351,4351,dead panda,same-id-same-name
4352,4352,dead panda,same-id-same-name
4353,4353,dead panda,same-id-same-name
4354,4354,dead centipede,same-id-same-name
4355,4355,dead centipede,same-id-same-name
4356,4356,dead centipede,same-id-same-name
4357,4357,dead tiger,same-id-same-name
4358,4358,dead tiger,same-id-same-name
4359,4359,dead tiger,same-id-same-name
4360,4360,dead elephant,same-id-same-name
4361,4361,dead elephant,same-id-same-name
4362,4362,dead elephant,same-id-same-name
4363,4363,dead bat,same-id-same-name
4364,4364,dead bat,same-id-same-name
4365,4365,dead bat,same-id-same-name
4366,4366,dead flamingo,same-id-same-name
4367,4367,dead flamingo,same-id-same-name
4368,4368,dead flamingo,same-id-same-name
4369,4369,dead dworc,same-id-same-name
4370,4370,dead dworc,same-id-same-name
4371,4371,dead dworc,same-id-same-name
4372,4372,dead dworc,same-id-same-name
4373,4373,dead dworc,same-id-same-name
4374,4374,dead dworc,same-id-same-name
4375,4375,dead dworc,same-id-same-name
4376,4376,dead dworc,same-id-same-name
4377,4377,dead dworc,same-id-same-name
4378,4378,dead butterfly,same-id-same-name
4379,4379,dead parrot,same-id-same-name
4380,4380,dead parrot,same-id-same-name
4381,4381,dead parrot,same-id-same-name
4382,4382,dead bird,same-id-same-name
4383,4383,dead bird,same-id-same-name
4384,4384,dead bird,same-id-same-name
4385,4385,dead tarantula,same-id-same-name
4386,4386,dead tarantula,same-id-same-name
4387,4387,dead tarantula,same-id-same-name
4388,4388,dead serpent spawn,same-id-same-name
4389,4389,dead serpent spawn,same-id-same-name
4390,4390,dead serpent spawn,same-id-same-name
4391,4391,lifeless nettle,same-id-same-name
4392,4392,lifeless nettle,same-id-same-name
4433,4433,snowy birch tree,same-id-same-name
4584,4584,gravel,same-id-same-name
4609,4609,shallow water,free-crystal-id-preserved
4610,4610,shallow water,free-crystal-id-preserved
4611,4611,shallow water,free-crystal-id-preserved
4612,4612,shallow water,same-id-same-name
4613,4613,shallow water,same-id-same-name
4614,4614,shallow water,same-id-same-name
4653,4653,RESERVED SPRITE,same-id-same-name
4809,4809,shallow water,free-crystal-id-preserved
4810,4810,shallow water,free-crystal-id-preserved
4811,4811,shallow water,free-crystal-id-preserved
4812,4812,shallow water,free-crystal-id-preserved
4813,4813,shallow water,free-crystal-id-preserved
4814,4814,shallow water,free-crystal-id-preserved
4827,4827,whisper moss,same-id-same-name
4828,4828,flask of cough syrup,same-id-same-name
4829,4829,witches' cap spot,same-id-same-name
4831,4831,old parchment,same-id-same-name
4832,4832,giant ape's hair,same-id-same-name
4834,4834,family brooch,same-id-same-name
4835,4835,snake destroyer,same-id-same-name
4836,4836,spectral dress,same-id-same-name
4837,4837,icicle,same-id-same-name
4838,4838,strange powder,same-id-same-name
4839,4839,hydra egg,same-id-same-name
4840,4840,spectral stone,same-id-same-name
4841,4841,memory stone,same-id-same-name
4842,4842,sheet of tracing paper,same-id-same-name
4843,4843,sheet of tracing paper,same-id-same-name
4844,4844,elven poetry book,same-id-same-name
4845,4845,dwarven pickaxe,same-id-same-name
4846,4846,wrinkled parchment,same-id-same-name
4847,4847,funeral urn,same-id-same-name
4848,4848,rum cask,same-id-same-name
4849,4849,wooden trash,same-id-same-name
4850,4850,statue of the snake god,same-id-same-name
4851,4851,smashed stone head,same-id-same-name
4852,4852,ectoplasm container,same-id-same-name
4853,4853,ectoplasm container,same-id-same-name
4863,4863,butterfly conservation kit,same-id-same-name
4864,4864,butterfly conservation kit,same-id-same-name
4865,4865,butterfly conservation kit,same-id-same-name
4866,4866,butterfly conservation kit,same-id-same-name
4867,4867,botanist's container,same-id-same-name
4868,4868,botanist's container,same-id-same-name
4869,4869,botanist's container,same-id-same-name
4870,4870,botanist's container,same-id-same-name
4871,4871,explorer brooch,same-id-same-name
4872,4872,ice pick,same-id-same-name
4909,4909,ship rail,same-id-same-name
4910,4910,ship cabin wall,same-id-same-name
4911,4911,open door,same-id-same-name
4912,4912,closed door,same-id-same-name
4913,4913,closed door,same-id-same-name
4914,4914,open door,same-id-same-name
4917,4917,ship railing,same-id-same-name
4918,4918,ship rail,same-id-same-name
4919,4919,ship cabin wall,same-id-same-name
4971,4971,ventilation grille,same-id-same-name
4972,4972,bollard,same-id-same-name
4973,4973,anchor,same-id-same-name
4976,4976,anchor,same-id-same-name
4989,4989,white flag,same-id-same-name
4990,4990,pirate flag,same-id-same-name
4994,4994,sharp icicles,same-id-same-name
4995,4995,canopic jar,same-id-same-name
4996,4996,remains of a canopic jar,same-id-same-name
5001,5001,ship railing,same-id-same-name
5006,5006,closed door,same-id-same-name
5007,5007,closed door,same-id-same-name
5008,5008,steel wall,same-id-same-name
5013,5013,dead butterfly,same-id-same-name
5014,5014,mandrake,same-id-same-name
5021,5021,orichalcum pearl,same-id-same-name
5024,5024,skull candle,same-id-same-name
5025,5025,iron pillar,same-id-same-name
5026,5026,iron construction,same-id-same-name
5027,5027,thread of screw,same-id-same-name
5033,5033,roof,same-id-same-name
5034,5034,roof,same-id-same-name
5035,5035,roof,same-id-same-name
5036,5036,roof,same-id-same-name
5037,5037,roof,same-id-same-name
5038,5038,roof,same-id-same-name
5039,5039,roof,same-id-same-name
5045,5045,flat roof,same-id-same-name
5046,5046,monkey statue,same-id-same-name
5055,5055,monkey statue,same-id-same-name
5056,5056,monkey statue,same-id-same-name
5057,5057,small snake head,same-id-same-name
5058,5058,small snake head,same-id-same-name
5059,5059,small snake head,same-id-same-name
5060,5060,small snake head,same-id-same-name
5080,5080,panda teddy,same-id-same-name
5081,5081,stairs,same-id-same-name
5082,5082,closed door,same-id-same-name
5083,5083,open door,same-id-same-name
5084,5084,closed door,same-id-same-name
5085,5085,open door,same-id-same-name
5086,5086,monkey statue 'see' kit,same-id-same-name
5087,5087,monkey statue 'hear' kit,same-id-same-name
5088,5088,monkey statue 'speak' kit,same-id-same-name
5089,5089,butterfly conservation kit,same-id-same-name
5090,5090,treasure map,same-id-same-name
5095,5095,coconut palm,same-id-same-name
5096,5096,mango,same-id-same-name
5097,5097,closed door,same-id-same-name
5098,5098,closed door,same-id-same-name
5099,5099,open door,same-id-same-name
5100,5100,closed door,same-id-same-name
5101,5101,open door,same-id-same-name
5102,5102,gate of expertise,same-id-same-name
5103,5103,gate of expertise,same-id-same-name
5104,5104,closed door,same-id-same-name
5105,5105,open door,same-id-same-name
5106,5106,closed door,same-id-same-name
5107,5107,closed door,same-id-same-name
5108,5108,open door,same-id-same-name
5109,5109,closed door,same-id-same-name
5110,5110,open door,same-id-same-name
5111,5111,gate of expertise,same-id-same-name
5112,5112,gate of expertise,same-id-same-name
5113,5113,closed door,same-id-same-name
5114,5114,open door,same-id-same-name
5115,5115,closed door,same-id-same-name
5116,5116,closed door,same-id-same-name
5117,5117,open door,same-id-same-name
5118,5118,closed door,same-id-same-name
5119,5119,open door,same-id-same-name
5120,5120,gate of expertise,same-id-same-name
5121,5121,gate of expertise,same-id-same-name
5122,5122,closed door,same-id-same-name
5123,5123,open door,same-id-same-name
5124,5124,closed door,same-id-same-name
5125,5125,closed door,same-id-same-name
5126,5126,open door,same-id-same-name
5127,5127,closed door,same-id-same-name
5128,5128,open door,same-id-same-name
5129,5129,gate of expertise,same-id-same-name
5130,5130,gate of expertise,same-id-same-name
5131,5131,closed door,same-id-same-name
5132,5132,open door,same-id-same-name
5133,5133,closed door,same-id-same-name
5134,5134,closed door,same-id-same-name
5135,5135,open door,same-id-same-name
5136,5136,closed door,same-id-same-name
5137,5137,closed door,same-id-same-name
5138,5138,open door,same-id-same-name
5139,5139,closed door,same-id-same-name
5140,5140,closed door,same-id-same-name
5141,5141,open door,same-id-same-name
5142,5142,closed door,same-id-same-name
5143,5143,closed door,same-id-same-name
5144,5144,open door,same-id-same-name
5257,5257,stairs,same-id-same-name
5258,5258,stairs,same-id-same-name
5259,5259,stairs,same-id-same-name
5277,5277,closed door,same-id-same-name
5278,5278,closed door,same-id-same-name
5279,5279,open door,same-id-same-name
5280,5280,closed door,same-id-same-name
5281,5281,closed door,same-id-same-name
5282,5282,open door,same-id-same-name
5283,5283,closed door,same-id-same-name
5284,5284,open door,same-id-same-name
5285,5285,closed door,same-id-same-name
5286,5286,open door,same-id-same-name
5287,5287,closed door,same-id-same-name
5288,5288,open door,same-id-same-name
5289,5289,closed door,same-id-same-name
5290,5290,open door,same-id-same-name
5291,5291,gate of expertise,same-id-same-name
5292,5292,gate of expertise,same-id-same-name
5293,5293,gate of expertise,same-id-same-name
5294,5294,gate of expertise,same-id-same-name
5295,5295,wooden plank,same-id-same-name
5296,5296,wooden planks,same-id-same-name
5297,5297,wooden plank,same-id-same-name
5298,5298,wooden planks,same-id-same-name
5301,5301,wooden planks,same-id-same-name
5307,5307,white stone pillar,same-id-same-name
5393,5393,dry mangrove,same-id-same-name
5394,5394,mangrove,same-id-same-name
5395,5395,dry mangrove,same-id-same-name
5396,5396,mangrove,same-id-same-name
5397,5397,dry mangrove,same-id-same-name
5398,5398,mangrove,same-id-same-name
5416,5416,starfish,same-id-same-name
5417,5417,sea anemone,same-id-same-name
5420,5420,kelp,same-id-same-name
5425,5425,old steering wheel,same-id-same-name
5443,5443,rusty anchor,same-id-same-name
5449,5449,wrecked ship cabin wall,same-id-same-name
5450,5450,wrecked figurehead,same-id-same-name
5459,5459,wrecked ventilation grill,same-id-same-name
5460,5460,helmet of the deep,same-id-same-name
5461,5461,pirate boots,same-id-same-name
5462,5462,sugar cane,same-id-same-name
5463,5463,sugar cane,same-id-same-name
5464,5464,burning sugar cane,same-id-same-name
5465,5465,sugar cane,same-id-same-name
5466,5466,bunch of sugar cane,same-id-same-name
5467,5467,fire bug,same-id-same-name
5470,5470,sugar cane,same-id-same-name
5479,5479,cat's paw,same-id-same-name
5495,5495,straw mat,same-id-same-name
5496,5496,straw mat,same-id-same-name
5497,5497,straw mat,same-id-same-name
5498,5498,straw mat,same-id-same-name
5499,5499,straw mat,same-id-same-name
5500,5500,straw mat,same-id-same-name
5501,5501,straw mat,same-id-same-name
5502,5502,straw mat,same-id-same-name
5503,5503,wooden column,same-id-same-name
5512,5512,distilling machine,same-id-same-name
5513,5513,distilling machine,same-id-same-name
5514,5514,closed door,same-id-same-name
5515,5515,open door,same-id-same-name
5516,5516,closed door,same-id-same-name
5517,5517,open door,same-id-same-name
5520,5520,wooden railing,same-id-same-name
5521,5521,dead quara pincher,same-id-same-name
5522,5522,dead quara mantassin,same-id-same-name
5523,5523,dead quara constrictor,same-id-same-name
5524,5524,dead quara hydromancer,same-id-same-name
5525,5525,dead quara predator,same-id-same-name
5526,5526,demon dust,same-id-same-name
5527,5527,demon dust,same-id-same-name
5528,5528,dead quara hydromancer,same-id-same-name
5529,5529,dead quara hydromancer,same-id-same-name
5530,5530,dead quara constrictor,same-id-same-name
5531,5531,dead quara constrictor,same-id-same-name
5532,5532,dead quara mantassin,same-id-same-name
5533,5533,dead quara mantassin,same-id-same-name
5534,5534,dead quara predator,same-id-same-name
5535,5535,dead quara predator,same-id-same-name
5536,5536,dead quara pincher,same-id-same-name
5537,5537,dead quara pincher,same-id-same-name
5538,5538,cask of brown ale,same-id-same-name
5539,5539,dead carrion worm,same-id-same-name
5540,5540,dead carrion worm,same-id-same-name
5541,5541,dead carrion worm,same-id-same-name
5542,5542,rope-ladder,same-id-same-name
5543,5543,cart,same-id-same-name
5544,5544,trapdoor,same-id-same-name
5552,5552,rum flask,same-id-same-name
5553,5553,small fish,same-id-same-name
5564,5564,slain pirate skeleton,same-id-same-name
5565,5565,slain pirate ghost,same-id-same-name
5566,5566,slain pirate ghost,same-id-same-name
5567,5567,slain pirate ghost,same-id-same-name
5615,5615,pirate tapestry,same-id-same-name
5624,5624,dead tortoise,same-id-same-name
5625,5625,dead tortoise,same-id-same-name
5626,5626,dead tortoise,same-id-same-name
5627,5627,dead thornback tortoise,same-id-same-name
5628,5628,dead thornback tortoise,same-id-same-name
5629,5629,dead tortoise,same-id-same-name
5646,5646,dirt wall,same-id-same-name
5647,5647,stone wall,same-id-same-name
5658,5658,blooming griffinclaw,same-id-same-name
5665,5665,dead mammoth,same-id-same-name
5666,5666,dead mammoth,same-id-same-name
5667,5667,dead mammoth,same-id-same-name
5668,5668,mysterious voodoo skull,same-id-same-name
5669,5669,enigmatic voodoo skull,same-id-same-name
5676,5676,hydra's nest,same-id-same-name
5677,5677,tortoise's nest,same-id-same-name
5678,5678,tortoise egg,same-id-same-name
5679,5679,shell,same-id-same-name
5680,5680,spiral shell,same-id-same-name
5681,5681,broken some shells,same-id-same-name
5682,5682,piece of a shell,same-id-same-name
5683,5683,dirt wall,same-id-same-name
5684,5684,stone wall,same-id-same-name
5685,5685,dirt wall,same-id-same-name
5686,5686,stone wall,same-id-same-name
5687,5687,dry griffinclaw,same-id-same-name
5688,5688,dead blood crab,same-id-same-name
5689,5689,dead blood crab,same-id-same-name
5690,5690,dead blood crab,same-id-same-name
5691,5691,trapdoor,same-id-same-name
5706,5706,treasure map,same-id-same-name
5710,5710,light shovel,same-id-same-name
5727,5727,dead seagull,same-id-same-name
5728,5728,dead seagull,same-id-same-name
5729,5729,dead seagull,same-id-same-name
5730,5730,sand,same-id-same-name
5731,5731,hole,same-id-same-name
5732,5732,closed door,same-id-same-name
5733,5733,closed door,same-id-same-name
5734,5734,open door,same-id-same-name
5735,5735,closed door,same-id-same-name
5736,5736,closed door,same-id-same-name
5737,5737,open door,same-id-same-name
5738,5738,shark fin,same-id-same-name
5741,5741,skull helmet,same-id-same-name
5745,5745,closed door,same-id-same-name
5746,5746,open door,same-id-same-name
5747,5747,earth pile,same-id-same-name
5748,5748,open door,same-id-same-name
5749,5749,closed door,same-id-same-name
5755,5755,turtle,same-id-same-name
5756,5756,turtle,same-id-same-name
5762,5762,dead quara constrictor,same-id-same-name
5763,5763,trapdoor,same-id-same-name
5764,5764,ventilation grille,same-id-same-name
5765,5765,dead toad,same-id-same-name
5766,5766,dead toad,same-id-same-name
5767,5767,dead toad,same-id-same-name
5775,5775,glowing obsidian pipes,same-id-same-name
5776,5776,obsidian pipes,same-id-same-name
5785,5785,medal of honour,same-id-same-name
5786,5786,wooden whistle,same-id-same-name
5791,5791,stuffed dragon,same-id-same-name
5798,5798,dead mutated human,same-id-same-name
5799,5799,golden figurine,same-id-same-name
5800,5800,grappling hook,same-id-same-name
5801,5801,jewelled backpack,same-id-same-name
5802,5802,message in a bottle,same-id-same-name
5803,5803,arbalest,same-id-same-name
5804,5804,nose ring,same-id-same-name
5805,5805,golden goblet,same-id-same-name
5806,5806,silver goblet,same-id-same-name
5807,5807,bronze goblet,same-id-same-name
5808,5808,Orshabaal's brain,same-id-same-name
5809,5809,soul stone,same-id-same-name
5810,5810,pirate voodoo doll,same-id-same-name
5811,5811,mermaid,same-id-same-name
5812,5812,skull candle,same-id-same-name
5813,5813,skull candle,same-id-same-name
5864,5864,obsidian pipes,same-id-same-name
5865,5865,juice squeezer,same-id-same-name
5875,5875,sniper gloves,same-id-same-name
5876,5876,lizard leather,same-id-same-name
5877,5877,green dragon leather,same-id-same-name
5878,5878,minotaur leather,same-id-same-name
5879,5879,spider silk,same-id-same-name
5880,5880,iron ore,same-id-same-name
5881,5881,lizard scale,same-id-same-name
5882,5882,red dragon scale,same-id-same-name
5883,5883,ape fur,same-id-same-name
5884,5884,spirit container,same-id-same-name
5885,5885,flask of warrior's sweat,same-id-same-name
5886,5886,spool of yarn,same-id-same-name
5887,5887,piece of royal steel,same-id-same-name
5888,5888,piece of hell steel,same-id-same-name
5889,5889,piece of draconian steel,same-id-same-name
5890,5890,chicken feather,same-id-same-name
5891,5891,enchanted chicken wing,same-id-same-name
5892,5892,huge chunk of crude iron,same-id-same-name
5893,5893,perfect behemoth fang,same-id-same-name
5894,5894,bat wing,same-id-same-name
5895,5895,fish fin,same-id-same-name
5896,5896,bear paw,same-id-same-name
5897,5897,wolf paw,same-id-same-name
5898,5898,bonelord eye,same-id-same-name
5899,5899,turtle shell,same-id-same-name
5900,5900,dwarven beard,same-id-same-name
5901,5901,wood,same-id-same-name
5902,5902,honeycomb,same-id-same-name
5903,5903,Ferumbras' hat,same-id-same-name
5904,5904,magic sulphur,same-id-same-name
5905,5905,vampire dust,same-id-same-name
5906,5906,demon dust,same-id-same-name
5907,5907,slingshot,same-id-same-name
5908,5908,obsidian knife,same-id-same-name
5909,5909,white piece of cloth,same-id-same-name
5910,5910,green piece of cloth,same-id-same-name
5911,5911,red piece of cloth,same-id-same-name
5912,5912,blue piece of cloth,same-id-same-name
5913,5913,brown piece of cloth,same-id-same-name
5914,5914,yellow piece of cloth,same-id-same-name
5917,5917,bandana,same-id-same-name
5918,5918,pirate knee breeches,same-id-same-name
5919,5919,dragon claw,same-id-same-name
5920,5920,green dragon scale,same-id-same-name
5921,5921,heaven blossom,same-id-same-name
5922,5922,holy orchid,same-id-same-name
5924,5924,damaged steel helmet,same-id-same-name
5925,5925,hardened bone,same-id-same-name
5926,5926,pirate backpack,same-id-same-name
5927,5927,pirate bag,same-id-same-name
5928,5928,empty goldfish bowl,same-id-same-name
5929,5929,goldfish bowl,same-id-same-name
5930,5930,behemoth claw,same-id-same-name
5931,5931,remains of ferumbras,same-id-same-name
5932,5932,remains of ferumbras,same-id-same-name
5933,5933,remains of ferumbras,same-id-same-name
5934,5934,dead frog,same-id-same-name
5935,5935,dead frog,same-id-same-name
5936,5936,dead frog,same-id-same-name
5937,5937,griffinclaw container,same-id-same-name
5938,5938,Ceiron's waterskin,same-id-same-name
5939,5939,Ceiron's waterskin,same-id-same-name
5940,5940,wolf tooth chain,same-id-same-name
5941,5941,wooden stake,same-id-same-name
5942,5942,blessed wooden stake,same-id-same-name
5943,5943,Morgaroth's heart,same-id-same-name
5944,5944,soul orb,same-id-same-name
5945,5945,coral comb,same-id-same-name
5946,5946,comb,same-id-same-name
5947,5947,Elane's crossbow,same-id-same-name
5948,5948,red dragon leather,same-id-same-name
5949,5949,beach backpack,same-id-same-name
5950,5950,beach bag,same-id-same-name
5951,5951,fish tail,same-id-same-name
5952,54268,scroll,new-free-id
5953,5953,raven herb,same-id-same-name
5954,5954,demon horn,same-id-same-name
5956,5956,lottery ticket,same-id-same-name
5957,5957,lottery ticket,same-id-same-name
5958,5958,winning lottery ticket,same-id-same-name
5960,5960,dead troll,same-id-same-name
5961,5961,dead spider,same-id-same-name
5962,5962,dead cyclops,same-id-same-name
5963,5963,slain skeleton,same-id-same-name
5964,5964,dead rat,same-id-same-name
5965,5965,dead human,same-id-same-name
5966,5966,dead orc,same-id-same-name
5967,5967,dead rotworm,same-id-same-name
5968,5968,dead wolf,same-id-same-name
5969,5969,dead minotaur,same-id-same-name
5970,5970,dead deer,same-id-same-name
5971,5971,dead dog,same-id-same-name
5972,5972,slain skeleton,same-id-same-name
5973,5973,dead dragon,same-id-same-name
5974,5974,dead spider,same-id-same-name
5975,5975,dead bear,same-id-same-name
5976,5976,slain ghoul,same-id-same-name
5977,5977,dead giant spider,same-id-same-name
5978,5978,dead orc,same-id-same-name
5979,5979,dead orc,same-id-same-name
5980,5980,dead orc,same-id-same-name
5981,5981,dead minotaur,same-id-same-name
5982,5982,dead minotaur,same-id-same-name
5983,5983,dead minotaur,same-id-same-name
5984,5984,dead dragon,same-id-same-name
5985,5985,dead fire devil,same-id-same-name
5986,5986,dead lion,same-id-same-name
5987,5987,dead bear,same-id-same-name
5988,5988,dead scorpion,same-id-same-name
5989,5989,dead wasp,same-id-same-name
5990,5990,dead bug,same-id-same-name
5991,5991,dead sheep,same-id-same-name
5992,5992,dead bonelord,same-id-same-name
5993,5993,remains of a ghost,same-id-same-name
5994,5994,dead sheep,same-id-same-name
5995,5995,slain demon,same-id-same-name
5996,5996,dead orc,same-id-same-name
5997,5997,dead wolf,same-id-same-name
5998,5998,dead troll,same-id-same-name
5999,5999,dead behemoth,same-id-same-name
6000,6000,dead pig,same-id-same-name
6001,6001,dead orc,same-id-same-name
6002,6002,dead goblin,same-id-same-name
6003,6003,dead elf,same-id-same-name
6004,6004,remains of a mummy,same-id-same-name
6005,6005,split stone golem,same-id-same-name
6006,6006,slain vampire,same-id-same-name
6007,6007,dead dwarf,same-id-same-name
6008,6008,dead orc,same-id-same-name
6009,6009,dead war wolf,same-id-same-name
6010,6010,dead orc,same-id-same-name
6011,6011,dead elf,same-id-same-name
6012,6012,dead elf,same-id-same-name
6013,6013,dead dwarf,same-id-same-name
6014,6014,dead dwarf,same-id-same-name
6015,6015,dead dwarf,same-id-same-name
6016,6016,dead djinn,same-id-same-name
6017,6017,dead rabbit,same-id-same-name
6018,6018,dead troll,same-id-same-name
6019,6019,slain banshee,same-id-same-name
6020,6020,dead djinn,same-id-same-name
6021,6021,dead ancient scarab,same-id-same-name
6022,6022,dead human,same-id-same-name
6023,6023,dead larva,same-id-same-name
6024,6024,dead scarab,same-id-same-name
6025,6025,dead pharaoh,same-id-same-name
6026,6026,dead hyaena,same-id-same-name
6027,6027,dead gargoyle,same-id-same-name
6028,6028,slain lich,same-id-same-name
6029,6029,slain crypt shambler,same-id-same-name
6030,6030,slain bonebeast,same-id-same-name
6031,6031,dead pharaoh,same-id-same-name
6032,6032,dead efreet,same-id-same-name
6033,6033,dead marid,same-id-same-name
6034,6034,dead badger,same-id-same-name
6035,6035,dead skunk,same-id-same-name
6036,6036,dead gazer,same-id-same-name
6037,6037,dead elder bonelord,same-id-same-name
6038,6038,dead yeti,same-id-same-name
6039,6039,dead crab,same-id-same-name
6040,6040,dead lizard sentinel,same-id-same-name
6041,6041,dead lizard snakecharmer,same-id-same-name
6042,6042,dead chicken,same-id-same-name
6043,6043,dead kongra,same-id-same-name
6044,6044,dead merlkin,same-id-same-name
6045,6045,dead sibang,same-id-same-name
6046,6046,dead crocodile,same-id-same-name
6047,6047,dead carniphila,same-id-same-name
6048,6048,dead hydra,same-id-same-name
6049,6049,dead panda,same-id-same-name
6050,6050,dead centipede,same-id-same-name
6051,6051,dead tiger,same-id-same-name
6052,6052,dead elephant,same-id-same-name
6053,6053,dead bat,same-id-same-name
6054,6054,dead flamingo,same-id-same-name
6055,6055,dead dworc,same-id-same-name
6056,6056,dead parrot,same-id-same-name
6057,6057,dead bird,same-id-same-name
6058,6058,dead dworc,same-id-same-name
6059,6059,dead dworc,same-id-same-name
6060,6060,dead tarantula,same-id-same-name
6061,6061,dead serpent spawn,same-id-same-name
6062,6062,lifeless nettle,same-id-same-name
6063,6063,dead quara pincher,same-id-same-name
6064,6064,dead quara mantassin,same-id-same-name
6065,6065,dead quara constrictor,same-id-same-name
6066,6066,dead quara hydromancer,same-id-same-name
6067,6067,dead quara predator,same-id-same-name
6068,6068,demon dust,same-id-same-name
6069,6069,dead carrion worm,same-id-same-name
6070,6070,slain pirate skeleton,same-id-same-name
6071,6071,slain pirate ghost,same-id-same-name
6072,6072,dead tortoise,same-id-same-name
6073,6073,dead tortoise,same-id-same-name
6074,6074,dead mammoth,same-id-same-name
6075,6075,dead blood crab,same-id-same-name
6076,6076,dead seagull,same-id-same-name
6077,6077,dead toad,same-id-same-name
6078,6078,remains of Ferumbras,same-id-same-name
6079,6079,dead frog,same-id-same-name
6080,6080,dead human,same-id-same-name
6081,6081,dead human,same-id-same-name
6082,6082,dead human,same-id-same-name
6083,6083,dead human,same-id-same-name
6084,6084,dead human,same-id-same-name
6085,6085,large trunk,same-id-same-name
6086,6086,faked label,same-id-same-name
6087,6087,music sheet,same-id-same-name
6088,6088,music sheet,same-id-same-name
6089,6089,music sheet,same-id-same-name
6090,6090,music sheet,same-id-same-name
6091,6091,very noble-looking watch,same-id-same-name
6092,6092,very noble-looking watch,same-id-same-name
6093,6093,crystal ring,same-id-same-name
6094,6094,thread tree,same-id-same-name
6095,6095,pirate shirt,same-id-same-name
6096,6096,pirate hat,same-id-same-name
6097,6097,hook,same-id-same-name
6098,6098,eye patch,same-id-same-name
6099,6099,Brutus Bloodbeard's hat,same-id-same-name
6100,6100,Lethal Lissy's shirt,same-id-same-name
6101,6101,Ron the Ripper's sabre,same-id-same-name
6102,6102,Deadeye Devious' eye patch,same-id-same-name
6103,6103,unholy book,same-id-same-name
6104,6104,jewel case,same-id-same-name
6105,6105,Striker's favourite pillow,same-id-same-name
6106,6106,bottle of whisper beer,same-id-same-name
6107,6107,staff,same-id-same-name
6108,6108,atlas,same-id-same-name
6109,6109,weapon rack,same-id-same-name
6110,6110,weapon rack,same-id-same-name
6111,6111,armor rack,same-id-same-name
6112,6112,armor rack,same-id-same-name
6113,6113,letter to Eremo,same-id-same-name
6114,6114,armor rack kit,same-id-same-name
6115,6115,weapon rack kit,same-id-same-name
6118,6118,treasure map,same-id-same-name
6119,6119,poem scroll,same-id-same-name
6120,6120,Dragha's spellbook,same-id-same-name
6123,6123,piano,same-id-same-name
6124,6124,damaged logbook,same-id-same-name
6125,6125,tortoise egg from Nargor,same-id-same-name
6126,6126,peg leg,same-id-same-name
6131,6131,tortoise shield,same-id-same-name
6176,6176,branch,same-id-same-name
6191,6191,closed door,same-id-same-name
6192,6192,closed door,same-id-same-name
6193,6193,open door,same-id-same-name
6194,6194,closed door,same-id-same-name
6195,6195,closed door,same-id-same-name
6196,6196,open door,same-id-same-name
6197,6197,closed door,same-id-same-name
6198,6198,open door,same-id-same-name
6199,6199,closed door,same-id-same-name
6200,6200,open door,same-id-same-name
6201,6201,closed door,same-id-same-name
6202,6202,open door,same-id-same-name
6203,6203,closed door,same-id-same-name
6204,6204,open door,same-id-same-name
6205,6205,gate of expertise,same-id-same-name
6206,6206,gate of expertise,same-id-same-name
6207,6207,gate of expertise,same-id-same-name
6208,6208,gate of expertise,same-id-same-name
6248,6248,closed door,same-id-same-name
6249,6249,closed door,same-id-same-name
6250,6250,open door,same-id-same-name
6251,6251,closed door,same-id-same-name
6252,6252,closed door,same-id-same-name
6253,6253,open door,same-id-same-name
6254,6254,closed door,same-id-same-name
6255,6255,open door,same-id-same-name
6256,6256,closed door,same-id-same-name
6257,6257,open door,same-id-same-name
6258,6258,closed door,same-id-same-name
6259,6259,open door,same-id-same-name
6260,6260,closed door,same-id-same-name
6261,6261,open door,same-id-same-name
6262,6262,gate of expertise,same-id-same-name
6263,6263,gate of expertise,same-id-same-name
6264,6264,gate of expertise,same-id-same-name
6265,6265,gate of expertise,same-id-same-name
6266,6266,metal trash,same-id-same-name
6274,6274,tree archway,same-id-same-name
6275,6275,archway,same-id-same-name
6276,6276,lump of cake dough,same-id-same-name
6277,6277,cake,same-id-same-name
6278,6278,cake,same-id-same-name
6279,6279,party cake,same-id-same-name
6299,6299,death ring,same-id-same-name
6300,6300,death ring,same-id-same-name
6301,6301,dead wyvern,same-id-same-name
6302,6302,dead wyvern,same-id-same-name
6303,6303,dead wyvern,same-id-same-name
6304,6304,dead wyvern,same-id-same-name
6305,6305,slain undead dragon,same-id-same-name
6306,6306,slain undead dragon,same-id-same-name
6307,6307,slain undead dragon,same-id-same-name
6308,6308,slain undead dragon,same-id-same-name
6309,6309,slain lost soul,same-id-same-name
6310,6310,slain lost soul,same-id-same-name
6311,6311,slain hand of cursed fate,same-id-same-name
6312,6312,slain hand of cursed fate,same-id-same-name
6313,6313,slain hand of cursed fate,same-id-same-name
6314,6314,slain hand of cursed fate,same-id-same-name
6315,6315,slain betrayed wraith,same-id-same-name
6316,6316,slain betrayed wraith,same-id-same-name
6317,6317,slain betrayed wraith,same-id-same-name
6318,6318,slain skeleton,same-id-same-name
6319,6319,dead destroyer,same-id-same-name
6320,6320,dead destroyer,same-id-same-name
6321,6321,dead destroyer,same-id-same-name
6322,6322,dead destroyer,same-id-same-name
6323,6323,elemental ashes,same-id-same-name
6324,6324,elemental ashes,same-id-same-name
6325,6325,elemental ashes,same-id-same-name
6326,6326,elemental ashes,same-id-same-name
6327,6327,dead torturer,same-id-same-name
6328,6328,dead torturer,same-id-same-name
6329,6329,dead torturer,same-id-same-name
6330,6330,dead torturer,same-id-same-name
6331,6331,dead hellhound,same-id-same-name
6332,6332,dead hellhound,same-id-same-name
6333,6333,dead hellhound,same-id-same-name
6334,6334,dead hellhound,same-id-same-name
6335,6335,dead juggernaut,same-id-same-name
6336,6336,dead juggernaut,same-id-same-name
6337,6337,dead juggernaut,same-id-same-name
6338,6338,dead juggernaut,same-id-same-name
6339,6339,dead nightmare,same-id-same-name
6340,6340,dead nightmare,same-id-same-name
6341,6341,dead nightmare,same-id-same-name
6342,6342,dead nightmare,same-id-same-name
6343,6343,remains of a phantasm,same-id-same-name
6344,6344,remains of a phantasm,same-id-same-name
6345,6345,remains of a phantasm,same-id-same-name
6346,6346,remains of a phantasm,same-id-same-name
6347,6347,remains of a spectre,same-id-same-name
6348,6348,remains of a spectre,same-id-same-name
6349,6349,remains of a spectre,same-id-same-name
6350,6350,remains of a spectre,same-id-same-name
6352,6352,swamp,same-id-same-name
6353,6353,slain blightwalker,same-id-same-name
6354,6354,slain blightwalker,same-id-same-name
6355,6355,oven,same-id-same-name
6356,6356,oven,same-id-same-name
6357,6357,oven,same-id-same-name
6358,6358,oven,same-id-same-name
6359,6359,oven,same-id-same-name
6360,6360,oven,same-id-same-name
6361,6361,oven,same-id-same-name
6362,6362,oven,same-id-same-name
6363,6363,dead diabolic imp,same-id-same-name
6364,6364,dead diabolic imp,same-id-same-name
6365,6365,dead diabolic imp,same-id-same-name
6366,6366,dead diabolic imp,same-id-same-name
6367,6367,bookcase,same-id-same-name
6368,6368,bookcase,same-id-same-name
6369,6369,bookcase,same-id-same-name
6370,6370,bookcase,same-id-same-name
6371,6371,oven kit,same-id-same-name
6372,6372,bookcase kit,same-id-same-name
6386,6386,greeting card,same-id-same-name
6387,6387,christmas card,same-id-same-name
6388,6388,stony floor,same-id-same-name
6389,6389,ornamented fountain,same-id-same-name
6390,6390,nightmare shield,same-id-same-name
6391,6391,hawser,same-id-same-name
6392,6392,valentine's cake,same-id-same-name
6393,6393,cream cake,same-id-same-name
6412,6412,bone pillar,same-id-same-name
6432,6432,necromancer shield,same-id-same-name
6433,6433,blue tapestry,same-id-same-name
6434,6434,demon trophy,same-id-same-name
6490,6490,firefly,same-id-same-name
6491,6491,bat decoration,same-id-same-name
6492,6492,bat decoration,same-id-same-name
6493,6493,firefly,same-id-same-name
6494,6494,firefly,same-id-same-name
6495,6495,bat decoration,same-id-same-name
6496,6496,christmas present bag,same-id-same-name
6497,6497,firefly,same-id-same-name
6498,6498,certificate,same-id-same-name
6499,6499,demonic essence,same-id-same-name
6500,6500,gingerbreadman,same-id-same-name
6501,6501,christmas wreath,same-id-same-name
6502,6502,christmas garland,same-id-same-name
6503,6503,red christmas garland,same-id-same-name
6504,6504,blue christmas garland,same-id-same-name
6505,6505,christmas present,same-id-same-name
6506,6506,red christmas bundle,same-id-same-name
6507,6507,blue christmas bundle,same-id-same-name
6508,6508,green christmas bundle,same-id-same-name
6511,6511,santa doll,same-id-same-name
6512,6512,christmas wreath,same-id-same-name
6515,6515,dead plaguesmith,same-id-same-name
6516,6516,christmas wreath,same-id-same-name
6519,6519,dead plaguesmith,same-id-same-name
6520,6520,dead plaguesmith,same-id-same-name
6521,6521,dead plaguesmith,same-id-same-name
6522,6522,gingerbread recipe,same-id-same-name
6525,6525,skeleton decoration,same-id-same-name
6526,6526,christmas token,same-id-same-name
6527,6527,avenger,same-id-same-name
6528,6528,infernal bolt,same-id-same-name
6529,6529,pair of soft boots,same-id-same-name
6530,6530,worn soft boots,same-id-same-name
6531,6531,santa hat,same-id-same-name
6532,6532,dead defiler,same-id-same-name
6533,6533,book,same-id-same-name
6534,6534,Imperor's trident,same-id-same-name
6535,6535,Plasmother's remains,same-id-same-name
6536,6536,Countess Sorrow's frozen tear,same-id-same-name
6537,6537,Mr. Punish's handcuffs,same-id-same-name
6538,6538,valentine's card,same-id-same-name
6539,6539,Handmaiden's protector,same-id-same-name
6540,6540,piece of Massacre's shell,same-id-same-name
6546,6546,Dracola's eye,same-id-same-name
6547,6547,yellow powder,same-id-same-name
6548,6548,purple powder,same-id-same-name
6549,6549,green powder,same-id-same-name
6550,6550,red powder,same-id-same-name
6551,6551,blue powder,same-id-same-name
6552,6552,dead defiler,same-id-same-name
6553,6553,ruthless axe,same-id-same-name
6558,6558,flask of demonic blood,same-id-same-name
6560,6560,dead human,same-id-same-name
6561,6561,ceremonial ankh,same-id-same-name
6566,6566,stuffed dragon,same-id-same-name
6567,6567,santa doll,same-id-same-name
6568,6568,panda teddy,same-id-same-name
6569,6569,candy,same-id-same-name
6572,6572,party trumpet,same-id-same-name
6573,6573,party trumpet,same-id-same-name
6574,6574,bar of chocolate,same-id-same-name
6575,6575,red balloons,same-id-same-name
6576,6576,fireworks rocket,same-id-same-name
6577,6577,green balloons,same-id-same-name
6578,6578,party hat,same-id-same-name
6579,6579,doll,same-id-same-name
6594,6594,snow,same-id-same-name
6595,6595,snow,same-id-same-name
6596,6596,snow,same-id-same-name
6597,6597,snow,same-id-same-name
6598,6598,snow,same-id-same-name
6599,6599,snow,same-id-same-name
6600,6600,snow,same-id-same-name
6601,6601,snow,same-id-same-name
6602,6602,snow,same-id-same-name
6603,6603,snow,same-id-same-name
6604,6604,snow,same-id-same-name
6605,6605,snow,same-id-same-name
6606,6606,snow,same-id-same-name
6607,6607,snow,same-id-same-name
6608,6608,snow,same-id-same-name
6775,6775,fur pillar,same-id-same-name
6792,6792,entrance,same-id-same-name
6795,6795,entrance,same-id-same-name
6796,6796,entrance,same-id-same-name
6797,6797,entrance,same-id-same-name
6798,6798,entrance,same-id-same-name
6799,6799,entrance,same-id-same-name
6800,6800,entrance,same-id-same-name
6801,6801,entrance,same-id-same-name
6802,6802,entrance,same-id-same-name
6803,6803,entrance,same-id-same-name
6838,6838,snow,same-id-same-name
6850,6850,ornamented wall,same-id-same-name
6853,6853,ornamented wall,same-id-same-name
6891,6891,closed door,same-id-same-name
6892,6892,closed door,same-id-same-name
6893,6893,open door,same-id-same-name
6894,6894,closed door,same-id-same-name
6895,6895,open door,same-id-same-name
6896,6896,gate of expertise,same-id-same-name
6897,6897,gate of expertise,same-id-same-name
6898,6898,closed door,same-id-same-name
6899,6899,open door,same-id-same-name
6900,6900,closed door,same-id-same-name
6901,6901,closed door,same-id-same-name
6902,6902,open door,same-id-same-name
6903,6903,closed door,same-id-same-name
6904,6904,open door,same-id-same-name
6905,6905,gate of expertise,same-id-same-name
6906,6906,gate of expertise,same-id-same-name
6907,6907,closed door,same-id-same-name
6908,6908,open door,same-id-same-name
6909,6909,ramp,same-id-same-name
6910,6910,ramp,same-id-same-name
6911,6911,ramp,same-id-same-name
6912,6912,ramp,same-id-same-name
6913,6913,ramp,same-id-same-name
6914,6914,ramp,same-id-same-name
6915,6915,ramp,same-id-same-name
6916,6916,ramp,same-id-same-name
6966,6966,icicles,same-id-same-name
6967,6967,ice floor,same-id-same-name
6972,6972,bone totem,same-id-same-name
6973,6973,mammoth totem,same-id-same-name
6986,6986,pillar,same-id-same-name
7023,7023,snowy pine tree,same-id-same-name
7024,7024,pine,same-id-same-name
7033,7033,closed door,same-id-same-name
7034,7034,closed door,same-id-same-name
7035,7035,open door,same-id-same-name
7036,7036,closed door,same-id-same-name
7037,7037,open door,same-id-same-name
7038,7038,gate of expertise,same-id-same-name
7039,7039,gate of expertise,same-id-same-name
7040,7040,closed door,same-id-same-name
7041,7041,open door,same-id-same-name
7042,7042,closed door,same-id-same-name
7043,7043,closed door,same-id-same-name
7044,7044,open door,same-id-same-name
7045,7045,closed door,same-id-same-name
7046,7046,open door,same-id-same-name
7047,7047,gate of expertise,same-id-same-name
7048,7048,gate of expertise,same-id-same-name
7049,7049,closed door,same-id-same-name
7050,7050,open door,same-id-same-name
7053,7053,trapdoor,same-id-same-name
7054,7054,closed door,same-id-same-name
7055,7055,open door,same-id-same-name
7056,7056,closed door,same-id-same-name
7057,7057,open door,same-id-same-name
7058,7058,skull pillar,same-id-same-name
7059,7059,glowing skull pillar,same-id-same-name
7091,7091,dead frost dragon,same-id-same-name
7092,7092,dead frost dragon,same-id-same-name
7093,7093,dead frost dragon,same-id-same-name
7094,7094,dead frost dragon,same-id-same-name
7106,7106,inactive geyser,same-id-same-name
7107,7107,ice,same-id-same-name
7140,7140,mead horn,same-id-same-name
7141,7141,mead horn,same-id-same-name
7142,7142,bucket,same-id-same-name
7158,7158,rainbow trout,same-id-same-name
7159,7159,green perch,same-id-same-name
7162,7162,frozen drawers,same-id-same-name
7174,7174,bear,same-id-same-name
7175,7175,bear,same-id-same-name
7176,7176,mammoth,same-id-same-name
7177,7177,mammoth,same-id-same-name
7178,7178,baby seal,same-id-same-name
7180,7180,broken pottery,same-id-same-name
7183,7183,baby seal doll,same-id-same-name
7184,7184,baby seal doll,same-id-same-name
7189,7189,stone shelf,same-id-same-name
7200,7200,fragile ice,same-id-same-name
7219,7219,ship rudder hole,same-id-same-name
7236,7236,ice hole,same-id-same-name
7237,7237,ice hole,same-id-same-name
7242,7242,resonance crystal,same-id-same-name
7243,7243,empty jug,same-id-same-name
7244,7244,jug,same-id-same-name
7245,7245,piece of cactus,same-id-same-name
7246,7246,Nilsor's waterskin,same-id-same-name
7247,7247,fine sulphur,same-id-same-name
7248,7248,frostbite herb,same-id-same-name
7249,7249,purple kiss blossom,same-id-same-name
7250,7250,hydra tongue,same-id-same-name
7251,7251,mushroom spores,same-id-same-name
7252,7252,baby seal,same-id-same-name
7253,7253,flask with paint,same-id-same-name
7256,7256,slain braindeath,same-id-same-name
7257,7257,slain braindeath,same-id-same-name
7258,7258,slain braindeath,same-id-same-name
7259,7259,stone shelf,same-id-same-name
7260,7260,slain braindeath,same-id-same-name
7261,7261,frostbite herb,same-id-same-name
7272,7272,raft,same-id-same-name
7281,7281,memory crystal,same-id-same-name
7282,7282,slain ice golem,same-id-same-name
7283,7283,slain ice golem,same-id-same-name
7284,7284,slain ice golem,same-id-same-name
7285,7285,slain ice golem,same-id-same-name
7286,7286,Nilsor's waterskin,same-id-same-name
7289,7289,frost charm,same-id-same-name
7290,7290,shard,same-id-same-name
7314,7314,scale from a frozen dragon,same-id-same-name
7315,7315,resonance crystal,same-id-same-name
7316,7316,dead husky,same-id-same-name
7317,7317,dead husky,same-id-same-name
7318,7318,dead husky,same-id-same-name
7319,7319,dead husky,same-id-same-name
7320,7320,dead chakoya,same-id-same-name
7321,7321,dead chakoya,same-id-same-name
7322,7322,dead chakoya,same-id-same-name
7323,7323,dead chakoya,same-id-same-name
7324,7324,dead chakoya,same-id-same-name
7325,7325,dead chakoya,same-id-same-name
7326,7326,dead chakoya,same-id-same-name
7327,7327,dead chakoya,same-id-same-name
7328,7328,dead chakoya,same-id-same-name
7329,7329,dead chakoya,same-id-same-name
7330,7330,dead frost giant,same-id-same-name
7331,7331,dead frost giant,same-id-same-name
7332,7332,dead frost giant,same-id-same-name
7333,7333,dead frost giant,same-id-same-name
7334,7334,dead penguin,same-id-same-name
7335,7335,dead penguin,same-id-same-name
7336,7336,dead penguin,same-id-same-name
7337,7337,dead penguin,same-id-same-name
7338,7338,dead silver rabbit,same-id-same-name
7339,7339,dead silver rabbit,same-id-same-name
7340,7340,dead silver rabbit,same-id-same-name
7341,7341,dead silver rabbit,same-id-same-name
7342,7342,fur backpack,same-id-same-name
7343,7343,fur bag,same-id-same-name
7344,7344,slain crystal spider,same-id-same-name
7345,7345,slain crystal spider,same-id-same-name
7346,7346,slain crystal spider,same-id-same-name
7347,7347,slain crystal spider,same-id-same-name
7348,7348,stony floor,same-id-same-name
7349,7349,ashes,same-id-same-name
7350,7350,sandstone tile,same-id-same-name
7351,7351,black marble floor,same-id-same-name
7352,7352,dirt,same-id-same-name
7353,7353,stone floor,same-id-same-name
7354,7354,small lava cracks,same-id-same-name
7355,7355,stone floor,same-id-same-name
7356,7356,rock soil,same-id-same-name
7357,7357,wooden floor,same-id-same-name
7358,7358,tiled floor,same-id-same-name
7359,7359,flame of life,same-id-same-name
7360,7360,flame of life,same-id-same-name
7363,7363,piercing bolt,same-id-same-name
7364,7364,sniper arrow,same-id-same-name
7365,7365,onyx arrow,same-id-same-name
7366,7366,viper star,same-id-same-name
7367,7367,enchanted spear,same-id-same-name
7368,7368,assassin star,same-id-same-name
7369,7369,golden goblet,same-id-same-name
7370,7370,silver goblet,same-id-same-name
7371,7371,bronze goblet,same-id-same-name
7372,7372,ice cream cone,same-id-same-name
7373,7373,ice cream cone,same-id-same-name
7374,7374,ice cream cone,same-id-same-name
7375,7375,ice cream cone,same-id-same-name
7376,7376,ice cream cone,same-id-same-name
7377,7377,ice cream cone,same-id-same-name
7378,7378,royal spear,same-id-same-name
7379,7379,brutetamer's staff,same-id-same-name
7380,7380,headchopper,same-id-same-name
7381,7381,mammoth whopper,same-id-same-name
7382,7382,demonrage sword,same-id-same-name
7383,7383,relic sword,same-id-same-name
7384,7384,mystic blade,same-id-same-name
7385,7385,crimson sword,same-id-same-name
7386,7386,mercenary sword,same-id-same-name
7387,7387,diamond sceptre,same-id-same-name
7388,7388,vile axe,same-id-same-name
7389,7389,heroic axe,same-id-same-name
7390,7390,justice seeker,same-id-same-name
7391,7391,thaian sword,same-id-same-name
7392,7392,orcish maul,same-id-same-name
7393,7393,demon trophy,same-id-same-name
7394,7394,wolf trophy,same-id-same-name
7395,7395,orc trophy,same-id-same-name
7396,7396,behemoth trophy,same-id-same-name
7397,7397,deer trophy,same-id-same-name
7398,7398,cyclops trophy,same-id-same-name
7399,7399,dragon lord trophy,same-id-same-name
7400,7400,lion trophy,same-id-same-name
7401,7401,minotaur trophy,same-id-same-name
7402,7402,dragon slayer,same-id-same-name
7403,7403,berserker,same-id-same-name
7404,7404,assassin dagger,same-id-same-name
7405,7405,havoc blade,same-id-same-name
7406,7406,blacksteel sword,same-id-same-name
7407,7407,haunted blade,same-id-same-name
7408,7408,wyvern fang,same-id-same-name
7409,7409,northern star,same-id-same-name
7410,7410,queen's sceptre,same-id-same-name
7411,7411,ornamented axe,same-id-same-name
7412,7412,butcher's axe,same-id-same-name
7413,7413,titan axe,same-id-same-name
7414,7414,abyss hammer,same-id-same-name
7415,7415,cranial basher,same-id-same-name
7416,7416,bloody edge,same-id-same-name
7417,7417,runed sword,same-id-same-name
7418,7418,nightmare blade,same-id-same-name
7419,7419,dreaded cleaver,same-id-same-name
7420,7420,reaper's axe,same-id-same-name
7421,7421,onyx flail,same-id-same-name
7422,7422,jade hammer,same-id-same-name
7423,7423,skullcrusher,same-id-same-name
7424,7424,lunar staff,same-id-same-name
7425,7425,taurus mace,same-id-same-name
7426,7426,amber staff,same-id-same-name
7427,7427,chaos mace,same-id-same-name
7428,7428,bonebreaker,same-id-same-name
7429,7429,blessed sceptre,same-id-same-name
7430,7430,dragonbone staff,same-id-same-name
7431,7431,demonbone,same-id-same-name
7432,7432,furry club,same-id-same-name
7433,7433,ravenwing,same-id-same-name
7434,7434,royal axe,same-id-same-name
7435,7435,impaler,same-id-same-name
7436,7436,angelic axe,same-id-same-name
7437,7437,sapphire hammer,same-id-same-name
7438,7438,elvish bow,same-id-same-name
7439,7439,berserk potion,same-id-same-name
7440,7440,mastermind potion,same-id-same-name
7441,7441,ice cube,same-id-same-name
7442,7442,ice cube,same-id-same-name
7443,7443,bullseye potion,same-id-same-name
7444,7444,ice cube,same-id-same-name
7445,7445,ice cube,same-id-same-name
7446,7446,ice mammoth,same-id-same-name
7449,7449,crystal sword,same-id-same-name
7450,7450,hammer of prophecy,same-id-same-name
7451,7451,shadow sceptre,same-id-same-name
7452,7452,spiked squelcher,same-id-same-name
7453,7453,executioner,same-id-same-name
7454,7454,glorious axe,same-id-same-name
7455,7455,mythril axe,same-id-same-name
7456,7456,noble axe,same-id-same-name
7457,7457,fur boots,same-id-same-name
7458,7458,fur cap,same-id-same-name
7459,7459,pair of earmuffs,same-id-same-name
7460,7460,norse shield,same-id-same-name
7461,7461,krimhorn helmet,same-id-same-name
7462,7462,ragnir helmet,same-id-same-name
7463,7463,mammoth fur cape,same-id-same-name
7464,7464,mammoth fur shorts,same-id-same-name
7519,7519,something crawling,same-id-same-name
7522,7522,large hole,same-id-same-name
7526,7526,mountain,same-id-same-name
7527,7527,jewel case,same-id-same-name
7532,7532,Koshei's ancient amulet,same-id-same-name
7533,7533,nomad parchment,same-id-same-name
7534,7534,sundial,same-id-same-name
7535,7535,remains of Koshei,same-id-same-name
7536,7536,RESERVED SPRITE,same-id-same-name
7537,7537,remains of Koshei,same-id-same-name
7538,7538,remains of Koshei,same-id-same-name
7539,7539,remains of Koshei,same-id-same-name
7540,7540,remains of Koshei,same-id-same-name
7541,7541,earth,same-id-same-name
7542,7542,ramp,same-id-same-name
7543,7543,ramp,same-id-same-name
7544,7544,ramp,same-id-same-name
7545,7545,ramp,same-id-same-name
7546,7546,ramp,same-id-same-name
7547,7547,ramp,same-id-same-name
7548,7548,ramp,same-id-same-name
7549,7549,ramp,same-id-same-name
7558,7558,skull,same-id-same-name
7563,7563,skull,same-id-same-name
7570,7570,bone claw,same-id-same-name
7571,7571,bone,same-id-same-name
7572,7572,bone claw,same-id-same-name
7573,7573,bone,same-id-same-name
7592,7592,druid statue,same-id-same-name
7593,7593,brown pavement,same-id-same-name
7594,7594,earth,same-id-same-name
7629,7629,strange statue,same-id-same-name
7642,7642,great spirit potion,same-id-same-name
7643,7643,ultimate health potion,same-id-same-name
7644,7644,antidote potion,same-id-same-name
7711,7711,closed door,same-id-same-name
7712,7712,closed door,same-id-same-name
7713,7713,open door,same-id-same-name
7714,7714,closed door,same-id-same-name
7715,7715,closed door,same-id-same-name
7716,7716,open door,same-id-same-name
7717,7717,closed door,same-id-same-name
7718,7718,open door,same-id-same-name
7719,7719,closed door,same-id-same-name
7720,7720,open door,same-id-same-name
7721,7721,closed door,same-id-same-name
7722,7722,open door,same-id-same-name
7723,7723,closed door,same-id-same-name
7724,7724,open door,same-id-same-name
7725,7725,gate of expertise,same-id-same-name
7726,7726,gate of expertise,same-id-same-name
7727,7727,gate of expertise,same-id-same-name
7728,7728,gate of expertise,same-id-same-name
7737,7737,hole,same-id-same-name
7738,7738,sand,same-id-same-name
7739,7739,rock,same-id-same-name
7740,7740,ice,same-id-same-name
7741,7741,ice cube,same-id-same-name
7742,7742,dead man's saddle,same-id-same-name
7743,7743,inactive lava hole,same-id-same-name
7744,7744,ice statue,same-id-same-name
7745,7745,lavahole,same-id-same-name
7746,7746,dead man's saddle,same-id-same-name
7747,7747,void,same-id-same-name
7748,7748,jungle grass,same-id-same-name
7749,7749,loose stone pile,same-id-same-name
7750,7750,sewer grate,same-id-same-name
7751,7751,Zirella's cart,same-id-same-name
7752,7752,branch,same-id-same-name
7753,7753,dead tree,same-id-same-name
7754,7754,Jerom's family necklace,same-id-same-name
7755,7755,hole,same-id-same-name
7756,7756,dirt floor,same-id-same-name
7757,7757,sturdy chest,same-id-same-name
7760,7760,tiled floor,same-id-same-name
7761,7761,grass,same-id-same-name
7762,7762,dirt floor,same-id-same-name
7763,7763,dead cockroach,same-id-same-name
7764,7764,dirt,same-id-same-name
7769,7769,wooden floor,same-id-same-name
7770,7770,stone floor,same-id-same-name
7771,7771,ladder,same-id-same-name
7772,7772,branch,same-id-same-name
7773,7773,steel axe,same-id-same-name
7774,7774,jagged sword,same-id-same-name
7785,7785,bricklayers' kit,same-id-same-name
7786,7786,orc tusk,same-id-same-name
7795,7795,orcish totem pole,same-id-same-name
7796,7796,orcish pole,same-id-same-name
7803,7803,burning wall,same-id-same-name
7804,7804,water vortex,same-id-same-name
7843,7843,anvil,same-id-same-name
7860,7860,chimney,same-id-same-name
7861,7861,chimney,same-id-same-name
7862,7862,chimney,same-id-same-name
7863,7863,chimney,same-id-same-name
7864,7864,chimney kit,same-id-same-name
7865,7865,dwarf disguise kit,same-id-same-name
7866,7866,deed of ownership,same-id-same-name
7867,7867,wooden floor,same-id-same-name
7868,7868,closed door,same-id-same-name
7869,7869,open door,same-id-same-name
7870,7870,stolen golden goblet,same-id-same-name
7871,7871,famous Mina Losa painting,same-id-same-name
7872,7872,note pinned on the wall,same-id-same-name
7873,7873,note from the thieves guild,same-id-same-name
7874,7874,witches' grimoire,same-id-same-name
7875,7875,burried coffin,same-id-same-name
7876,7876,small health potion,same-id-same-name
7879,7879,your student book,same-id-same-name
7880,7880,rock soil,same-id-same-name
7881,7881,wooden stairs,same-id-same-name
7882,7882,cockroach leg,same-id-same-name
7883,7883,shovel,same-id-same-name
7884,7884,rope,same-id-same-name
7885,7885,fish,same-id-same-name
7886,7886,wooden floor,same-id-same-name
7887,7887,ramp,same-id-same-name
7888,7888,stone stairs,same-id-same-name
7889,7889,lock pick,same-id-same-name
7890,7890,vines,same-id-same-name
7891,7891,window,same-id-same-name
7892,7892,sturdy chest,same-id-same-name
7893,7893,demonic residue,same-id-same-name
7894,7894,shovel,same-id-same-name
7895,7895,rope,same-id-same-name
7902,7902,drawbar,same-id-same-name
7905,7905,drawbar,same-id-same-name
7924,7924,ring of the count,same-id-same-name
7925,7925,shadow nexus,same-id-same-name
7926,7926,shadow nexus,same-id-same-name
7927,7927,shadow nexus,same-id-same-name
7928,7928,shadow nexus,same-id-same-name
7929,7929,shadow nexus,same-id-same-name
7930,7930,shadow nexus,same-id-same-name
7931,7931,shadow nexus,same-id-same-name
7932,7932,valuable vase,same-id-same-name
7933,7933,invitation,same-id-same-name
7934,7934,Theodore Loveless' key,same-id-same-name
7935,7935,compromising letter,same-id-same-name
7936,7936,fishnapped goldfish,same-id-same-name
7938,7938,goldfish bowl,same-id-same-name
7939,7939,precious necklace,same-id-same-name
7940,7940,letter to Chantalle,same-id-same-name
7941,7941,closed door,same-id-same-name
7959,7959,branch,same-id-same-name
7960,7960,tree stump,same-id-same-name
7991,7991,magician's robe,same-id-same-name
7992,7992,mage hat,same-id-same-name
7993,7993,witchhunter's coat,same-id-same-name
8010,8010,potato,same-id-same-name
8011,8011,plum,same-id-same-name
8012,8012,raspberry,same-id-same-name
8013,8013,lemon,same-id-same-name
8014,8014,cucumber,same-id-same-name
8015,8015,onion,same-id-same-name
8016,8016,jalapeno pepper,same-id-same-name
8017,8017,beetroot,same-id-same-name
8018,8018,lump of chocolate dough,same-id-same-name
8019,8019,chocolate cake,same-id-same-name
8020,8020,baking tray,same-id-same-name
8021,8021,modified crossbow,same-id-same-name
8022,8022,chain bolter,same-id-same-name
8023,8023,royal crossbow,same-id-same-name
8024,8024,devileye,same-id-same-name
8025,8025,ironworker,same-id-same-name
8026,8026,warsinger bow,same-id-same-name
8027,8027,composite hornbow,same-id-same-name
8028,8028,Yol's bow,same-id-same-name
8029,8029,silkweaver bow,same-id-same-name
8030,8030,Elethriel's elemental bow,same-id-same-name
8031,8031,spider fangs,same-id-same-name
8032,8032,spiderwebs,same-id-same-name
8035,8035,shallow water,same-id-same-name
8036,8036,dead tree,same-id-same-name
8037,8037,dark lord's cape,same-id-same-name
8038,8038,robe of the ice queen,same-id-same-name
8039,8039,dragon robe,same-id-same-name
8040,8040,velvet mantle,same-id-same-name
8041,8041,greenwood coat,same-id-same-name
8042,8042,spirit cloak,same-id-same-name
8043,8043,focus cape,same-id-same-name
8044,8044,belted cape,same-id-same-name
8045,8045,hibiscus dress,same-id-same-name
8046,8046,summer dress,same-id-same-name
8047,8047,tunic,same-id-same-name
8048,8048,girl's dress,same-id-same-name
8049,8049,lavos armor,same-id-same-name
8050,8050,crystalline armor,same-id-same-name
8051,8051,voltage armor,same-id-same-name
8052,8052,swamplair armor,same-id-same-name
8053,8053,fireborn giant armor,same-id-same-name
8054,8054,earthborn titan armor,same-id-same-name
8055,8055,windborn colossus armor,same-id-same-name
8056,8056,oceanborn leviathan armor,same-id-same-name
8057,8057,divine plate,same-id-same-name
8058,8058,molten plate,same-id-same-name
8059,8059,frozen plate,same-id-same-name
8060,8060,master archer's armor,same-id-same-name
8061,8061,skullcracker armor,same-id-same-name
8062,8062,robe of the underworld,same-id-same-name
8063,8063,paladin armor,same-id-same-name
8064,8064,ethno coat,same-id-same-name
8072,8072,spellbook of enlightenment,same-id-same-name
8073,8073,spellbook of warding,same-id-same-name
8074,8074,spellbook of mind control,same-id-same-name
8075,8075,spellbook of lost souls,same-id-same-name
8076,8076,spellscroll of prophecies,same-id-same-name
8077,8077,rainbow shield,same-id-same-name
8078,8078,fiery rainbow shield,same-id-same-name
8079,8079,icy rainbow shield,same-id-same-name
8080,8080,sparking rainbow shield,same-id-same-name
8081,8081,terran rainbow shield,same-id-same-name
8082,8082,underworld rod,same-id-same-name
8083,8083,northwind rod,same-id-same-name
8084,8084,springsprout rod,same-id-same-name
8090,8090,spellbook of dark mysteries,same-id-same-name
8091,8091,spell rune,same-id-same-name
8092,8092,wand of starstorm,same-id-same-name
8093,8093,wand of draconia,same-id-same-name
8094,8094,wand of voodoo,same-id-same-name
8095,8095,ranger legs,same-id-same-name
8096,8096,hellforged axe,same-id-same-name
8097,8097,solar axe,same-id-same-name
8098,8098,demonwing axe,same-id-same-name
8099,8099,dark trinity mace,same-id-same-name
8100,8100,obsidian truncheon,same-id-same-name
8101,8101,stomper,same-id-same-name
8102,8102,emerald sword,same-id-same-name
8103,8103,epiphany,same-id-same-name
8104,8104,calamity,same-id-same-name
8105,8105,remains of an earth elemental,same-id-same-name
8106,8106,remains of an earth elemental,same-id-same-name
8107,8107,remains of an earth elemental,same-id-same-name
8108,8108,remains of an earth elemental,same-id-same-name
8109,8109,remains of a vampire lord,same-id-same-name
8110,8110,remains of a vampire lord,same-id-same-name
8111,8111,remains of a vampire lord,same-id-same-name
8112,8112,remains of a vampire lord,same-id-same-name
8113,8113,dead wyrm,same-id-same-name
8114,8114,dead wyrm,same-id-same-name
8115,8115,dead wyrm,same-id-same-name
8116,8116,dead wyrm,same-id-same-name
8117,8117,theatre script,same-id-same-name
8118,8118,remains of a wisp,same-id-same-name
8119,8119,dead rotworm queen,same-id-same-name
8120,8120,dead rotworm queen,same-id-same-name
8121,8121,dead rotworm queen,same-id-same-name
8122,8122,dead rotworm queen,same-id-same-name
8123,8123,slain bog raider,same-id-same-name
8124,8124,slain bog raider,same-id-same-name
8125,8125,slain bog raider,same-id-same-name
8126,8126,slain bog raider,same-id-same-name
8127,8127,slain reaper,same-id-same-name
8128,8128,slain reaper,same-id-same-name
8129,8129,slain reaper,same-id-same-name
8130,8130,slain reaper,same-id-same-name
8131,8131,white marble floor,same-id-same-name
8132,8132,slain mutated pumpkin,same-id-same-name
8133,8133,slain mutated pumpkin,same-id-same-name
8134,8134,slain mutated pumpkin,same-id-same-name
8135,8135,slain mutated pumpkin,same-id-same-name
8136,8136,remains of an elemental,same-id-same-name
8137,8137,remains of an elemental,same-id-same-name
8138,8138,remains of an elemental,same-id-same-name
8139,8139,remains of an elemental,same-id-same-name
8140,8140,remains of an elemental,same-id-same-name
8141,8141,remains of an elemental,same-id-same-name
8142,8142,Santiago's piano,same-id-same-name
8143,8143,gland,same-id-same-name
8144,8144,large hole,same-id-same-name
8145,8145,archway,same-id-same-name
8146,8146,oracle figurine,same-id-same-name
8147,8147,oracle figurine,same-id-same-name
8148,8148,golden falcon,same-id-same-name
8149,8149,Tibiacity Encyclopedia,same-id-same-name
8150,8150,key of numerous locks,same-id-same-name
8151,8151,TibiaHispano Emblem,same-id-same-name
8152,8152,mexcalibur,same-id-same-name
8153,8153,golden newspaper,same-id-same-name
8154,8154,norseman doll,same-id-same-name
8155,8155,heavily bound book,same-id-same-name
8156,8156,abacus,same-id-same-name
8157,8157,norseman doll,same-id-same-name
8174,8174,Tibiacity Encyclopedia,same-id-same-name
8175,8175,golden falcon,same-id-same-name
8176,8176,golden newspaper,same-id-same-name
8177,8177,yummy gummy worm,same-id-same-name
8178,8178,toy spider,same-id-same-name
8179,8179,toy spider,same-id-same-name
8180,8180,something crawling,same-id-same-name
8181,8181,Overlord's ashes,same-id-same-name
8182,8182,Overlord's ashes,same-id-same-name
8183,8183,Overlord's ashes,same-id-same-name
8184,8184,Overlord's ashes,same-id-same-name
8191,8191,vampire doll,same-id-same-name
8192,8192,vampire lord token,same-id-same-name
8193,8193,strange whirl,same-id-same-name
8194,8194,garlic bread,same-id-same-name
8195,8195,lump of holy water dough,same-id-same-name
8196,8196,lump of garlic dough,same-id-same-name
8197,8197,bulb of garlic,same-id-same-name
8198,8198,baking tray,same-id-same-name
8199,8199,garlic cookie,same-id-same-name
8200,8200,Julius' map,same-id-same-name
8217,8217,RESERVED SPRITE,same-id-same-name
8218,8218,roof,same-id-same-name
8224,8224,archway,same-id-same-name
8225,8225,blood crystal,same-id-same-name
8251,8251,open door,same-id-same-name
8254,8254,open door,same-id-same-name
8255,8255,closed door,same-id-same-name
8256,8256,open door,same-id-same-name
8257,8257,closed door,same-id-same-name
8258,8258,open door,same-id-same-name
8259,8259,closed door,same-id-same-name
8260,8260,open door,same-id-same-name
8261,8261,closed door,same-id-same-name
8262,8262,open door,same-id-same-name
8263,8263,gate of expertise,same-id-same-name
8264,8264,gate of expertise,same-id-same-name
8265,8265,gate of expertise,same-id-same-name
8266,8266,gate of expertise,same-id-same-name
8275,8275,torn book,same-id-same-name
8325,8325,vampire lord statue,same-id-same-name
8326,8326,vampire lord,same-id-same-name
8356,8356,open door,same-id-same-name
8357,8357,closed door,same-id-same-name
8358,8358,open door,same-id-same-name
8359,8359,closed door,same-id-same-name
8360,8360,open door,same-id-same-name
8361,8361,closed door,same-id-same-name
8362,8362,open door,same-id-same-name
8363,8363,closed door,same-id-same-name
8364,8364,open door,same-id-same-name
8365,8365,gate of expertise,same-id-same-name
8366,8366,gate of expertise,same-id-same-name
8367,8367,gate of expertise,same-id-same-name
8368,8368,gate of expertise,same-id-same-name
8388,8388,stone pillar,same-id-same-name
8389,8389,broken stone pillar,same-id-same-name
8390,8390,statue,same-id-same-name
8453,8453,blood crystal,same-id-same-name
8507,8507,stone railing,same-id-same-name
8518,8518,stone wall,same-id-same-name
8523,8523,large candelabrum,same-id-same-name
8524,8524,fire basin,same-id-same-name
8525,8525,blood basin,same-id-same-name
8526,8526,family banner,same-id-same-name
8531,8531,blood goblet,same-id-same-name
8532,8532,blood skull,same-id-same-name
8554,8554,palisade,same-id-same-name
8615,8615,mechanism,same-id-same-name
8618,8618,mechanism,same-id-same-name
8645,8645,piano,same-id-same-name
8657,8657,corkscrew stairs,same-id-same-name
8658,8658,corkscrew stairs,same-id-same-name
8667,8667,wall mirror,same-id-same-name
8680,8680,stone pedestal,same-id-same-name
8684,8684,water,same-id-same-name
8689,8689,wall mirror,same-id-same-name
8690,8690,stairs,same-id-same-name
8708,8708,closed trapdoor,same-id-same-name
8709,8709,open trapdoor,same-id-same-name
8715,8715,metal piece,same-id-same-name
8716,8716,swamp,same-id-same-name
8717,8717,dust of Boreth,same-id-same-name
8718,8718,dust of Lersatio,same-id-same-name
8719,8719,dust of Marziel,same-id-same-name
8720,8720,dust of Arthei,same-id-same-name
8737,8737,CM token,same-id-same-name
8738,8738,slain vampire bride,same-id-same-name
8739,8739,wooden pole,same-id-same-name
8742,8742,slain vampire bride,same-id-same-name
8743,8743,slain vampire bride,same-id-same-name
8744,8744,slain vampire bride,same-id-same-name
8745,8745,crate,same-id-same-name
8746,8746,ghost's tear,same-id-same-name
8747,8747,old piece of paper,same-id-same-name
8755,8755,sandstone floor,same-id-same-name
8756,8756,white marble floor,same-id-same-name
8757,8757,stone floor,same-id-same-name
8758,8758,bottle of bug milk,same-id-same-name
8759,8759,sample of venorean spice,same-id-same-name
8760,8760,sample of sand wasp honey,same-id-same-name
8761,8761,jug of embalming fluid,same-id-same-name
8762,8762,piece of royal satin,same-id-same-name
8763,8763,bowl of evergreen flowers,same-id-same-name
8764,8764,research notes,same-id-same-name
8765,8765,archway,same-id-same-name
8770,8770,sand,same-id-same-name
8771,8771,crate,same-id-same-name
8772,8772,food crate,same-id-same-name
8773,8773,Iriana's chest,same-id-same-name
8774,8774,cask of brown ale,same-id-same-name
8775,8775,gear wheel,same-id-same-name
8776,8776,large crystal,same-id-same-name
8777,8777,Rerun's ring,same-id-same-name
8778,8778,jester doll,same-id-same-name
8779,8779,head of a jester doll,same-id-same-name
8780,8780,torso of a jester doll,same-id-same-name
8781,8781,part of a jester doll,same-id-same-name
8782,8782,part of a jester doll,same-id-same-name
8783,8783,part of a jester doll,same-id-same-name
8784,8784,part of a jester doll,same-id-same-name
8818,8818,alchemists' formulas,same-id-same-name
8819,8819,animal cure,same-id-same-name
8820,8820,Morik's helmet,same-id-same-name
8821,8821,armor,same-id-same-name
8826,8826,ghost residue,same-id-same-name
8827,8827,charged ghost charm,same-id-same-name
8828,8828,weapon matrix crystal,same-id-same-name
8829,8829,food matrix crystal,same-id-same-name
8830,8830,box ramp,same-id-same-name
8831,8831,box ramp,same-id-same-name
8852,8852,strange apparatus,same-id-same-name
8853,8853,suspicious surprise bag,same-id-same-name
8860,8860,brocade backpack,same-id-same-name
8861,8861,brocade bag,same-id-same-name
8862,8862,yalahari armor,same-id-same-name
8863,8863,yalahari leg piece,same-id-same-name
8864,8864,yalahari mask,same-id-same-name
8865,8865,crystal column,same-id-same-name
8866,8866,dead unknown,same-id-same-name
8867,8867,dead unknown,same-id-same-name
8868,8868,dead unknown,same-id-same-name
8869,8869,dead unknown,same-id-same-name
8886,8886,iron floor,same-id-same-name
8887,8887,dead worker golem,same-id-same-name
8888,8888,dead worker golem,same-id-same-name
8889,8889,dead worker golem,same-id-same-name
8890,8890,dead worker golem,same-id-same-name
8891,8891,rusty weapon,same-id-same-name
8892,8892,rusty weapon,same-id-same-name
8893,8893,rusty weapon,same-id-same-name
8894,8894,heavily rusted armor,same-id-same-name
8895,8895,rusted armor,same-id-same-name
8896,8896,slightly rusted armor,same-id-same-name
8897,8897,heavily rusted legs,same-id-same-name
8898,8898,rusted legs,same-id-same-name
8899,8899,slightly rusted legs,same-id-same-name
8900,8900,heavily rusted shield,same-id-same-name
8901,8901,rusted shield,same-id-same-name
8902,8902,slightly rusted shield,same-id-same-name
8906,8906,heavily rusted helmet,same-id-same-name
8907,8907,rusted helmet,same-id-same-name
8908,8908,slightly rusted helmet,same-id-same-name
8909,8909,slain undead gladiator,same-id-same-name
8910,8910,slain undead gladiator,same-id-same-name
8915,8915,dead mutated bat,same-id-same-name
8916,8916,dead mutated bat,same-id-same-name
8917,8917,dead mutated bat,same-id-same-name
8918,8918,dead mutated bat,same-id-same-name
8923,8923,velvet tapestry,same-id-same-name
8932,8932,corkscrew stairs,same-id-same-name
8953,8953,dead haunted treeling,same-id-same-name
8954,8954,dead haunted treeling,same-id-same-name
8955,8955,dead haunted treeling,same-id-same-name
8956,8956,dead haunted treeling,same-id-same-name
8957,8957,dead mutated rat,same-id-same-name
8958,8958,dead mutated rat,same-id-same-name
8959,8959,dead mutated rat,same-id-same-name
8960,8960,dead mutated rat,same-id-same-name
8961,8961,slain zombie,same-id-same-name
8962,8962,slain zombie,same-id-same-name
8963,8963,slain zombie,same-id-same-name
8964,8964,slain zombie,same-id-same-name
8965,8965,dead young sea serpent,same-id-same-name
8966,8966,dead young sea serpent,same-id-same-name
8967,8967,dead young sea serpent,same-id-same-name
8968,8968,dead young sea serpent,same-id-same-name
8969,8969,lava,same-id-same-name
8972,8972,broken apparatus,same-id-same-name
8977,8977,broken apparatus,same-id-same-name
8980,8980,broken apparatus,same-id-same-name
8983,8983,broken machine,same-id-same-name
8986,8986,broken machine,same-id-same-name
8989,8989,broken machine,same-id-same-name
8992,8992,broken machine,same-id-same-name
8999,8999,dead mutated tiger,same-id-same-name
9000,9000,dead mutated tiger,same-id-same-name
9001,9001,dead nightstalker,same-id-same-name
9002,9002,dead nightstalker,same-id-same-name
9003,9003,dead nightstalker,same-id-same-name
9004,9004,dead nightstalker,same-id-same-name
9005,9005,dead nightmare scion,same-id-same-name
9006,9006,dead nightmare scion,same-id-same-name
9007,9007,dead nightmare scion,same-id-same-name
9008,9008,dead nightmare scion,same-id-same-name
9009,9009,dead hellspawn,same-id-same-name
9010,9010,dead hellspawn,same-id-same-name
9011,9011,dead hellspawn,same-id-same-name
9012,9012,dead hellspawn,same-id-same-name
9013,9013,flower wreath,same-id-same-name
9014,9014,leaf legs,same-id-same-name
9015,9015,flower dress,same-id-same-name
9016,9016,flask of rust remover,same-id-same-name
9017,9017,coconut shoes,same-id-same-name
9018,9018,firewalker boots,same-id-same-name
9019,9019,firewalker boots,same-id-same-name
9020,9020,worn firewalker boots,same-id-same-name
9021,9021,dead gozzler,same-id-same-name
9022,9022,dead gozzler,same-id-same-name
9023,9023,dead gozzler,same-id-same-name
9024,9024,dead gozzler,same-id-same-name
9027,9027,crystal of focus,same-id-same-name
9028,9028,crystal of balance,same-id-same-name
9034,9034,dracoyle statue,same-id-same-name
9035,9035,dracoyle statue,same-id-same-name
9039,9039,dracoyle statue,same-id-same-name
9040,9040,dracoyle statue,same-id-same-name
9041,9041,vampiric crest,same-id-same-name
9042,9042,magical torch,same-id-same-name
9043,9043,yalahar coal basin,same-id-same-name
9044,9044,RESERVED SPRITE,same-id-same-name
9045,9045,royal tapestry,same-id-same-name
9046,9046,silky tapestry,same-id-same-name
9047,9047,slain death blob,same-id-same-name
9048,9048,slain mercury blob,same-id-same-name
9049,9049,slain acid blob,same-id-same-name
9050,9050,slain death blob,same-id-same-name
9051,9051,slain mercury blob,same-id-same-name
9052,9052,slain acid blob,same-id-same-name
9053,9053,glob of mercury,same-id-same-name
9054,9054,glob of acid slime,same-id-same-name
9055,9055,glob of tar,same-id-same-name
9056,9056,black skull,same-id-same-name
9057,9057,small topaz,same-id-same-name
9058,9058,gold ingot,same-id-same-name
9059,9059,small lamp,same-id-same-name
9060,9060,lit small lamp,same-id-same-name
9061,9061,crystal table kit,same-id-same-name
9062,9062,crystal table,same-id-same-name
9063,9063,crystal pedestal,same-id-same-name
9064,9064,crystal pedestal,same-id-same-name
9065,9065,crystal pedestal,same-id-same-name
9066,9066,crystal pedestal,same-id-same-name
9067,9067,crystal of power,same-id-same-name
9068,9068,yalahari figurine,same-id-same-name
9069,9069,flower pot,same-id-same-name
9070,9070,flower pot,same-id-same-name
9071,9071,withered plant,same-id-same-name
9072,9072,withered plant,same-id-same-name
9073,9073,flower pot,same-id-same-name
9074,9074,flower pot,same-id-same-name
9075,9075,flower pot,same-id-same-name
9076,9076,flower pot,same-id-same-name
9077,9077,flower pot,same-id-same-name
9078,9078,flower pot,same-id-same-name
9079,9079,rotworm stew,same-id-same-name
9080,9080,hydra tongue salad,same-id-same-name
9081,9081,roasted dragon wings,same-id-same-name
9082,9082,tropical fried terrorbird,same-id-same-name
9083,9083,banana chocolate shake,same-id-same-name
9084,9084,veggie casserole,same-id-same-name
9085,9085,filled jalapeno peppers,same-id-same-name
9086,9086,blessed steak,same-id-same-name
9087,9087,carrot cake,same-id-same-name
9088,9088,northern fishburger,same-id-same-name
9089,9089,dead war golem,same-id-same-name
9090,9090,dead war golem,same-id-same-name
9091,9091,dead war golem,same-id-same-name
9092,9092,dead war golem,same-id-same-name
9093,9093,Jean Pierre's Cookbook I,same-id-same-name
9094,9094,dead mutated human,same-id-same-name
9095,9095,dead mutated human,same-id-same-name
9096,9096,dead mutated human,same-id-same-name
9097,9097,swamp tentacles,same-id-same-name
9100,9100,mystic flame,same-id-same-name
9101,9101,stand,same-id-same-name
9102,9102,crystal,same-id-same-name
9103,9103,batwing hat,same-id-same-name
9104,9104,football,same-id-same-name
9105,9105,crystal ball,same-id-same-name
9106,9106,molten wax,same-id-same-name
9107,9107,special polish,same-id-same-name
9108,9108,magical blending device,same-id-same-name
9109,9109,fish flakes,same-id-same-name
9112,9112,flask with magical oil,same-id-same-name
9113,9113,magical cage key,same-id-same-name
9114,9114,wooden ties,same-id-same-name
9115,9115,metal fitting,same-id-same-name
9116,9116,ladder,same-id-same-name
9117,9117,unknown item,same-id-same-name
9118,9118,RESERVED SPRITE,same-id-same-name
9119,9119,crucible,same-id-same-name
9131,9131,Eclesius' sandals,same-id-same-name
9132,9132,frost cannon,same-id-same-name
9133,9133,crystal column,same-id-same-name
9134,9134,crystal column,same-id-same-name
9135,9135,crystal column,same-id-same-name
9136,9136,crystal column,same-id-same-name
9137,9137,crystal column,same-id-same-name
9138,9138,crystal column,same-id-same-name
9139,9139,crystal column,same-id-same-name
9140,9140,crystal column,same-id-same-name
9141,9141,wooden planks,same-id-same-name
9142,9142,Grodrik's favourite axe,same-id-same-name
9143,9143,Amarie's favourite book,same-id-same-name
9147,9147,glob of grease,same-id-same-name
9148,9148,giant screwdriver,same-id-same-name
9149,9149,vial of elemental water,same-id-same-name
9150,9150,energy net,same-id-same-name
9151,9151,bag of screws,same-id-same-name
9152,9152,v-belt,same-id-same-name
9153,9153,yalahari gear wheel,same-id-same-name
9154,9154,spare part,same-id-same-name
9155,9155,red power core,same-id-same-name
9156,9156,green power core,same-id-same-name
9157,9157,chaos matter,same-id-same-name
9158,9158,vortex of elemental water,same-id-same-name
9159,9159,pile of chaos matter,same-id-same-name
9160,9160,metal locker,same-id-same-name
9161,9161,glue dispenser,same-id-same-name
9162,9162,storage chest,same-id-same-name
9163,9163,amphora of grease,same-id-same-name
9164,9164,storage box,same-id-same-name
9165,9165,toolbox,same-id-same-name
9166,9166,screwdriver holder,same-id-same-name
9167,9167,energy generator,same-id-same-name
9168,9168,dusty box,same-id-same-name
9169,9169,old crate,same-id-same-name
9170,9170,wonder glue,same-id-same-name
9171,9171,parchment,same-id-same-name
9172,9172,prison cell key,same-id-same-name
9173,9173,love potion,same-id-same-name
9174,9174,sand,same-id-same-name
9175,9175,skull,same-id-same-name
9176,9176,hot cauldron,same-id-same-name
9177,9177,voodoo doll,same-id-same-name
9178,9178,voodoo doll,same-id-same-name
9179,9179,voodoo doll,same-id-same-name
9180,9180,remains of a pirate,same-id-same-name
9181,9181,top right part of a map,same-id-same-name
9182,9182,top left part of a map,same-id-same-name
9183,9183,lower right part of a map,same-id-same-name
9184,9184,lower left part of a map,same-id-same-name
9185,9185,very old piece of paper,same-id-same-name
9186,9186,old encrypted text,same-id-same-name
9187,9187,Xodet's first wand,same-id-same-name
9188,9188,formula for a memory potion,same-id-same-name
9189,9189,hand puppets,same-id-same-name
9190,9190,hand puppets,same-id-same-name
9191,9191,bundle of rags,same-id-same-name
9192,9192,yalahari inkwell,same-id-same-name
9193,9193,yalahari folio,same-id-same-name
9194,9194,stone pile,same-id-same-name
9195,9195,stone pile,same-id-same-name
9196,9196,drilling worm,same-id-same-name
9197,9197,carrion worm,same-id-same-name
9198,9198,stone pile,same-id-same-name
9199,9199,stone pile,same-id-same-name
9200,9200,stone pile,same-id-same-name
9201,9201,heated worm punisher,same-id-same-name
9204,9204,old pirate poem,same-id-same-name
9205,9205,pirate treasure map,same-id-same-name
9206,9206,champion's cup,same-id-same-name
9207,9207,silver cup of honour,same-id-same-name
9208,9208,bronze cup of honour,same-id-same-name
9209,9209,golden warrior trophy,same-id-same-name
9210,9210,silver warrior trophy,same-id-same-name
9211,9211,bronze warrior trophy,same-id-same-name
9212,9212,golden trophy of excellence,same-id-same-name
9213,9213,silver trophy of excellence,same-id-same-name
9214,9214,bronze trophy of excellence,same-id-same-name
9215,9215,gold medal,same-id-same-name
9216,9216,silver medal,same-id-same-name
9217,9217,bronze medal,same-id-same-name
9218,9218,badge of glory,same-id-same-name
9219,9219,arcane insignia,same-id-same-name
9220,9220,hero's medal,same-id-same-name
9221,9221,laurel wreath,same-id-same-name
9222,9222,royal medal,same-id-same-name
9223,9223,heavy medal,same-id-same-name
9224,9224,elven trophy,same-id-same-name
9225,9225,cherry blossom tree,same-id-same-name
9226,9226,honey flower,same-id-same-name
9227,9227,potted flower,same-id-same-name
9228,9228,blood herb,same-id-same-name
9229,9229,exotic flowers,same-id-same-name
9230,9230,flower bouquet,same-id-same-name
9231,9231,god flowers,same-id-same-name
9232,9232,cocktail glass,same-id-same-name
9233,9233,golem part,same-id-same-name
9234,9234,worm punisher,same-id-same-name
9235,9235,golem disassembler,same-id-same-name
9236,9236,animal fetish,same-id-same-name
9237,9237,shadow orb,same-id-same-name
9238,9238,dark essence,same-id-same-name
9239,9239,worm queen tooth,same-id-same-name
9240,9240,deep crystal,same-id-same-name
9241,9241,bloodkiss flower,same-id-same-name
9242,9242,crucible,same-id-same-name
9243,9243,crucible,same-id-same-name
9244,9244,crucible,same-id-same-name
9245,9245,RESERVED SPRITE,same-id-same-name
9246,9246,earth,same-id-same-name
9247,9247,golem blueprint,same-id-same-name
9248,9248,stabilizer,same-id-same-name
9249,9249,mago mechanic core,same-id-same-name
9250,9250,core dispenser,same-id-same-name
9251,9251,elemental crystal,same-id-same-name
9252,9252,old power core,same-id-same-name
9253,9253,core dispenser,same-id-same-name
9254,9254,sparkling gems,same-id-same-name
9255,9255,golem head,same-id-same-name
9256,9256,unfinished golem,same-id-same-name
9257,9257,mountain ground,same-id-same-name
9258,9258,dirt,same-id-same-name
9276,9276,limestone railing,same-id-same-name
9279,9279,limestone railing,same-id-same-name
9291,9291,ocean floor,same-id-same-name
9292,9292,Carlin banner,same-id-same-name
9301,9301,bonfire amulet,same-id-same-name
9302,9302,sacred tree amulet,same-id-same-name
9303,9303,leviathan's amulet,same-id-same-name
9304,9304,shockwave amulet,same-id-same-name
9306,9306,mechanical fishing rod,same-id-same-name
9307,9307,mechanical fish,same-id-same-name
9308,9308,nautical map,same-id-same-name
9351,9351,closed door,same-id-same-name
9352,9352,closed door,same-id-same-name
9353,9353,open door,same-id-same-name
9354,9354,closed door,same-id-same-name
9355,9355,closed door,same-id-same-name
9356,9356,open door,same-id-same-name
9357,9357,closed door,same-id-same-name
9358,9358,open door,same-id-same-name
9359,9359,closed door,same-id-same-name
9360,9360,open door,same-id-same-name
9361,9361,closed door,same-id-same-name
9362,9362,open door,same-id-same-name
9363,9363,closed door,same-id-same-name
9364,9364,open door,same-id-same-name
9365,9365,gate of expertise,same-id-same-name
9366,9366,gate of expertise,same-id-same-name
9367,9367,gate of expertise,same-id-same-name
9368,9368,gate of expertise,same-id-same-name
9371,9371,mystic flame,same-id-same-name
9372,9372,meat shield,same-id-same-name
9373,9373,glutton's mace,same-id-same-name
9374,9374,odd hat,same-id-same-name
9375,9375,pointed rabbitslayer,same-id-same-name
9376,9376,stale bread of ancientness,same-id-same-name
9377,9377,shield of the white knight,same-id-same-name
9378,9378,musician's bow,same-id-same-name
9379,9379,heavy metal t-shirt,same-id-same-name
9380,9380,shield of care,same-id-same-name
9381,9381,helmet of ultimate terror,same-id-same-name
9382,9382,helmet of nature,same-id-same-name
9383,9383,trousers of the ancients,same-id-same-name
9384,9384,scythe of the reaper,same-id-same-name
9385,9385,club of the fury,same-id-same-name
9386,9386,farmer's avenger,same-id-same-name
9387,9387,poet's fencing quill,same-id-same-name
9388,9388,holy icon,same-id-same-name
9389,9389,fan doll of King Tibianus,same-id-same-name
9390,9390,machine crate,same-id-same-name
9391,9391,fan club membership card,same-id-same-name
9392,9392,claw of 'The Noxious Spawn',same-id-same-name
9393,9393,claw of 'The Noxious Spawn',same-id-same-name
9394,9394,claw of 'The Noxious Spawn',same-id-same-name
9395,9395,claw of 'The Noxious Spawn',same-id-same-name
9396,9396,incredible mumpiz slayer,same-id-same-name
9397,9397,claw of 'The Noxious Spawn',same-id-same-name
9398,9398,claw of 'The Noxious Spawn',same-id-same-name
9399,9399,mighty helm of green sparks,same-id-same-name
9400,9400,rain coat,same-id-same-name
9401,9401,shield Nevermourn,same-id-same-name
9402,9402,dead Doctor Perhaps,same-id-same-name
9403,9403,dead Dirtbeard,same-id-same-name
9404,9404,dead Evil Mastermind,same-id-same-name
9405,9405,dead Monstor,same-id-same-name
9406,9406,dead Mephiles,same-id-same-name
9407,9407,slain Boogey,same-id-same-name
9427,9427,stone ledge,same-id-same-name
9442,9442,dirt,same-id-same-name
9445,9445,dirt,same-id-same-name
9446,9446,rain coat,same-id-same-name
9447,9447,shield Nevermourn,same-id-same-name
9518,9518,stone wall,same-id-same-name
9532,9532,stone pedestal,same-id-same-name
9537,9537,headache pill,same-id-same-name
9538,9538,pigeon trophy,same-id-same-name
9551,9551,closed door,same-id-same-name
9552,9552,closed door,same-id-same-name
9553,9553,open door,same-id-same-name
9554,9554,closed door,same-id-same-name
9555,9555,open door,same-id-same-name
9556,9556,gate of expertise,same-id-same-name
9557,9557,gate of expertise,same-id-same-name
9558,9558,closed door,same-id-same-name
9559,9559,open door,same-id-same-name
9560,9560,closed door,same-id-same-name
9561,9561,closed door,same-id-same-name
9562,9562,open door,same-id-same-name
9563,9563,closed door,same-id-same-name
9564,9564,open door,same-id-same-name
9565,9565,gate of expertise,same-id-same-name
9566,9566,gate of expertise,same-id-same-name
9567,9567,closed door,same-id-same-name
9568,9568,open door,same-id-same-name
9582,9582,remains of a water elemental,same-id-same-name
9583,9583,remains of a water elemental,same-id-same-name
9584,9584,dead tree,same-id-same-name
9585,9585,engraved wedding ring,same-id-same-name
9586,9586,wedding outfit box,same-id-same-name
9587,9587,tree,same-id-same-name
9590,9590,skull,same-id-same-name
9591,9591,remains of a wisp,same-id-same-name
9592,9592,limestone pedestal,same-id-same-name
9593,9593,broken wedding ring,same-id-same-name
9594,9594,sneaky stabber of eliteness,same-id-same-name
9595,9595,sneaky stabber of eliteness,same-id-same-name
9596,9596,squeezing gear of girlpower,same-id-same-name
9597,9597,squeezing gear of girlpower,same-id-same-name
9598,9598,whacking driller of fate,same-id-same-name
9599,9599,whacking driller of fate,same-id-same-name
9601,9601,demon backpack,same-id-same-name
9602,9602,orange backpack,same-id-same-name
9603,9603,orange bag,same-id-same-name
9604,9604,moon backpack,same-id-same-name
9605,9605,crown backpack,same-id-same-name
9606,9606,egg of The Many,same-id-same-name
9607,9607,dead medusa,same-id-same-name
9608,9608,dead medusa,same-id-same-name
9609,9609,dead medusa,same-id-same-name
9610,9610,dead medusa,same-id-same-name
9611,9611,dragon claw,same-id-same-name
9613,9613,sea serpent trophy,same-id-same-name
9614,9614,famous golden bug,same-id-same-name
9615,9615,midnight shard,same-id-same-name
9616,9616,bejeweled ship's telescope,same-id-same-name
9617,9617,bejeweled ship's telescope,same-id-same-name
9618,9618,bejeweled ship's telescope,same-id-same-name
9619,9619,bejeweled ship's telescope,same-id-same-name
9624,9624,limestone railing,same-id-same-name
9625,9625,statue of Fafnar,same-id-same-name
9630,9630,energy field,same-id-same-name
9631,9631,scarab pincers,same-id-same-name
9632,9632,ancient stone,same-id-same-name
9633,9633,bloody pincers,same-id-same-name
9634,9634,cobra tongue,same-id-same-name
9635,9635,elvish talisman,same-id-same-name
9636,9636,fiery heart,same-id-same-name
9637,9637,hellhound slobber,same-id-same-name
9638,9638,cultish mask,same-id-same-name
9639,9639,cultish robe,same-id-same-name
9640,9640,poisonous slime,same-id-same-name
9641,9641,piece of scarab shell,same-id-same-name
9642,9642,spooky blue eye,same-id-same-name
9643,9643,thorn,same-id-same-name
9644,9644,wyvern talisman,same-id-same-name
9645,9645,black hood,same-id-same-name
9646,9646,book of prayers,same-id-same-name
9647,9647,demonic skeletal hand,same-id-same-name
9648,9648,frosty ear of a troll,same-id-same-name
9649,9649,gauze bandage,same-id-same-name
9650,9650,polar bear paw,same-id-same-name
9651,9651,scorpion tail,same-id-same-name
9652,9652,witch broom,same-id-same-name
9653,9653,witch hat,same-id-same-name
9654,9654,war crystal,same-id-same-name
9655,9655,gear crystal,same-id-same-name
9656,9656,broken gladiator shield,same-id-same-name
9657,9657,cyclops toe,same-id-same-name
9658,9658,frost giant pelt,same-id-same-name
9659,9659,half-eaten brain,same-id-same-name
9660,9660,mystical hourglass,same-id-same-name
9661,9661,frosty heart,same-id-same-name
9662,9662,mutated bat ear,same-id-same-name
9663,9663,piece of dead brain,same-id-same-name
9664,9664,piece of hellfire armor,same-id-same-name
9665,9665,wyrm scale,same-id-same-name
9666,9666,sea serpent scale,same-id-same-name
9667,9667,boggy dreads,same-id-same-name
9668,9668,mutated rat tail,same-id-same-name
9675,9675,leaf wreath,same-id-same-name
9683,9683,haunted piece of wood,same-id-same-name
9684,9684,tattered piece of robe,same-id-same-name
9685,9685,vampire teeth,same-id-same-name
9686,9686,swamp grass,same-id-same-name
9687,9687,dead cobra,same-id-same-name
9688,9688,bundle of cursed straw,same-id-same-name
9689,9689,bunch of troll hair,same-id-same-name
9690,9690,ghostly tissue,same-id-same-name
9691,9691,lion's mane,same-id-same-name
9692,9692,lump of dirt,same-id-same-name
9693,9693,pig foot,same-id-same-name
9694,9694,snake skin,same-id-same-name
9695,9695,unknown item,same-id-same-name
9696,9696,plans for a strange device,same-id-same-name
9697,9697,rare crystal,same-id-same-name
9698,9698,carrying device,same-id-same-name
9699,9699,filled carrying device,same-id-same-name
9802,9802,friendship amulet,same-id-same-name
9803,9803,friendship amulet,same-id-same-name
9804,9804,zaoan decoration,same-id-same-name
9811,9811,dragonbone tree,same-id-same-name
9812,9812,tree,same-id-same-name
9813,9813,death root,same-id-same-name
9814,9814,flower tree,same-id-same-name
9815,9815,jade spike plant,same-id-same-name
9816,9816,jade plant,same-id-same-name
9817,9817,thornpeak grass,same-id-same-name
9843,9843,flask with beaver bait,same-id-same-name
9858,9858,closed door,same-id-same-name
9859,9859,closed door,same-id-same-name
9860,9860,open door,same-id-same-name
9863,9863,gate of expertise,same-id-same-name
9864,9864,gate of expertise,same-id-same-name
9865,9865,closed door,same-id-same-name
9866,9866,open door,same-id-same-name
9867,9867,closed door,same-id-same-name
9868,9868,closed door,same-id-same-name
9869,9869,open door,same-id-same-name
9870,9870,big mushroom,same-id-same-name
9871,9871,tainted pland,same-id-same-name
9872,9872,gate of expertise,same-id-same-name
9873,9873,gate of expertise,same-id-same-name
9874,9874,closed door,same-id-same-name
9875,9875,open door,same-id-same-name
9886,9886,witches cauldron plant,same-id-same-name
9889,9889,pestilent fern,same-id-same-name
9893,9893,stone wall,same-id-same-name
9894,9894,apocalypse mushroom,same-id-same-name
9895,9895,stone wall,same-id-same-name
9896,9896,mourning mushroom,same-id-same-name
9899,9899,infected throne,same-id-same-name
9900,9900,pestbringer,same-id-same-name
9959,9959,throatslitter,same-id-same-name
9995,9995,solstice tree,same-id-same-name
9996,9996,dry solstice tree,same-id-same-name
9997,9997,high grass,same-id-same-name
9998,9998,high grass,same-id-same-name
9999,9999,high grass,same-id-same-name
10000,10000,solstice tree,same-id-same-name
10009,10009,flask of crown polisher,same-id-same-name
10010,10010,zaoan decoration,same-id-same-name
10011,10011,map to the unknown,same-id-same-name
10025,10025,almanac of magic,same-id-same-name
10026,10026,baby rotworm,same-id-same-name
10027,10027,universal tool,same-id-same-name
10028,10028,soul contract,same-id-same-name
10069,10069,fire field,same-id-same-name
10070,10070,fire field,same-id-same-name
10071,10071,fire field,same-id-same-name
10096,10096,stacke,same-id-same-name
10097,10097,pepper grass,same-id-same-name
10098,10098,high grass,same-id-same-name
10111,10111,pepper grass,same-id-same-name
10112,10112,mud sand grass,same-id-same-name
10140,10140,demonic residue,same-id-same-name
10159,10159,skull of a caveman,same-id-same-name
10180,10180,groud,same-id-same-name
10181,10181,magic wall,same-id-same-name
10182,10182,rush wood,same-id-same-name
10183,10183,flask of poison,same-id-same-name
10184,10184,tactical map,same-id-same-name
10185,10185,swich,same-id-same-name
10186,10186,scrying ball,same-id-same-name
10187,10187,rare crystal,same-id-same-name
10189,10189,flask of extra greasy oil,same-id-same-name
10190,10190,dead draken warmaster,same-id-same-name
10191,10191,dead draken warmaster,same-id-same-name
10192,10192,dead draken warmaster,same-id-same-name
10193,10193,dead draken warmaster,same-id-same-name
10194,10194,bamboo drawer,same-id-same-name
10195,10195,leaves,same-id-same-name
10196,10196,orc tooth,same-id-same-name
10197,10197,jungle grass,same-id-same-name
10198,10198,tribal crest,same-id-same-name
10199,10199,serpent crest,same-id-same-name
10200,10200,crystal boots,same-id-same-name
10201,10201,dragon scale boots,same-id-same-name
10202,10202,heart backpack,same-id-same-name
10203,10203,skull pile,same-id-same-name
10205,10205,pile of bones,same-id-same-name
10206,10206,stone stairs,same-id-same-name
10207,10207,snowman package,same-id-same-name
10208,10208,snowman,same-id-same-name
10209,10209,lizard weapon rack kit,same-id-same-name
10210,10210,lizard weapon rack,same-id-same-name
10211,10211,lizard weapon rack,same-id-same-name
10212,10212,dragon statue,same-id-same-name
10213,10213,dragon statue,same-id-same-name
10214,10214,dragon statue,same-id-same-name
10215,10215,dragon statue,same-id-same-name
10216,10216,dragon statue kit,same-id-same-name
10217,10217,Tome of Knowledge,same-id-same-name
10218,10218,corned fish,same-id-same-name
10219,10219,crocodile steak,same-id-same-name
10221,10221,dead killer caiman,same-id-same-name
10222,10222,dead killer caiman,same-id-same-name
10223,10223,dead killer caiman,same-id-same-name
10224,10224,dead killer caiman,same-id-same-name
10227,10227,nightmare doll,same-id-same-name
10244,10244,bonebeast trophy,same-id-same-name
10247,10247,weapons crate,same-id-same-name
10272,10272,crab pincers,same-id-same-name
10273,10273,terrorbird beak,same-id-same-name
10274,10274,skunk tail,same-id-same-name
10275,10275,carrion worm fang,same-id-same-name
10276,10276,elder bonelord tentacle,same-id-same-name
10277,10277,bony tail,same-id-same-name
10278,10278,stone wing,same-id-same-name
10279,10279,piece of crocodile leather,same-id-same-name
10280,10280,giant eye,same-id-same-name
10281,10281,tarantula egg,same-id-same-name
10282,10282,hydra head,same-id-same-name
10283,10283,half-digested piece of meat,same-id-same-name
10286,10286,dragon throne,same-id-same-name
10287,10287,dragon throne,same-id-same-name
10288,10288,dragon throne kit,same-id-same-name
10289,10289,red lantern,same-id-same-name
10290,10290,mini mummy,same-id-same-name
10291,10291,rotten piece of cloth,same-id-same-name
10292,10292,silky fur,same-id-same-name
10293,10293,striped fur,same-id-same-name
10294,10294,stuffed toad,same-id-same-name
10295,10295,winter wolf fur,same-id-same-name
10296,10296,acorn,same-id-same-name
10297,10297,antlers,same-id-same-name
10298,10298,metal spike,same-id-same-name
10299,10299,badger fur,same-id-same-name
10300,10300,carniphila seeds,same-id-same-name
10301,10301,centipede leg,same-id-same-name
10302,10302,compass,same-id-same-name
10303,10303,dark rosary,same-id-same-name
10304,10304,hellspawn tail,same-id-same-name
10305,10305,lump of earth,same-id-same-name
10306,10306,essence of a bad dream,same-id-same-name
10307,10307,thick fur,same-id-same-name
10308,10308,mutated flesh,same-id-same-name
10309,10309,strand of medusa hair,same-id-same-name
10310,10310,shiny stone,same-id-same-name
10311,10311,sabretooth,same-id-same-name
10312,10312,scythe leg,same-id-same-name
10313,10313,winged tail,same-id-same-name
10314,10314,nettle blossom,same-id-same-name
10315,10315,sulphurous stone,same-id-same-name
10316,10316,unholy bone,same-id-same-name
10317,10317,werewolf fur,same-id-same-name
10318,10318,warwolf fur,same-id-same-name
10319,10319,wool,same-id-same-name
10320,10320,book of necromantic rituals,same-id-same-name
10321,10321,mammoth tusk,same-id-same-name
10322,10322,statue,same-id-same-name
10323,10323,guardian boots,same-id-same-name
10324,10324,expedition backpack,same-id-same-name
10325,10325,expedition bag,same-id-same-name
10326,10326,dragon backpack,same-id-same-name
10327,10327,minotaur backpack,same-id-same-name
10328,10328,bunch of ripe rice,same-id-same-name
10329,10329,rice ball,same-id-same-name
10330,10330,dead gnarlhound,same-id-same-name
10331,10331,dead gnarlhound,same-id-same-name
10332,10332,dead gnarlhound,same-id-same-name
10333,10333,dead gnarlhound,same-id-same-name
10334,10334,dead orc marauder,same-id-same-name
10335,10335,dead orc marauder,same-id-same-name
10336,10336,large pile of bones,same-id-same-name
10337,10337,dead orc marauder,same-id-same-name
10338,10338,santa teddy,same-id-same-name
10339,10339,snowman doll,same-id-same-name
10340,10340,heavy ball,same-id-same-name
10341,10341,phoenix charm,same-id-same-name
10342,10342,unity charm,same-id-same-name
10343,10343,spiritual charm,same-id-same-name
10344,10344,twin sun charm,same-id-same-name
10345,10345,solitude charm,same-id-same-name
10346,10346,santa backpack,same-id-same-name
10347,10347,dragon tapestry,same-id-same-name
10352,10352,dead lizard high guard,same-id-same-name
10353,10353,dead lizard high guard,same-id-same-name
10354,10354,dead lizard high guard,same-id-same-name
10355,10355,dead lizard high guard,same-id-same-name
10356,10356,dead lizard legionnaire,same-id-same-name
10357,10357,dead lizard legionnaire,same-id-same-name
10358,10358,dead lizard legionnaire,same-id-same-name
10359,10359,dead lizard legionnaire,same-id-same-name
10360,10360,dead lizard dragon priest,same-id-same-name
10361,10361,dead lizard dragon priest,same-id-same-name
10362,10362,dead lizard dragon priest,same-id-same-name
10363,10363,dead lizard dragon priest,same-id-same-name
10364,10364,dead lizard zaogun,same-id-same-name
10365,10365,dead lizard zaogun,same-id-same-name
10366,10366,dead lizard zaogun,same-id-same-name
10367,10367,dead lizard zaogun,same-id-same-name
10368,10368,dead lizard chosen,same-id-same-name
10369,10369,dead lizard chosen,same-id-same-name
10370,10370,dead lizard chosen,same-id-same-name
10371,10371,dead lizard chosen,same-id-same-name
10382,10382,dead eternal guardian,same-id-same-name
10383,10383,dead eternal guardian,same-id-same-name
10384,10384,Zaoan armor,same-id-same-name
10385,10385,Zaoan helmet,same-id-same-name
10386,10386,Zaoan shoes,same-id-same-name
10387,10387,Zaoan legs,same-id-same-name
10388,10388,drakinata,same-id-same-name
10389,10389,traditional sai,same-id-same-name
10390,10390,Zaoan sword,same-id-same-name
10391,10391,drachaku,same-id-same-name
10392,10392,twin hooks,same-id-same-name
10393,10393,dead wailing widow,same-id-same-name
10394,10394,dead wailing widow,same-id-same-name
10395,10395,dead wailing widow,same-id-same-name
10396,10396,dead wailing widow,same-id-same-name
10397,10397,weaver's wandtip,same-id-same-name
10398,10398,draken trophy,same-id-same-name
10399,10399,dead draken spellweaver,same-id-same-name
10400,10400,dead draken spellweaver,same-id-same-name
10401,10401,dead draken spellweaver,same-id-same-name
10402,10402,dead draken spellweaver,same-id-same-name
10403,10403,dead insect swarm,same-id-same-name
10404,10404,bone shoulderplate,same-id-same-name
10405,10405,warmaster's wristguards,same-id-same-name
10406,10406,Zaoan halberd,same-id-same-name
10407,10407,shaggy tail,same-id-same-name
10408,10408,spiked iron ball,same-id-same-name
10409,10409,corrupted flag,same-id-same-name
10410,10410,cursed shoulder spikes,same-id-same-name
10411,10411,widow's mandibles,same-id-same-name
10412,10412,wailing widow's necklace,same-id-same-name
10413,10413,zaogun flag,same-id-same-name
10414,10414,zaogun shoulderplates,same-id-same-name
10415,10415,high guard flag,same-id-same-name
10416,10416,high guard shoulderplates,same-id-same-name
10417,10417,legionnaire flags,same-id-same-name
10418,10418,broken halberd,same-id-same-name
10419,10419,lizard trophy,same-id-same-name
10420,10420,petrified scream,same-id-same-name
10421,10421,disgusting trophy,same-id-same-name
10422,10422,clay lump,same-id-same-name
10423,10423,rough clay statue,same-id-same-name
10424,10424,clay statue,same-id-same-name
10425,10425,pretty clay statue,same-id-same-name
10426,10426,piece of marble rock,same-id-same-name
10427,10427,rough marble statue,same-id-same-name
10428,10428,marble statue,same-id-same-name
10429,10429,beautiful marble statue,same-id-same-name
10430,10430,dead terramite,same-id-same-name
10431,10431,dead terramite,same-id-same-name
10432,10432,dead terramite,same-id-same-name
10433,10433,dead terramite,same-id-same-name
10438,10438,spellweaver's robe,same-id-same-name
10439,10439,Zaoan robe,same-id-same-name
10440,10440,dead sandcrawler,same-id-same-name
10441,10441,dead sandcrawler,same-id-same-name
10442,10442,dead sandcrawler,same-id-same-name
10443,10443,dead sandcrawler,same-id-same-name
10444,10444,dragon priest's wandtip,same-id-same-name
10445,10445,slain ghastly dragon,same-id-same-name
10446,10446,slain ghastly dragon,same-id-same-name
10447,10447,slain ghastly dragon,same-id-same-name
10448,10448,slain ghastly dragon,same-id-same-name
10449,10449,ghastly dragon head,same-id-same-name
10450,10450,undead heart,same-id-same-name
10451,10451,jade hat,same-id-same-name
10452,10452,terramite shell,same-id-same-name
10453,10453,terramite eggs,same-id-same-name
10454,10454,terramite legs,same-id-same-name
10455,10455,lancer beetle shell,same-id-same-name
10456,10456,sandcrawler shell,same-id-same-name
10457,10457,beetle necklace,same-id-same-name
10458,10458,dead lancer beetle,same-id-same-name
10459,10459,dead lancer beetle,same-id-same-name
10460,10460,dead lancer beetle,same-id-same-name
10461,10461,dead lancer beetle,same-id-same-name
10476,10476,lucky clover amulet,same-id-same-name
10477,10477,dragon goblet,same-id-same-name
10480,10480,dirt floor,same-id-same-name
10494,10494,muddy water,same-id-same-name
10507,10507,lamp,same-id-same-name
10592,10592,sulphur,same-id-same-name
10605,10605,mud,same-id-same-name
10727,10727,dreadcoil,same-id-same-name
10744,10744,stone wall,same-id-same-name
10746,10746,stone wall,same-id-same-name
10748,10748,insectoid pore,same-id-same-name
10770,10770,stone wall,same-id-same-name
10797,10797,unknown item,same-id-same-name
10798,10798,ferumbras doll,same-id-same-name
10799,10799,ferumbras doll,same-id-same-name
10800,10800,orc's jaw shredder,same-id-same-name
10801,10801,orc's jaw shredder,same-id-same-name
10802,10802,pitch black gap,same-id-same-name
10817,10817,bag of oriental spices,same-id-same-name
10818,10818,bag of oriental spices,same-id-same-name
10840,10840,dimensional portal,same-id-same-name
10841,10841,skull pillar,same-id-same-name
10842,10842,dimensional portal,same-id-same-name
10846,10846,stone wall,same-id-same-name
10847,10847,black crystals,same-id-same-name
10856,10856,pillar vine,same-id-same-name
10857,10857,pillar growth,same-id-same-name
10861,10861,tangerine tail,same-id-same-name
10864,10864,leechbloom,same-id-same-name
10865,10865,hairy violet,same-id-same-name
10876,10876,skull,same-id-same-name
10954,10954,pillar,same-id-same-name
10977,10977,sapphire stand,same-id-same-name
10980,10980,blood crask,same-id-same-name
10984,10984,stone wall,same-id-same-name
10985,10985,corrupted wall,same-id-same-name
10986,10986,marble floor,same-id-same-name
10989,10989,marble floor,same-id-same-name
10990,10990,corrupted wall,same-id-same-name
10991,10991,marble floor,same-id-same-name
10992,10992,window,same-id-same-name
11006,11006,stone wall,same-id-same-name
11009,11009,stone wall,same-id-same-name
11038,11038,jade ornament,same-id-same-name
11047,11047,pillar,same-id-same-name
11048,11048,torch,same-id-same-name
11049,11049,stone wall,same-id-same-name
11050,11050,torch,same-id-same-name
11053,11053,pillar,same-id-same-name
11056,11056,table,same-id-same-name
11057,11057,pillar,same-id-same-name
11067,11067,stone wall,same-id-same-name
11068,11068,timbers,same-id-same-name
11090,11090,decorative axe,same-id-same-name
11095,11095,decorative axe,same-id-same-name
11100,11100,iron case,same-id-same-name
11136,11136,closed door,same-id-same-name
11137,11137,closed door,same-id-same-name
11138,11138,open door,same-id-same-name
11139,11139,gate of expertise,same-id-same-name
11140,11140,gate of expertise,same-id-same-name
11141,11141,closed door,same-id-same-name
11142,11142,open door,same-id-same-name
11143,11143,closed door,same-id-same-name
11144,11144,closed door,same-id-same-name
11145,11145,open door,same-id-same-name
11146,11146,gate of expertise,same-id-same-name
11147,11147,gate of expertise,same-id-same-name
11148,11148,closed door,same-id-same-name
11149,11149,open door,same-id-same-name
11152,11152,dragon spikes,same-id-same-name
11157,11157,timbers,same-id-same-name
11209,11209,timber,same-id-same-name
11210,11210,dragon statue,same-id-same-name
11232,11232,closed door,same-id-same-name
11233,11233,closed door,same-id-same-name
11234,11234,open door,same-id-same-name
11237,11237,gate of expertise,same-id-same-name
11238,11238,gate of expertise,same-id-same-name
11239,11239,closed door,same-id-same-name
11240,11240,open door,same-id-same-name
11241,11241,closed door,same-id-same-name
11242,11242,closed door,same-id-same-name
11243,11243,open door,same-id-same-name
11246,11246,gate of expertise,same-id-same-name
11247,11247,gate of expertise,same-id-same-name
11248,11248,closed door,same-id-same-name
11249,11249,open door,same-id-same-name
11250,11250,wall mirror,same-id-same-name
11251,11251,mirror,same-id-same-name
11256,11256,unknown item,same-id-same-name
11257,11257,unknown item,same-id-same-name
11258,11258,unknown item,same-id-same-name
11310,11310,unknown item,same-id-same-name
11316,11316,wooden floor,same-id-same-name
11317,11317,blob,same-id-same-name
11318,11318,watchguard,same-id-same-name
11328,11328,marked crate,same-id-same-name
11329,11329,lump of clay,same-id-same-name
11330,11330,timber archway,same-id-same-name
11331,11331,sacred bowl,same-id-same-name
11332,11332,timber archway,same-id-same-name
11333,11333,bowl with sacred water,same-id-same-name
11334,11334,sacred coal,same-id-same-name
11335,11335,timber wall,same-id-same-name
11338,11338,unknown item,same-id-same-name
11339,11339,unworked sacred wood,same-id-same-name
11340,11340,unknown item,same-id-same-name
11341,11341,sacred earth,same-id-same-name
11344,11344,lump of sacred clay,same-id-same-name
11345,11345,unknown item,same-id-same-name
11346,11346,timber wall,same-id-same-name
11347,11347,sacred bowl of purification,same-id-same-name
11348,11348,unknown item,same-id-same-name
11360,11360,remais of the Keeper,same-id-same-name
11361,11361,presence of the emperor,same-id-same-name
11362,11362,replica of the sceptre,same-id-same-name
11363,11363,timber wall,same-id-same-name
11364,11364,flask of plant poison,same-id-same-name
11365,11365,ramp,same-id-same-name
11366,11366,unknown item,same-id-same-name
11367,11367,the tail of the Keeper,same-id-same-name
11368,11368,sceptre part,same-id-same-name
11369,11369,sceptre part,same-id-same-name
11370,11370,sceptre part,same-id-same-name
11371,11371,snake sceptre,same-id-same-name
11372,11372,interdimensional potion,same-id-same-name
11426,11426,scribbled sheet of paper,same-id-same-name
11429,11429,slain abomination,same-id-same-name
11440,11440,large book,free-crystal-id-preserved
11441,11441,large book,free-crystal-id-preserved
11442,11442,large book,free-crystal-id-preserved
11443,11443,girlish hair decoration,same-id-same-name
11444,11444,protective charm,same-id-same-name
11445,11445,bamboo stick,same-id-same-name
11446,11446,hair of a banshee,same-id-same-name
11447,11447,battle stone,same-id-same-name
11448,11448,black wool,same-id-same-name
11449,11449,blood preservation,same-id-same-name
11450,11450,small notebook,same-id-same-name
11451,11451,broken crossbow,same-id-same-name
11452,11452,broken shamanic staff,same-id-same-name
11453,11453,broken helmet,same-id-same-name
11454,11454,luminous orb,same-id-same-name
11455,11455,cultish symbol,same-id-same-name
11456,11456,dirty turban,same-id-same-name
11457,11457,dragon's tail,same-id-same-name
11458,11458,geomancer's robe,same-id-same-name
11459,11459,pineapple,same-id-same-name
11460,11460,aubergine,same-id-same-name
11461,11461,broccoli,same-id-same-name
11462,11462,cauliflower,same-id-same-name
11463,11463,geomancer's staff,same-id-same-name
11464,11464,elven scouting glass,same-id-same-name
11465,11465,elven astral observer,same-id-same-name
11466,11466,flask of embalming fluid,same-id-same-name
11467,11467,ghoul snack,same-id-same-name
11468,11468,ornamented brooch,same-id-same-name
11469,11469,hunter's quiver,same-id-same-name
11470,11470,jewelled belt,same-id-same-name
11471,11471,kongra's shoulderpad,same-id-same-name
11472,11472,minotaur horn,same-id-same-name
11473,11473,purple robe,same-id-same-name
11474,11474,miraculum,same-id-same-name
11475,11475,necromantic robe,same-id-same-name
11476,11476,nettle spit,same-id-same-name
11477,11477,orcish gear,same-id-same-name
11478,11478,shamanic hood,same-id-same-name
11479,11479,orc leather,same-id-same-name
11480,11480,skull belt,same-id-same-name
11481,11481,pelvis bone,same-id-same-name
11482,11482,piece of warrior armor,same-id-same-name
11483,11483,piece of archer armor,same-id-same-name
11484,11484,pile of grave earth,same-id-same-name
11485,11485,poison spider shell,same-id-same-name
11486,11486,noble turban,same-id-same-name
11487,11487,quara tentacle,same-id-same-name
11488,11488,quara eye,same-id-same-name
11489,11489,mantassin tail,same-id-same-name
11490,11490,quara pincers,same-id-same-name
11491,11491,quara bone,same-id-same-name
11492,11492,rope belt,same-id-same-name
11493,11493,safety pin,same-id-same-name
11510,11510,scroll of heroic deeds,same-id-same-name
11511,11511,banana sash,same-id-same-name
11512,11512,small flask of eyedrops,same-id-same-name
11513,11513,small pitchfork,same-id-same-name
11514,11514,colourful feather,same-id-same-name
11515,11515,trollroot,same-id-same-name
11516,11516,floating barrel,same-id-same-name
11517,11517,floating table,same-id-same-name
11520,11520,floating chest,same-id-same-name
11521,11521,floating crate,same-id-same-name
11524,11524,floating junk,same-id-same-name
11525,11525,floating wagon,same-id-same-name
11526,11526,floating wood,same-id-same-name
11527,11527,floating junk,same-id-same-name
11528,11528,floating ship parts,same-id-same-name
11529,11529,floating cask,same-id-same-name
11530,11530,floating bucket,same-id-same-name
11531,11531,floating bottle,same-id-same-name
11532,11532,floating glass,same-id-same-name
11533,11533,floating bone,same-id-same-name
11539,11539,goblin ear,same-id-same-name
11540,11540,marked crate,same-id-same-name
11541,11541,Jean Pierre's Cookbook II,same-id-same-name
11542,11542,fish tail,same-id-same-name
11543,11543,fish tail,same-id-same-name
11544,11544,faded last will,same-id-same-name
11545,11545,exquisite silk,same-id-same-name
11546,11546,spectral cloth,same-id-same-name
11547,11547,exquisite wood,same-id-same-name
11548,11548,strong sinew,same-id-same-name
11549,11549,old iron,same-id-same-name
11550,11550,flexible dragon scale,same-id-same-name
11551,11551,mystic root,same-id-same-name
11552,11552,magic crystal,same-id-same-name
11571,11571,dead brimstone bug,same-id-same-name
11572,11572,dead brimstone bug,same-id-same-name
11582,11582,dead brimstone bug,same-id-same-name
11583,11583,dead brimstone bug,same-id-same-name
11584,11584,coconut shrimp bake,same-id-same-name
11585,11585,helmet of the deep,same-id-same-name
11586,11586,pot of blackjack,same-id-same-name
11587,11587,demonic candy ball,same-id-same-name
11588,11588,sweet mangonaise elixir,same-id-same-name
11589,11589,dead Glitterscale,same-id-same-name
11590,11590,dead Heoni,same-id-same-name
11591,11591,unknown item,same-id-same-name
11603,11603,silver rune emblem,same-id-same-name
11604,11604,golden rune emblem,same-id-same-name
11605,11605,silver rune emblem,same-id-same-name
11606,11606,golden rune emblem,same-id-same-name
11607,11607,silver rune emblem,same-id-same-name
11608,11608,golden rune emblem,same-id-same-name
11609,11609,silver rune emblem,same-id-same-name
11610,11610,golden rune emblem,same-id-same-name
11611,11611,silver rune emblem,same-id-same-name
11612,11612,golden rune emblem,same-id-same-name
11613,11613,silver rune emblem,same-id-same-name
11614,11614,golden rune emblem,same-id-same-name
11615,11615,silver rune emblem,same-id-same-name
11616,11616,golden rune emblem,same-id-same-name
11617,11617,silver rune emblem,same-id-same-name
11618,11618,golden rune emblem,same-id-same-name
11619,11619,silver rune emblem,same-id-same-name
11620,11620,golden rune emblem,same-id-same-name
11621,11621,silver rune emblem,same-id-same-name
11622,11622,golden rune emblem,same-id-same-name
11623,11623,silver rune emblem,same-id-same-name
11624,11624,golden rune emblem,same-id-same-name
11625,11625,silver rune emblem,same-id-same-name
11626,11626,golden rune emblem,same-id-same-name
11627,11627,silver rune emblem,same-id-same-name
11628,11628,golden rune emblem,same-id-same-name
11629,11629,silver rune emblem,same-id-same-name
11630,11630,golden rune emblem,same-id-same-name
11631,11631,silver rune emblem,same-id-same-name
11632,11632,golden rune emblem,same-id-same-name
11633,11633,silver rune emblem,same-id-same-name
11634,11634,golden rune emblem,same-id-same-name
11635,11635,silver rune emblem,same-id-same-name
11636,11636,golden rune emblem,same-id-same-name
11637,11637,silver rune emblem,same-id-same-name
11638,11638,golden rune emblem,same-id-same-name
11639,11639,silver rune emblem,same-id-same-name
11640,11640,golden rune emblem,same-id-same-name
11641,11641,silver rune emblem,same-id-same-name
11642,11642,golden rune emblem,same-id-same-name
11643,11643,silver rune emblem,same-id-same-name
11644,11644,golden rune emblem,same-id-same-name
11645,11645,silver rune emblem,same-id-same-name
11646,11646,golden rune emblem,same-id-same-name
11647,11647,silver rune emblem,same-id-same-name
11648,11648,golden rune emblem,same-id-same-name
11649,11649,silver rune emblem,same-id-same-name
11650,11650,golden rune emblem,same-id-same-name
11651,11651,elite draken mail,same-id-same-name
11652,11652,broken key ring,same-id-same-name
11653,11653,dead draken elite,same-id-same-name
11654,11654,dead draken elite,same-id-same-name
11655,11655,dead draken elite,same-id-same-name
11656,11656,dead draken elite,same-id-same-name
11657,11657,twiceslicer,same-id-same-name
11658,11658,draken sulphur,same-id-same-name
11659,11659,draken wristbands,same-id-same-name
11660,11660,broken draken mail,same-id-same-name
11661,11661,broken slicer,same-id-same-name
11662,11662,dead spawn of Devovorga,same-id-same-name
11663,11663,dead spawn of Devovorga,same-id-same-name
11664,11664,dead spawn of Devovorga,same-id-same-name
11665,11665,dead spawn of Devovorga,same-id-same-name
11666,11666,tentacle piece,same-id-same-name
11667,11667,dead draken abomination,same-id-same-name
11668,11668,dead draken abomination,same-id-same-name
11669,11669,dead draken abomination,same-id-same-name
11670,11670,dead draken abomination,same-id-same-name
11671,11671,eye of corruption,same-id-same-name
11672,11672,tail of corruption,same-id-same-name
11673,11673,scale of corruption,same-id-same-name
11674,11674,cobra crown,same-id-same-name
11675,11675,dissolved souleater,same-id-same-name
11676,11676,dissolved souleater,same-id-same-name
11677,11677,dissolved souleater,same-id-same-name
11678,11678,dissolved souleater,same-id-same-name
11679,11679,souleater trophy,same-id-same-name
11680,11680,lizard essence,same-id-same-name
11681,11681,ectoplasmic sushi,same-id-same-name
11682,11682,dragonfruit,same-id-same-name
11683,11683,peas,same-id-same-name
11684,11684,downy feather,same-id-same-name
11685,11685,cheese cookie,same-id-same-name
11686,11686,royal draken mail,same-id-same-name
11687,11687,royal scale robe,same-id-same-name
11688,11688,shield of corruption,same-id-same-name
11689,11689,elite draken helmet,same-id-same-name
11690,11690,trashed draken boots,same-id-same-name
11691,11691,snake god's wristguard,same-id-same-name
11692,11692,snake god's sceptre,same-id-same-name
11693,11693,blade of corruption,same-id-same-name
11694,11694,snake god trophy,same-id-same-name
11695,11695,black jade cobra,same-id-same-name
11698,11698,loot bag,same-id-same-name
11699,11699,botany almanach,same-id-same-name
11700,11700,sedge hat,same-id-same-name
11701,11701,old cape,same-id-same-name
11702,11702,brimstone fangs,same-id-same-name
11703,11703,brimstone shell,same-id-same-name
11704,11704,timber wall,same-id-same-name
11705,11705,closed door,same-id-same-name
11706,11706,timber wall,same-id-same-name
11707,11707,hand made stairs,same-id-same-name
11708,11708,open door,same-id-same-name
11709,11709,hand made stairs,same-id-same-name
11710,11710,timber wall,same-id-same-name
11714,11714,closed door,same-id-same-name
11715,11715,lush grass,same-id-same-name
11716,11716,open door,same-id-same-name
11800,11800,timber chair,same-id-same-name
11801,11801,timber chair,same-id-same-name
11802,11802,timber chair,same-id-same-name
11803,11803,timber chair,same-id-same-name
11804,11804,stool,same-id-same-name
11805,11805,stool,same-id-same-name
11806,11806,stool,same-id-same-name
11807,11807,stool,same-id-same-name
11808,11808,taboret,same-id-same-name
11811,11811,soup kettle,same-id-same-name
11814,11814,barbecue,same-id-same-name
11825,11825,rods,same-id-same-name
11826,11826,rod,same-id-same-name
11827,11827,rods,same-id-same-name
11828,11828,rod,same-id-same-name
11831,11831,hanging wolf,same-id-same-name
11832,11832,hanging deer,same-id-same-name
11833,11833,hanging wolf,same-id-same-name
11834,11834,hanging deer,same-id-same-name
11841,11841,unknown item,same-id-same-name
11897,11897,pillar,same-id-same-name
11925,11925,sand,same-id-same-name
11942,11942,sand,same-id-same-name
11982,11982,dry piece of wood,same-id-same-name
12007,12007,stone,same-id-same-name
12008,12008,the fist of the Colossus,same-id-same-name
12014,12014,big toe of the Colossus,same-id-same-name
12017,12017,big toe of the Colossus,same-id-same-name
12023,12023,huge cauldron,same-id-same-name
12032,12032,RESERVED SPRITE,same-id-same-name
12033,12033,closed door,same-id-same-name
12034,12034,open door,same-id-same-name
12035,12035,closed door,same-id-same-name
12036,12036,open door,same-id-same-name
12039,12039,panther head,same-id-same-name
12040,12040,panther paw,same-id-same-name
12047,12047,pharaoh dummy,same-id-same-name
12048,12048,hydromancer dummy,same-id-same-name
12049,12049,mutated rat dummy,same-id-same-name
12050,12050,zombie dummy,same-id-same-name
12051,12051,nightstalker dummy,same-id-same-name
12052,12052,lost soul dummy,same-id-same-name
12053,12053,carniphila dummy,same-id-same-name
12056,12056,blightwalker dummy,same-id-same-name
12057,12057,reward box,same-id-same-name
12058,12058,dead crystal wolf,same-id-same-name
12064,12064,RESERVED SPRITE,same-id-same-name
12069,12069,dead crystal wolf,same-id-same-name
12070,12070,dead crystal wolf,same-id-same-name
12071,12071,dead crystal wolf,same-id-same-name
12073,12073,slime fungus,same-id-same-name
12074,12074,RESERVED SPRITE,same-id-same-name
12077,12077,slime gobbler,same-id-same-name
12078,12078,unknown item,same-id-same-name
12079,12079,remains of a mad mage,same-id-same-name
12080,12080,remains of a mad mage,same-id-same-name
12081,12081,remains of a mad mage,same-id-same-name
12082,12082,remains of a mad mage,same-id-same-name
12105,12105,giant cake,same-id-same-name
12106,12106,cake tile,same-id-same-name
12107,12107,giant cake,same-id-same-name
12108,12108,cake tile,same-id-same-name
12109,12109,giant cake,same-id-same-name
12110,12110,cake tile,same-id-same-name
12111,12111,giant cake,same-id-same-name
12123,12123,ghost duster,same-id-same-name
12128,12128,Emergency kit,same-id-same-name
12135,12135,whirl pool,same-id-same-name
12139,12139,huge cauldron,same-id-same-name
12140,12140,alter of fire,same-id-same-name
12143,12143,sweet and sugary substance,same-id-same-name
12171,12171,handcrafted ribbon,same-id-same-name
12172,12172,rabbit's foot,same-id-same-name
12173,12173,rabbit's foot lucky charm,same-id-same-name
12174,12174,fake rabbit's foot,same-id-same-name
12175,12175,spoon with a ribbon,same-id-same-name
12178,12178,demon infant,same-id-same-name
12179,12179,demon infant,same-id-same-name
12180,12180,demon infant,same-id-same-name
12181,12181,demon infant,same-id-same-name
12182,12182,demon infant,same-id-same-name
12188,12188,small fir tree,same-id-same-name
12189,12189,captured merchant,same-id-same-name
12194,12194,skull,same-id-same-name
12198,12198,skull,same-id-same-name
12199,12199,tomb wall,same-id-same-name
12202,12202,dark sandy floor,same-id-same-name
12203,12203,hole,same-id-same-name
12204,12204,envelope from the wizards,same-id-same-name
12205,12205,letter from the wizards,same-id-same-name
12206,12206,strange red powder,same-id-same-name
12207,12207,strange yellow powder,same-id-same-name
12208,12208,strange blue powder,same-id-same-name
12209,12209,strange green powder,same-id-same-name
12210,12210,strange violet powder,same-id-same-name
12211,12211,strange orange powder,same-id-same-name
12226,12226,strange red powder,same-id-same-name
12227,12227,strange yellow powder,same-id-same-name
12228,12228,strange blue powder,same-id-same-name
12229,12229,screaming cherry,same-id-same-name
12230,12230,meaty vortex,same-id-same-name
12231,12231,tonguefruit,same-id-same-name
12232,12232,rotten witches' cauldron seed,same-id-same-name
12233,12233,toxic tulip seed,same-id-same-name
12234,12234,sprocketwhip cone,same-id-same-name
12235,12235,witherblossom,same-id-same-name
12236,12236,unknown hole,same-id-same-name
12237,12237,scum bag,same-id-same-name
12246,12246,verocious bat,same-id-same-name
12249,12249,closed door,same-id-same-name
12250,12250,open door,same-id-same-name
12251,12251,shapechanger,same-id-same-name
12252,12252,bunch of winterberries,same-id-same-name
12259,12259,unknown item,same-id-same-name
12260,12260,hunting horn,same-id-same-name
12261,12261,unknown item,same-id-same-name
12275,12275,sugar,same-id-same-name
12276,12276,book,same-id-same-name
12282,12282,stone,same-id-same-name
12283,12283,stone,same-id-same-name
12284,12284,stone,same-id-same-name
12285,12285,magic tile,same-id-same-name
12286,12286,magic tile,same-id-same-name
12287,12287,magic tile,same-id-same-name
12288,12288,magic tile,same-id-same-name
12289,12289,magic tile,same-id-same-name
12290,12290,magic tile,same-id-same-name
12291,12291,magic tile,same-id-same-name
12292,12292,magic tile,same-id-same-name
12293,12293,magic tile,same-id-same-name
12303,12303,unknown item,same-id-same-name
12304,12304,maxilla maximus,same-id-same-name
12305,12305,tin key,same-id-same-name
12306,12306,leather whip,same-id-same-name
12307,12307,harness,same-id-same-name
12308,12308,reins,same-id-same-name
12309,12309,draptor scales,same-id-same-name
12310,12310,haunch of boar,same-id-same-name
12311,12311,carrot on a stick,same-id-same-name
12312,12312,stampor horn,same-id-same-name
12313,12313,stampor talons,same-id-same-name
12314,12314,hollow stampor hoof,same-id-same-name
12315,12315,maxilla,same-id-same-name
12316,12316,cavebear skull,same-id-same-name
12317,12317,giant crab pincer,same-id-same-name
12318,12318,giant shrimp,same-id-same-name
12319,12319,inoperative tin lizzard,same-id-same-name
12320,12320,sweet smelling bait,same-id-same-name
12321,12321,dead boar,same-id-same-name
12322,12322,dead boar,same-id-same-name
12323,12323,dead boar,same-id-same-name
12324,12324,dead boar,same-id-same-name
12325,12325,dead stampor,same-id-same-name
12326,12326,dead stampor,same-id-same-name
12327,12327,dead stampor,same-id-same-name
12328,12328,dead stampor,same-id-same-name
12329,12329,dead draptor,same-id-same-name
12330,12330,dead draptor,same-id-same-name
12331,12331,dead draptor,same-id-same-name
12332,12332,dead draptor,same-id-same-name
12333,12333,slain undead cavebear,same-id-same-name
12334,12334,slain undead cavebear,same-id-same-name
12335,12335,slain undead cavebear,same-id-same-name
12336,12336,slain undead cavebear,same-id-same-name
12337,12337,dead midnight panther,same-id-same-name
12338,12338,dead midnight panther,same-id-same-name
12339,12339,dead midnight panther,same-id-same-name
12340,12340,dead midnight panther,same-id-same-name
12341,12341,dead crustacea gigantica,same-id-same-name
12342,12342,dead crustacea gigantica,same-id-same-name
12343,12343,dead crustacea gigantica,same-id-same-name
12344,12344,dead crustacea gigantica,same-id-same-name
12368,12368,magic wolf trap,same-id-same-name
12369,12369,captured wolf,same-id-same-name
12413,12413,belongings of a deceased,same-id-same-name
12419,12419,young fraelofingu,same-id-same-name
12421,12421,greasy stone,same-id-same-name
12424,12424,strange bonepile,same-id-same-name
12425,12425,floating stone,same-id-same-name
12469,12469,ornamented scorpion table,same-id-same-name
12476,12476,scorpion pillar,same-id-same-name
12477,12477,small golden taboret,same-id-same-name
12478,12478,delicate vase,same-id-same-name
12479,12479,ornate canopic jar,same-id-same-name
12482,12482,hieroglyph banner,same-id-same-name
12483,12483,pharaoh banner,same-id-same-name
12493,12493,ornamented scorpion table,same-id-same-name
12494,12494,dead iron servant,same-id-same-name
12495,12495,dead golden servant,same-id-same-name
12496,12496,dead diamond servant,same-id-same-name
12497,12497,remains of an iron servant,same-id-same-name
12498,12498,remains of an iron servant,same-id-same-name
12499,12499,remains of an iron servant,same-id-same-name
12500,12500,remains of a golden servant,same-id-same-name
12501,12501,remains of a golden servant,same-id-same-name
12502,12502,remains of a golden servant,same-id-same-name
12503,12503,remains of a diamond servant,same-id-same-name
12504,12504,remains of a diamond servant,same-id-same-name
12505,12505,remains of a diamond servant,same-id-same-name
12506,12506,remains of a canopic jar,same-id-same-name
12509,12509,scorpion sceptre,same-id-same-name
12510,12510,hammer of mighty cheating,same-id-same-name
12511,12511,ornate canopic jar,same-id-same-name
12512,12512,dead sandstone scorpion,same-id-same-name
12513,12513,dead sandstone scorpion,same-id-same-name
12514,12514,dead sandstone scorpion,same-id-same-name
12515,12515,dead sandstone scorpion,same-id-same-name
12516,12516,sand,same-id-same-name
12517,12517,medicine pouch,same-id-same-name
12519,12519,slug drug,same-id-same-name
12520,12520,dead donkey,same-id-same-name
12521,12521,dead donkey,same-id-same-name
12522,12522,dead donkey,same-id-same-name
12523,12523,dead donkey,same-id-same-name
12524,12524,dead white deer,same-id-same-name
12525,12525,dead insectoid,same-id-same-name
12526,12526,dead slug,same-id-same-name
12527,12527,dead white deer,same-id-same-name
12528,12528,dead white deer,same-id-same-name
12529,12529,dead white deer,same-id-same-name
12530,12530,dead dromedary,same-id-same-name
12531,12531,dead dromedary,same-id-same-name
12532,12532,dead dromedary,same-id-same-name
12533,12533,dead slug,same-id-same-name
12534,12534,dead slug,same-id-same-name
12535,12535,dead slug,same-id-same-name
12536,12536,dead insectoid,same-id-same-name
12537,12537,dead insectoid,same-id-same-name
12538,12538,dead insectoid,same-id-same-name
12539,12539,dead dromedary,same-id-same-name
12540,12540,armageddon plans,same-id-same-name
12541,12541,demonic finger,same-id-same-name
12542,12542,golden scorpion pendant,same-id-same-name
12543,12543,golden hyaena pendant,same-id-same-name
12544,12544,white deer antlers,same-id-same-name
12545,12545,white deer skin,same-id-same-name
12546,12546,fist on a stick,same-id-same-name
12547,12547,diapason,same-id-same-name
12548,12548,bag of apple slices,same-id-same-name
12549,12549,bamboo leaves,same-id-same-name
12550,12550,golden fir cone,same-id-same-name
12551,12551,ominous piece of cloth,same-id-same-name
12552,12552,dubious piece of cloth,same-id-same-name
12553,12553,voluminous piece of cloth,same-id-same-name
12554,12554,obvious piece of cloth,same-id-same-name
12555,12555,ludicrous piece of cloth,same-id-same-name
12556,12556,luminous piece of cloth,same-id-same-name
12557,12557,shimmer swimmer,same-id-same-name
12558,12558,dirty water,free-crystal-id-preserved
12559,12559,dirty water,free-crystal-id-preserved
12560,12560,dirty water,free-crystal-id-preserved
12570,12570,fan doll of Queen Eloise,same-id-same-name
12571,12571,fan doll of Queen Eloise,same-id-same-name
12572,12572,dragon goblet,same-id-same-name
12573,12573,unknown item,same-id-same-name
12574,12574,RESERVED SPRITE,same-id-same-name
12575,12575,Whinona,same-id-same-name
12576,12576,Meandi,same-id-same-name
12577,12577,Impward,same-id-same-name
12578,12578,Evilina,same-id-same-name
12579,12579,Whinona,same-id-same-name
12580,12580,Meandi,same-id-same-name
12581,12581,Impward,same-id-same-name
12582,12582,Evilina,same-id-same-name
12595,12595,dead yielothax,same-id-same-name
12596,12596,dead yielothax,same-id-same-name
12597,12597,dead yielothax,same-id-same-name
12598,12598,dead yielothax,same-id-same-name
12599,12599,mage's cap,same-id-same-name
12600,12600,coal,same-id-same-name
12601,12601,slime mould,same-id-same-name
12602,12602,small whistle,same-id-same-name
12603,12603,wand of dimensions,same-id-same-name
12617,12617,torn teddy,same-id-same-name
12618,12618,open branch fence,same-id-same-name
12644,12644,back basket,same-id-same-name
12645,12645,leaf basket,same-id-same-name
12650,12650,branches,same-id-same-name
12651,12651,branches,same-id-same-name
12652,12652,troll mushroom,same-id-same-name
12653,12653,branch,same-id-same-name
12654,12654,branch,same-id-same-name
12655,12655,corms,same-id-same-name
12656,12656,root vegetable dish,same-id-same-name
12657,12657,RESERVED SPRITE,same-id-same-name
12658,12658,dead shaburak demon,same-id-same-name
12659,12659,dead askarak demon,same-id-same-name
12660,12660,dead shaburak lord,same-id-same-name
12661,12661,dead shaburak lord,same-id-same-name
12662,12662,dead shaburak lord,same-id-same-name
12663,12663,dead askarak lord,same-id-same-name
12664,12664,dead askarak lord,same-id-same-name
12665,12665,dead askarak lord,same-id-same-name
12669,12669,star ring,same-id-same-name
12670,12670,star ring,same-id-same-name
12671,12671,sack of herbs,same-id-same-name
12672,12672,skinning knife,same-id-same-name
12673,12673,wooden sword,same-id-same-name
12674,12674,fleshy bone,same-id-same-name
12675,12675,book of orc language,same-id-same-name
12678,12678,dead raging mage,same-id-same-name
12679,12679,dead raging mage,same-id-same-name
12680,12680,dead raging mage,same-id-same-name
12681,12681,dead raging mage,same-id-same-name
12683,12683,heavy trident,same-id-same-name
12684,12684,dead deepling,same-id-same-name
12685,12685,dead deepling,same-id-same-name
12686,12686,dead deepling,same-id-same-name
12687,12687,dead deepling,same-id-same-name
12692,12692,scribbled notes,same-id-same-name
12694,12694,old letter,same-id-same-name
12699,12699,magic gold converter,same-id-same-name
12717,12717,dead thornfire wolf,same-id-same-name
12718,12718,dead thornfire wolf,same-id-same-name
12719,12719,dead thornfire wolf,same-id-same-name
12720,12720,dead thornfire wolf,same-id-same-name
12721,12721,bog water,same-id-same-name
12722,12722,bucket of bog water,same-id-same-name
12723,12723,RESERVED SPRITE,same-id-same-name
12724,12724,heavy stone,same-id-same-name
12725,12725,heavy stone,same-id-same-name
12726,12726,RESERVED SPRITE,same-id-same-name
12727,12727,greasy stone,same-id-same-name
12728,12728,hole,same-id-same-name
12729,12729,RESERVED SPRITE,same-id-same-name
12730,12730,eye of a deepling,same-id-same-name
12731,12731,shimmer sword,same-id-same-name
12732,12732,shimmer rod,same-id-same-name
12733,12733,shimmer bow,same-id-same-name
12734,12734,shimmer ball,same-id-same-name
12735,12735,shimmer glower,same-id-same-name
12736,12736,babel swimmer,same-id-same-name
12737,12737,broken ring of ending,same-id-same-name
12738,12738,RESERVED SPRITE,same-id-same-name
12739,12739,unknown item,same-id-same-name
12740,12740,war wolf skin,same-id-same-name
12741,12741,shimmer wand,same-id-same-name
12742,12742,yielowax,same-id-same-name
12784,12784,flask of wasp poison,same-id-same-name
12785,12785,special flask,same-id-same-name
12786,12786,plague mask,same-id-same-name
12787,12787,plague bell,same-id-same-name
12788,12788,tarantula trap,same-id-same-name
12789,12789,rolling pin,same-id-same-name
12790,12790,peeing orc,same-id-same-name
12791,12791,dead peeing orc,same-id-same-name
12792,12792,elite orc guard,same-id-same-name
12793,12793,RESERVED SPRITE,same-id-same-name
12794,12794,recharging tarantula trap,same-id-same-name
12795,12795,RESERVED SPRITE,same-id-same-name
12796,12796,energy portal,same-id-same-name
12797,12797,RESERVED SPRITE,same-id-same-name
12798,12798,RESERVED SPRITE,same-id-same-name
12799,12799,ladder,same-id-same-name
12800,12800,inoperative uniwheel,same-id-same-name
12801,12801,golden can of oil,same-id-same-name
12802,12802,sugar oat,same-id-same-name
12803,12803,elemental spikes,same-id-same-name
12804,12804,cup of molten gold,same-id-same-name
12805,12805,yielocks,same-id-same-name
12806,12806,flintstone,same-id-same-name
12807,12807,shimmer ball,same-id-same-name
12817,12817,RESERVED SPRITE,same-id-same-name
12818,12818,unknown item,same-id-same-name
12819,12819,prepared bucket,same-id-same-name
12821,12821,dead askarak lord,same-id-same-name
12822,12822,dead askarak prince,same-id-same-name
12823,12823,dead shaburak lord,same-id-same-name
12824,12824,dead shaburak prince,same-id-same-name
12825,12825,dead shaburak demon,same-id-same-name
12826,12826,dead shaburak demon,same-id-same-name
12827,12827,dead shaburak demon,same-id-same-name
12828,12828,dead askarak demon,same-id-same-name
12829,12829,dead askarak demon,same-id-same-name
12830,12830,dead askarak demon,same-id-same-name
12831,12831,dead askarak prince,same-id-same-name
12832,12832,dead askarak prince,same-id-same-name
12833,12833,dead askarak prince,same-id-same-name
12834,12834,dead shaburak prince,same-id-same-name
12835,12835,dead shaburak prince,same-id-same-name
12836,12836,dead shaburak prince,same-id-same-name
12837,12837,dead clay guardian,same-id-same-name
12838,12838,unholy ashes,same-id-same-name
12839,12839,dead clay guardian,same-id-same-name
12840,12840,unholy ashes,same-id-same-name
12841,12841,dead sacred spider,same-id-same-name
12842,12842,dead sacred spider,same-id-same-name
12843,12843,dead sacred spider,same-id-same-name
12844,12844,dead sacred spider,same-id-same-name
12845,12845,stone tile,same-id-same-name
12846,12846,wooden floor,same-id-same-name
12902,12902,your inbox,same-id-same-name
12903,12903,market,same-id-same-name
12904,12904,dread doll,same-id-same-name
12905,12905,dread doll,same-id-same-name
12961,12961,insectoid hive,same-id-same-name
13083,13083,moist wall,same-id-same-name
13135,13135,closed door,same-id-same-name
13136,13136,closed door,same-id-same-name
13137,13137,open door,same-id-same-name
13142,13142,closed door,same-id-same-name
13143,13143,closed door,same-id-same-name
13144,13144,open door,same-id-same-name
13155,13155,large fossil volute,same-id-same-name
13156,13156,small fossil volute,same-id-same-name
13268,13268,RESERVED SPRITE,same-id-same-name
13272,13272,RESERVED SPRITE,same-id-same-name
13301,13301,broken insectoid eggs,same-id-same-name
13302,13302,insectoid egg,same-id-same-name
13341,13341,ramp,same-id-same-name
13342,13342,ramp,same-id-same-name
13397,13397,RESERVED SPRITE,same-id-same-name
13400,13400,hivecomb floor,same-id-same-name
13429,13429,bag with stolen gold,same-id-same-name
13558,13558,ramp,same-id-same-name
13559,13559,ramp,same-id-same-name
13560,13560,ramp,same-id-same-name
13561,13561,ramp,same-id-same-name
13564,13564,ramp,same-id-same-name
13567,13567,ramp,same-id-same-name
13570,13570,ramp,same-id-same-name
13573,13573,ramp,same-id-same-name
13576,13576,ramp,same-id-same-name
13579,13579,ramp,same-id-same-name
13582,13582,ramp,same-id-same-name
13585,13585,ramp,same-id-same-name
13588,13588,ramp,same-id-same-name
13591,13591,ramp,same-id-same-name
13647,13647,moist stones,same-id-same-name
13655,13655,strange lamp,same-id-same-name
13656,13656,strange lamp,same-id-same-name
13657,13657,strange lamp,same-id-same-name
13658,13658,strange lamp,same-id-same-name
13670,13670,alga,same-id-same-name
13674,13674,tree coral,same-id-same-name
13675,13675,white coral,same-id-same-name
13676,13676,palm lettuce coral,same-id-same-name
13677,13677,seaweed,same-id-same-name
13678,13678,small coral,same-id-same-name
13688,13688,large coral,same-id-same-name
13712,13712,dead deepling warrior,same-id-same-name
13713,13713,dead deepling warrior,same-id-same-name
13714,13714,dead deepling warrior,same-id-same-name
13715,13715,dead deepling warrior,same-id-same-name
13716,13716,ramp,same-id-same-name
13717,13717,ramp,same-id-same-name
13718,13718,ramp,same-id-same-name
13719,13719,ramp,same-id-same-name
13720,13720,ramp,same-id-same-name
13721,13721,ramp,same-id-same-name
13722,13722,ramp,same-id-same-name
13723,13723,ramp,same-id-same-name
13750,13750,dead deepling guard,same-id-same-name
13751,13751,dead deepling guard,same-id-same-name
13752,13752,dead deepling guard,same-id-same-name
13753,13753,dead deepling guard,same-id-same-name
13771,13771,dead deepling spellsinger,same-id-same-name
13772,13772,dead deepling spellsinger,same-id-same-name
13773,13773,dead deepling spellsinger,same-id-same-name
13774,13774,dead deepling spellsinger,same-id-same-name
13775,13775,deep black gap,same-id-same-name
13776,13776,moist pillar,same-id-same-name
13787,13787,dead Jaul,same-id-same-name
13794,13794,dead Jaul,same-id-same-name
13795,13795,dead Jaul,same-id-same-name
13796,13796,dead Jaul,same-id-same-name
13797,13797,dead Obujos,same-id-same-name
13798,13798,dead Obujos,same-id-same-name
13799,13799,dead Obujos,same-id-same-name
13800,13800,dead Obujos,same-id-same-name
13801,13801,dead Tanjis,same-id-same-name
13802,13802,dead Tanjis,same-id-same-name
13803,13803,dead Tanjis,same-id-same-name
13804,13804,dead Tanjis,same-id-same-name
13842,13842,ice flower,free-crystal-id-preserved
13843,13843,harvested ice flower,free-crystal-id-preserved
13844,13844,ice flower seeds,same-id-same-name
13845,13845,dead lady bug,same-id-same-name
13846,13846,dead lady bug,same-id-same-name
13847,13847,dead lady bug,same-id-same-name
13848,13848,dead lady bug,same-id-same-name
13849,13849,dead manta ray,same-id-same-name
13850,13850,dead manta ray,same-id-same-name
13851,13851,dead manta ray,same-id-same-name
13852,13852,dead manta ray,same-id-same-name
13853,13853,dead calamary,same-id-same-name
13854,13854,dead calamary,same-id-same-name
13855,13855,dead calamary,same-id-same-name
13856,13856,dead calamary,same-id-same-name
13857,13857,dead jellyfish,same-id-same-name
13858,13858,dead jellyfish,same-id-same-name
13859,13859,dead jellyfish,same-id-same-name
13860,13860,dead shark,same-id-same-name
13861,13861,dead shark,same-id-same-name
13862,13862,dead shark,same-id-same-name
13863,13863,dead shark,same-id-same-name
13864,13864,dead jellyfish,same-id-same-name
13865,13865,dead crawler,same-id-same-name
13866,13866,dead crawler,same-id-same-name
13867,13867,dead crawler,same-id-same-name
13868,13868,dead crawler,same-id-same-name
13870,13870,dead spidris,same-id-same-name
13871,13871,dead spidris,same-id-same-name
13872,13872,dead spidris,same-id-same-name
13873,13873,dead spidris,same-id-same-name
13901,13901,flitter,same-id-same-name
13902,13902,party snake,same-id-same-name
13903,13903,royal emblems,same-id-same-name
13904,13904,flitter,same-id-same-name
13905,13905,party snake,same-id-same-name
13906,13906,royal emblems,same-id-same-name
13907,13907,lampions,same-id-same-name
13913,13913,flitter,same-id-same-name
13914,13914,party snake,same-id-same-name
13915,13915,emblems,same-id-same-name
13916,13916,emblem,same-id-same-name
13917,13917,flitter,same-id-same-name
13918,13918,party snake,same-id-same-name
13919,13919,emblems,same-id-same-name
13920,13920,emblem,same-id-same-name
13936,13936,unknown item,same-id-same-name
13937,13937,dead kollos,same-id-same-name
13938,13938,dead kollos,same-id-same-name
13939,13939,dead kollos,same-id-same-name
13940,13940,dead kollos,same-id-same-name
13968,13968,RESERVED SPRITE,same-id-same-name
13969,13969,insectoid cocoon,same-id-same-name
13970,13970,dead swarmer,same-id-same-name
13971,13971,dead swarmer,same-id-same-name
13972,13972,dead swarmer,same-id-same-name
13973,13973,dead swarmer,same-id-same-name
13974,13974,strange powder,same-id-same-name
13975,13975,RESERVED SPRITE,same-id-same-name
13976,13976,blob bomb,same-id-same-name
13977,13977,RESERVED SPRITE,same-id-same-name
13978,13978,hive floor,same-id-same-name
13979,13979,dead spitter,same-id-same-name
13980,13980,dead spitter,same-id-same-name
13981,13981,dead spitter,same-id-same-name
13982,13982,dead spitter,same-id-same-name
13983,13983,dead waspoid,same-id-same-name
13984,13984,dead waspoid,same-id-same-name
13985,13985,dead waspoid,same-id-same-name
13986,13986,dead waspoid,same-id-same-name
13987,13987,deepling staff,same-id-same-name
13988,13988,shallow water,free-crystal-id-preserved
13989,13989,shallow water,free-crystal-id-preserved
13990,13990,necklace of the deep,same-id-same-name
13991,13991,deepling axe,same-id-same-name
13992,13992,sandfish,same-id-same-name
13993,13993,ornate chestplate,same-id-same-name
13994,13994,depth lorica,same-id-same-name
13995,13995,depth galea,same-id-same-name
13996,13996,depth ocrea,same-id-same-name
13997,13997,depth calcei,same-id-same-name
13998,13998,depth scutum,same-id-same-name
13999,13999,ornate legs,same-id-same-name
14000,14000,ornate shield,same-id-same-name
14001,14001,ornate mace,same-id-same-name
14002,14002,trophy of Obujos,same-id-same-name
14003,14003,trophy of Obujos,same-id-same-name
14004,14004,trophy of Tanjis,same-id-same-name
14005,14005,trophy of Tanjis,same-id-same-name
14006,14006,trophy of Jaul,same-id-same-name
14007,14007,trophy of Jaul,same-id-same-name
14008,14008,spellsinger's seal,same-id-same-name
14009,14009,key to the Drowned Library,same-id-same-name
14010,14010,deepling guard belt buckle,same-id-same-name
14011,14011,deepling breaktime snack,same-id-same-name
14012,14012,deepling warts,same-id-same-name
14013,14013,deeptags,same-id-same-name
14014,14014,seashell book,same-id-same-name
14015,14015,seashell book,same-id-same-name
14016,14016,seashell book,same-id-same-name
14017,14017,deepling scales,same-id-same-name
14018,14018,Heart of the Sea,same-id-same-name
14019,14019,small golden anchor,same-id-same-name
14020,14020,soul net,same-id-same-name
14021,14021,Jaul's Pearl,same-id-same-name
14022,14022,Tanjis' Sight,same-id-same-name
14023,14023,Obujos' Shell,same-id-same-name
14024,14024,RESERVED SPRITE,same-id-same-name
14027,14027,party wall tinsel,same-id-same-name
14028,14028,party wall snake,same-id-same-name
14029,14029,flower pot,same-id-same-name
14030,14030,flower pot,same-id-same-name
14031,14031,flower pot,same-id-same-name
14032,14032,withered plant,same-id-same-name
14033,14033,flower pot,same-id-same-name
14034,14034,flower pot,same-id-same-name
14035,14035,flower pot,same-id-same-name
14036,14036,flower pot,same-id-same-name
14037,14037,flower pot,same-id-same-name
14038,14038,flower pot,same-id-same-name
14039,14039,RESERVED SPRITE,same-id-same-name
14040,14040,warrior's axe,same-id-same-name
14041,14041,deepling ridge,same-id-same-name
14042,14042,warrior's shield,same-id-same-name
14043,14043,guardian axe,same-id-same-name
14044,14044,deepling claw,same-id-same-name
14050,14050,unknown item,same-id-same-name
14051,14051,gooey substance,same-id-same-name
14052,14052,flask of chitin dissolver,same-id-same-name
14053,14053,flask of dissolved chitin,same-id-same-name
14054,14054,reagent flask,same-id-same-name
14055,14055,aggressive fluid,same-id-same-name
14064,14064,hive pore,same-id-same-name
14065,14065,overgrown hive pore,same-id-same-name
14076,14076,swarmer antenna,same-id-same-name
14077,14077,kollos shell,same-id-same-name
14078,14078,spitter nose,same-id-same-name
14079,14079,crawler head plating,same-id-same-name
14080,14080,waspoid claw,same-id-same-name
14081,14081,waspoid wing,same-id-same-name
14082,14082,spidris mandible,same-id-same-name
14083,14083,compound eye,same-id-same-name
14084,14084,larvae,same-id-same-name
14085,14085,deepling filet,same-id-same-name
14086,14086,calopteryx cape,same-id-same-name
14087,14087,grasshopper legs,same-id-same-name
14088,14088,carapace shield,same-id-same-name
14089,14089,hive scythe,same-id-same-name
14090,14090,dead poodle,same-id-same-name
14091,14091,dead poodle,same-id-same-name
14092,14092,dead poodle,same-id-same-name
14093,14093,dead poodle,same-id-same-name
14094,14094,dead deepling worker,same-id-same-name
14095,14095,dead deepling worker,same-id-same-name
14096,14096,dead deepling worker,same-id-same-name
14097,14097,dead deepling worker,same-id-same-name
14112,14112,bar of gold,same-id-same-name
14141,14141,lava,same-id-same-name
14142,14142,foxtail,same-id-same-name
14143,14143,four-leaf clover,same-id-same-name
14156,14156,dog collar,same-id-same-name
14157,14157,strong water vortex,same-id-same-name
14162,14162,rough red gem,same-id-same-name
14163,14163,fossilised coral,same-id-same-name
14164,14164,ramp,same-id-same-name
14165,14165,crate full of coral,same-id-same-name
14166,14166,crate,same-id-same-name
14167,14167,deepling spawn,same-id-same-name
14171,14171,hive pore,same-id-same-name
14172,14172,gooey mass,same-id-same-name
14173,14173,seashell book,same-id-same-name
14174,14174,seashell book,same-id-same-name
14175,14175,seashell book,same-id-same-name
14176,14176,notes and coordinates,same-id-same-name
14222,14222,trophy of Obujos,same-id-same-name
14223,14223,trophy of Tanjis,same-id-same-name
14224,14224,trophy of Jaul,same-id-same-name
14225,14225,dung ball,same-id-same-name
14226,14226,deep black gap,same-id-same-name
14237,14237,soft green chair,same-id-same-name
14238,14238,mud,same-id-same-name
14239,14239,unknown item,same-id-same-name
14240,14240,fish swarm,same-id-same-name
14246,14246,hive bow,same-id-same-name
14247,14247,ornate crossbow,same-id-same-name
14248,14248,deepling backpack,same-id-same-name
14249,14249,buggy backpack,same-id-same-name
14250,14250,deepling squelcher,same-id-same-name
14251,14251,tarsal arrow,same-id-same-name
14252,14252,vortex bolt,same-id-same-name
14253,14253,swarmer drum,same-id-same-name
14254,14254,RESERVED SPRITE,same-id-same-name
14255,14255,swarmer drum,same-id-same-name
14258,14258,depth galea,same-id-same-name
14259,14259,Eighty outfit,same-id-same-name
14670,14670,CM token,same-id-same-name
14671,14671,Delany's golden bug trophy,same-id-same-name
14672,14672,Bolfrim's golden bug trophy,same-id-same-name
14673,14673,Siramal's golden bug trophy,same-id-same-name
14674,14674,anniversary backpack,same-id-same-name
14681,14681,anniversary cake,same-id-same-name
14682,14682,Chayenne's magical key,same-id-same-name
14683,14683,artist's brush,same-id-same-name
14684,14684,artist's palette,same-id-same-name
14685,14685,artist's canvas,same-id-same-name
14686,14686,artist's brush,same-id-same-name
14741,14741,easel kit,same-id-same-name
14750,14750,surprise nest,same-id-same-name
14751,14751,pirate's surprise,same-id-same-name
14752,14752,RESERVED SPRITE,same-id-same-name
14753,14753,dung ball,same-id-same-name
14754,14754,cake cabinet,same-id-same-name
14755,14755,cake cabinet,same-id-same-name
14756,14756,cake cabinet kit,same-id-same-name
14757,14757,dragon's nest,same-id-same-name
14758,14758,premium scroll,same-id-same-name
14759,14759,surprise nest,same-id-same-name
14768,14768,thorn spitter,same-id-same-name
14769,14769,spellbook of ancient arcana,same-id-same-name
14842,14842,basalt wall with crystals,same-id-same-name
14847,14847,fossilised bones,same-id-same-name
14855,14855,fossilised bones,same-id-same-name
14878,14878,crystals,same-id-same-name
14879,14879,basalt wall,same-id-same-name
14880,14880,basalt wall,same-id-same-name
14881,14881,basalt wall with crystals,same-id-same-name
14882,14882,basalt wall,same-id-same-name
14883,14883,basalt wall,same-id-same-name
14886,14886,nestled crystals,same-id-same-name
14887,14887,fossilised bones,same-id-same-name
14888,14888,basalt wall with crystals,same-id-same-name
14889,14889,basalt wall with crystals,same-id-same-name
14932,14932,ramp,same-id-same-name
14933,14933,ramp,same-id-same-name
14934,14934,ramp,same-id-same-name
14935,14935,ramp,same-id-same-name
14936,14936,ramp,same-id-same-name
14937,14937,ramp,same-id-same-name
14938,14938,ramp,same-id-same-name
14939,14939,ramp,same-id-same-name
14942,14942,green crystal stalagmite,same-id-same-name
14949,14949,cluster of green crystals,same-id-same-name
14950,14950,green crystal rods,same-id-same-name
14951,14951,green crystals,same-id-same-name
14952,14952,small green crystals,same-id-same-name
14955,14955,cluster of blue crystals,same-id-same-name
14956,14956,blue crystal rods,same-id-same-name
14957,14957,blue crystals,same-id-same-name
14958,14958,small blue crystals,same-id-same-name
14961,14961,cluster of red crystals,same-id-same-name
14962,14962,red crystal rods,same-id-same-name
14963,14963,red crystals,same-id-same-name
14964,14964,small red crystals,same-id-same-name
14974,14974,red crystals,same-id-same-name
15067,15067,mossy window,same-id-same-name
15075,15075,mossy window,same-id-same-name
15100,15100,mushrooms,same-id-same-name
15108,15108,ramp,same-id-same-name
15109,15109,ramp,same-id-same-name
15110,15110,ramp,same-id-same-name
15111,15111,ramp,same-id-same-name
15112,15112,ramp,same-id-same-name
15113,15113,ramp,same-id-same-name
15114,15114,ramp,same-id-same-name
15115,15115,ramp,same-id-same-name
15121,15121,small white beech mushrooms,same-id-same-name
15122,15122,small cortinarius mushrooms,same-id-same-name
15123,15123,small gomphidius mushroom,same-id-same-name
15126,15126,dark blue mushroom,same-id-same-name
15127,15127,blue glowing mushroom,same-id-same-name
15128,15128,yellow glowing mushroom,same-id-same-name
15129,15129,small glowing mushrooms,same-id-same-name
15132,15132,orange dankshroom,same-id-same-name
15133,15133,large sticky mushroom,same-id-same-name
15134,15134,large fungus stipe,same-id-same-name
15135,15135,large sticky mushroom,same-id-same-name
15136,15136,large spongy mushroom,same-id-same-name
15141,15141,mushrooms growing on a pillar,same-id-same-name
15142,15142,RESERVED SPRITE,same-id-same-name
15143,15143,stalagmites,same-id-same-name
15144,15144,mushroom corkscrew stairs,same-id-same-name
15151,15151,toad stool,same-id-same-name
15152,15152,toad stool,same-id-same-name
15153,15153,toad stool,same-id-same-name
15154,15154,toad stool,same-id-same-name
15155,15155,mushroom table,same-id-same-name
15251,15251,crystal wall,same-id-same-name
15275,15275,RESERVED SPRITE,same-id-same-name
15276,15276,miniature house,same-id-same-name
15297,15297,RESERVED SPRITE,same-id-same-name
15319,15319,large blue crystal,same-id-same-name
15320,15320,large crystal teleporter,same-id-same-name
15345,15345,basalt wall,same-id-same-name
15346,15346,RESERVED SPRITE,same-id-same-name
15466,15466,crystals,same-id-same-name
15467,15467,large blue crystal,same-id-same-name
15506,15506,simple bed,same-id-same-name
15507,15507,simple bed,same-id-same-name
15508,15508,simple bed,same-id-same-name
15509,15509,simple bed,same-id-same-name
15510,15510,simple bed,same-id-same-name
15511,15511,simple bed,same-id-same-name
15512,15512,simple bed,same-id-same-name
15513,15513,simple bed,same-id-same-name
15514,15514,simple bed,same-id-same-name
15515,15515,simple bed,same-id-same-name
15516,15516,simple bed,same-id-same-name
15517,15517,simple bed,same-id-same-name
15611,15611,stone pillar,same-id-same-name
15632,15632,giant carrot,same-id-same-name
15633,15633,demonbunny statue,same-id-same-name
15634,15634,carrot,same-id-same-name
15635,15635,carrots,same-id-same-name
15687,15687,closed door,same-id-same-name
15688,15688,open door,same-id-same-name
15689,15689,shovel,same-id-same-name
15696,15696,gnomish extraction crystal,same-id-same-name
15697,15697,gnomish resonance crystal,same-id-same-name
15698,15698,gnomish supply package,same-id-same-name
15699,15699,some mushroom fertilizer,same-id-same-name
15700,15700,mushroom,same-id-same-name
15701,15701,churned ground,same-id-same-name
15702,15702,RESERVED SPRITE,same-id-same-name
15703,15703,gnomish repair crystal,same-id-same-name
15704,15704,puffball mushroom,same-id-same-name
15705,15705,red spores,same-id-same-name
15706,15706,green spores,same-id-same-name
15707,15707,blue spores,same-id-same-name
15708,15708,yellow spores,same-id-same-name
15709,15709,crystal cannon,same-id-same-name
15710,15710,target dummy,same-id-same-name
15711,15711,innocent target,same-id-same-name
15712,15712,damaged crystal,same-id-same-name
15717,15717,basalt floor,same-id-same-name
15718,15718,stairs,same-id-same-name
15758,15758,icy wall,same-id-same-name
15785,15785,ice stone floor,same-id-same-name
15792,15792,crystal bolt,same-id-same-name
15793,15793,crystalline arrow,same-id-same-name
15794,15794,fresh mushroom beer,same-id-same-name
15795,15795,stale mushroom beer,same-id-same-name
15796,15796,damaged crystal,same-id-same-name
15801,15801,lonely crystal,same-id-same-name
15802,15802,gnomish crystal package,same-id-same-name
15816,15816,puffball mushroom,same-id-same-name
15817,15817,gnomish spore gatherer,same-id-same-name
15818,15818,gnomish spore gatherer,same-id-same-name
15819,15819,gnomish spore gatherer,same-id-same-name
15820,15820,gnomish spore gatherer,same-id-same-name
15821,15821,gnomish spore gatherer,same-id-same-name
15822,15822,strange stone,same-id-same-name
15823,15823,strange stone,same-id-same-name
15824,15824,strange stone,same-id-same-name
15825,15825,strange stone,same-id-same-name
15826,15826,whetstone,same-id-same-name
15827,15827,horn,same-id-same-name
15828,15828,little pig,same-id-same-name
15829,15829,mold floor,same-id-same-name
15830,15830,some truffels,same-id-same-name
15831,15831,crystal cannon,same-id-same-name
15832,15832,bell,same-id-same-name
15833,15833,little pig,same-id-same-name
15863,15863,RESERVED SPRITE,same-id-same-name
15864,15864,dead stone devourer,same-id-same-name
15865,15865,dead stone devourer,same-id-same-name
15866,15866,dead stone devourer,same-id-same-name
15867,15867,dead stone devourer,same-id-same-name
15868,15868,dead armadile,same-id-same-name
15869,15869,dead armadile,same-id-same-name
15870,15870,dead armadile,same-id-same-name
15871,15871,dead armadile,same-id-same-name
15872,15872,dead humongous fungus,same-id-same-name
15873,15873,dead humongous fungus,same-id-same-name
15874,15874,dead humongous fungus,same-id-same-name
15875,15875,dead humongous fungus,same-id-same-name
15890,15890,closed door,same-id-same-name
15891,15891,open door,same-id-same-name
15892,15892,closed door,same-id-same-name
15893,15893,open door,same-id-same-name
15894,15894,strange idol,same-id-same-name
15897,15897,strange idol,same-id-same-name
15906,15906,dead weeper,same-id-same-name
15907,15907,dead weeper,same-id-same-name
15908,15908,dead weeper,same-id-same-name
15909,15909,dead weeper,same-id-same-name
15910,15910,dead orewalker,same-id-same-name
15911,15911,dead orewalker,same-id-same-name
15912,15912,dead orewalker,same-id-same-name
15913,15913,dead orewalker,same-id-same-name
15987,15987,dead lava golem,same-id-same-name
15988,15988,dead lava golem,same-id-same-name
15989,15989,dead lava golem,same-id-same-name
15990,15990,dead lava golem,same-id-same-name
15991,15991,dead magma crawler,same-id-same-name
15992,15992,dead magma crawler,same-id-same-name
15993,15993,dead magma crawler,same-id-same-name
15994,15994,dead magma crawler,same-id-same-name
16062,16062,dead enslaved dwarf,same-id-same-name
16063,16063,dead enslaved dwarf,same-id-same-name
16064,16064,dead enslaved dwarf,same-id-same-name
16065,16065,dead enslaved dwarf,same-id-same-name
16067,16067,dead Abyssador,same-id-same-name
16068,16068,dead Abyssador,same-id-same-name
16069,16069,dead Abyssador,same-id-same-name
16070,16070,dead Abyssador,same-id-same-name
16071,16071,dead lost berserker,same-id-same-name
16072,16072,dead lost berserker,same-id-same-name
16073,16073,dead lost berserker,same-id-same-name
16074,16074,dead lost berserker,same-id-same-name
16075,16075,dead cliff strider,same-id-same-name
16076,16076,dead cliff strider,same-id-same-name
16077,16077,dead cliff strider,same-id-same-name
16078,16078,dead cliff strider,same-id-same-name
16079,16079,dead ironblight,same-id-same-name
16080,16080,dead ironblight,same-id-same-name
16081,16081,dead ironblight,same-id-same-name
16082,16082,dead ironblight,same-id-same-name
16083,16083,dead hideous fungus,same-id-same-name
16084,16084,dead hideous fungus,same-id-same-name
16085,16085,dead hideous fungus,same-id-same-name
16086,16086,dead hideous fungus,same-id-same-name
16087,16087,purse,same-id-same-name
16088,16088,dead Deathstrike,same-id-same-name
16089,16089,dead Deathstrike,same-id-same-name
16090,16090,dead Deathstrike,same-id-same-name
16091,16091,dead deathstrike,same-id-same-name
16094,16094,crystal lamp,same-id-same-name
16095,16095,lit crystal lamp,same-id-same-name
16096,16096,wand of defiance,same-id-same-name
16097,16097,glowing mushroom,same-id-same-name
16098,16098,lit glowing mushroom,same-id-same-name
16099,16099,mushroom backpack,same-id-same-name
16100,16100,crystal backpack,same-id-same-name
16101,16101,muck remover,same-id-same-name
16102,16102,mucus plug,same-id-same-name
16103,16103,mushroom pie,same-id-same-name
16104,16104,gill gugel,same-id-same-name
16105,16105,gill coat,same-id-same-name
16106,16106,gill legs,same-id-same-name
16107,16107,spellbook of vigilance,same-id-same-name
16108,16108,gill necklace,same-id-same-name
16109,16109,prismatic helmet,same-id-same-name
16110,16110,prismatic armor,same-id-same-name
16111,16111,prismatic legs,same-id-same-name
16112,16112,prismatic boots,same-id-same-name
16113,16113,prismatic necklace,same-id-same-name
16114,16114,prismatic ring,same-id-same-name
16115,16115,wand of everblazing,same-id-same-name
16116,16116,prismatic shield,same-id-same-name
16117,16117,muck rod,same-id-same-name
16118,16118,glacial rod,same-id-same-name
16119,16119,blue crystal shard,same-id-same-name
16120,16120,violet crystal shard,same-id-same-name
16121,16121,green crystal shard,same-id-same-name
16122,16122,green crystal splinter,same-id-same-name
16123,16123,brown crystal splinter,same-id-same-name
16124,16124,blue crystal splinter,same-id-same-name
16125,16125,cyan crystal fragment,same-id-same-name
16126,16126,red crystal fragment,same-id-same-name
16127,16127,green crystal fragment,same-id-same-name
16128,16128,minor crystalline token,same-id-same-name
16129,16129,major crystalline token,same-id-same-name
16130,16130,magma clump,same-id-same-name
16131,16131,blazing bone,same-id-same-name
16132,16132,eye of a weeper,same-id-same-name
16133,16133,pulverized ore,same-id-same-name
16134,16134,cliff strider claw,same-id-same-name
16135,16135,vein of ore,same-id-same-name
16136,16136,Deathstrike's snippet,same-id-same-name
16137,16137,stone nose,same-id-same-name
16138,16138,crystalline spikes,same-id-same-name
16139,16139,humongous chunk,same-id-same-name
16140,16140,hideous chunk,same-id-same-name
16141,16141,prismatic bolt,same-id-same-name
16142,16142,drill bolt,same-id-same-name
16143,16143,envenomed arrow,same-id-same-name
16144,16144,dead dragonling,same-id-same-name
16145,16145,dead dragonling,same-id-same-name
16146,16146,dead dragonling,same-id-same-name
16147,16147,dead dragonling,same-id-same-name
16149,16149,dead gnomevil,same-id-same-name
16150,16150,dead gnomevil,same-id-same-name
16151,16151,dead gnomevil,same-id-same-name
16152,16152,dead gnomevil,same-id-same-name
16153,16153,iron loadstone,same-id-same-name
16154,16154,glow wine,same-id-same-name
16155,16155,decorative ribbon,same-id-same-name
16160,16160,crystalline sword,same-id-same-name
16161,16161,crystalline axe,same-id-same-name
16162,16162,mycological mace,same-id-same-name
16163,16163,crystal crossbow,same-id-same-name
16164,16164,mycological bow,same-id-same-name
16165,16165,pet pig,same-id-same-name
16166,16166,pet pig,same-id-same-name
16167,16167,teleport crystal,same-id-same-name
16168,16168,green crystal stalagmite,same-id-same-name
16169,16169,large blue crystal,same-id-same-name
16170,16170,large blue crystal,same-id-same-name
16171,16171,large blue crystal,same-id-same-name
16174,16174,crystal glass floor,same-id-same-name
16175,16175,shiny blade,same-id-same-name
16176,16176,dead crystal golem,same-id-same-name
16177,16177,dead crystal golem,same-id-same-name
16178,16178,dead crystal golem,same-id-same-name
16179,16179,dead crystal golem,same-id-same-name
16185,16185,dead vulcongra,same-id-same-name
16186,16186,dead vulcongra,same-id-same-name
16187,16187,dead vulcongra,same-id-same-name
16188,16188,dead vulcongra,same-id-same-name
16190,16190,dead wiggler,same-id-same-name
16191,16191,dead wiggler,same-id-same-name
16192,16192,dead wiggler,same-id-same-name
16193,16193,dead wiggler,same-id-same-name
16194,16194,dead crystalcrusher,same-id-same-name
16195,16195,dead crystalcrusher,same-id-same-name
16196,16196,dead crystalcrusher,same-id-same-name
16197,16197,dead crystalcrusher,same-id-same-name
16198,16198,skill trainer,same-id-same-name
16199,16199,skill trainer,same-id-same-name
16200,16200,skill trainer,same-id-same-name
16201,16201,skill trainer,same-id-same-name
16202,16202,skill trainer,same-id-same-name
16203,16203,timber floor,same-id-same-name
16204,16204,RESERVED SPRITE,same-id-same-name
16205,16205,Gnomevil's hat,same-id-same-name
16206,16206,Abyssador's lash,same-id-same-name
16229,16229,tail of Abyssador,same-id-same-name
16230,16230,torso of Abyssador,same-id-same-name
16231,16231,head of Abyssador,same-id-same-name
16232,16232,statue of Abyssador,same-id-same-name
16233,16233,legs of Deathstrike,same-id-same-name
16234,16234,torso of Deathstrike,same-id-same-name
16235,16235,head of Deathstrike,same-id-same-name
16236,16236,statue of Deathstrike,same-id-same-name
16237,16237,legs of Gnomevil,same-id-same-name
16238,16238,torso of Gnomevil,same-id-same-name
16239,16239,head of Gnomevil,same-id-same-name
16240,16240,statue of Gnomevil,same-id-same-name
16241,16241,RESERVED SPRITE,same-id-same-name
16242,16242,red teleport crystal,same-id-same-name
16243,16243,RESERVED SPRITE,same-id-same-name
16244,16244,music box,same-id-same-name
16245,16245,RESERVED SPRITE,same-id-same-name
16246,16246,strange symbols,same-id-same-name
16247,16247,RESERVED SPRITE,same-id-same-name
16248,16248,huge brown mushroom,same-id-same-name
16249,16249,RESERVED SPRITE,same-id-same-name
16250,16250,unknown item,same-id-same-name
16251,16251,golem wrench,same-id-same-name
16252,16252,gnomish voucher type MB,same-id-same-name
16253,16253,gnomish voucher type MA1,same-id-same-name
16254,16254,gnomish voucher type MA2,same-id-same-name
16255,16255,gnomish voucher type CB,same-id-same-name
16256,16256,gnomish voucher type CA1,same-id-same-name
16257,16257,gnomish voucher type CA2,same-id-same-name
16264,16264,prismatic ring,same-id-same-name
16277,16277,adventurer's stone,same-id-same-name
16278,16278,RESERVED SPRITE,same-id-same-name
16279,16279,crystal rubbish,same-id-same-name
16383,16383,mire bough,same-id-same-name
16384,16384,choking swamp gnarl,same-id-same-name
16395,16395,mud clot,same-id-same-name
16399,16399,mud clot,same-id-same-name
16411,16411,stone stings,same-id-same-name
16572,16572,wooden treadmill,same-id-same-name
16578,16578,nails,same-id-same-name
16583,16583,wooden strut,same-id-same-name
16584,16584,wooden planks,same-id-same-name
16585,16585,swamp lichen,same-id-same-name
16586,16586,swamp lichen,same-id-same-name
16587,16587,quagmire moss,same-id-same-name
16601,16601,wooden strut,same-id-same-name
16679,16679,RESERVED SPRITE,same-id-same-name
16680,16680,ramp,same-id-same-name
16681,16681,ramp,same-id-same-name
16682,16682,ramp,same-id-same-name
16683,16683,ramp,same-id-same-name
16684,16684,ramp,same-id-same-name
16685,16685,ramp,same-id-same-name
16686,16686,ramp,same-id-same-name
16687,16687,ramp,same-id-same-name
16688,16688,ramp,same-id-same-name
16689,16689,ramp,same-id-same-name
16690,16690,ramp,same-id-same-name
16691,16691,ramp,same-id-same-name
16692,16692,ramp,same-id-same-name
16693,16693,ramp,same-id-same-name
16694,16694,ramp,same-id-same-name
16695,16695,ramp,same-id-same-name
16862,16862,RESERVED SPRITE,same-id-same-name
16863,16863,muddy mountain,same-id-same-name
16864,16864,RESERVED SPRITE,same-id-same-name
16865,16865,grass,same-id-same-name
16866,16866,swamp clay mountain,same-id-same-name
16867,16867,RESERVED SPRITE,same-id-same-name
16868,16868,swamp clay mountain,same-id-same-name
16869,16869,muddy mountain,same-id-same-name
17109,17109,mean knight sword,same-id-same-name
17110,17110,mean paladin spear,same-id-same-name
17111,17111,sorcerer and druid staff,same-id-same-name
17112,17112,sorc and druid attack rune,same-id-same-name
17113,17113,healing rune for druids,same-id-same-name
17114,17114,RESERVED SPRITE,same-id-same-name
17150,17150,RESERVED SPRITE,same-id-same-name
17151,17151,freshly cut venorean spice,same-id-same-name
17152,17152,growing venorean spice,same-id-same-name
17153,17153,venorean spice,same-id-same-name
17212,17212,muddy brick wall,same-id-same-name
17222,17222,brick wall,same-id-same-name
17228,17228,wooden treadmill,same-id-same-name
17229,17229,wooden cabin,same-id-same-name
17230,17230,wooden ladder,same-id-same-name
17231,17231,wooden scaffolding,same-id-same-name
17238,17238,muddy floor,same-id-same-name
17239,17239,hole,same-id-same-name
17315,17315,muddy mountain,same-id-same-name
17316,17316,cobbled pavement,same-id-same-name
17317,17317,RESERVED SPRITE,same-id-same-name
17322,17322,RESERVED SPRITE,same-id-same-name
17339,17339,copper roof,same-id-same-name
17340,17340,socket,same-id-same-name
17345,17345,unknown item,same-id-same-name
17353,17353,cabinet,same-id-same-name
17354,17354,cabinet,same-id-same-name
17355,17355,wardrobe,same-id-same-name
17356,17356,wardrobe,same-id-same-name
17357,17357,drawer,same-id-same-name
17358,17358,drawer,same-id-same-name
17359,17359,venorean chair,same-id-same-name
17360,17360,venorean chair,same-id-same-name
17361,17361,venorean chair,same-id-same-name
17362,17362,venorean chair,same-id-same-name
17363,17363,venorean stool,same-id-same-name
17364,17364,venorean stool,same-id-same-name
17365,17365,venorean stool,same-id-same-name
17366,17366,venorean stool,same-id-same-name
17367,17367,kidney table,same-id-same-name
17372,17372,ficus benjamina,same-id-same-name
17373,17373,areca palm,same-id-same-name
17383,17383,counter,same-id-same-name
17386,17386,counter,same-id-same-name
17394,17394,stairs,same-id-same-name
17395,17395,stairs,same-id-same-name
17409,17409,street lamp,same-id-same-name
17415,17415,lit candle,same-id-same-name
17418,17418,lit candle,same-id-same-name
17421,17421,dead water buffalo,same-id-same-name
17422,17422,dead water buffalo,same-id-same-name
17423,17423,dead water buffalo,same-id-same-name
17424,17424,dead water buffalo,same-id-same-name
17425,17425,dead drillworm,same-id-same-name
17426,17426,dead emerald damselfly,same-id-same-name
17427,17427,dead salamander,same-id-same-name
17428,17428,dead marsh stalker,same-id-same-name
17429,17429,dead pigeon,same-id-same-name
17430,17430,dead drillworm,same-id-same-name
17431,17431,dead drillworm,same-id-same-name
17432,17432,dead drillworm,same-id-same-name
17433,17433,dead emerald damselfly,same-id-same-name
17434,17434,dead emerald damselfly,same-id-same-name
17435,17435,dead emerald damselfly,same-id-same-name
17436,17436,dead salamander,same-id-same-name
17437,17437,dead salamander,same-id-same-name
17438,17438,dead salamander,same-id-same-name
17439,17439,dead marsh stalker,same-id-same-name
17440,17440,dead marsh stalker,same-id-same-name
17441,17441,dead marsh stalker,same-id-same-name
17442,17442,dead pigeon,same-id-same-name
17443,17443,dead pigeon,same-id-same-name
17444,17444,dead pigeon,same-id-same-name
17445,17445,dead corym charlatan,same-id-same-name
17446,17446,dead corym skirmisher,same-id-same-name
17447,17447,dead corym vanguard,same-id-same-name
17448,17448,dead corym charlatan,same-id-same-name
17449,17449,dead corym charlatan,same-id-same-name
17450,17450,dead corym charlatan,same-id-same-name
17451,17451,dead corym skirmisher,same-id-same-name
17452,17452,dead corym skirmisher,same-id-same-name
17453,17453,dead corym skirmisher,same-id-same-name
17454,17454,dead corym vanguard,same-id-same-name
17455,17455,dead corym vanguard,same-id-same-name
17456,17456,dead corym vanguard,same-id-same-name
17457,17457,insectoid eggs,same-id-same-name
17458,17458,damselfly wing,same-id-same-name
17461,17461,marsh stalker beak,same-id-same-name
17462,17462,marsh stalker feather,same-id-same-name
17463,17463,damselfly eye,same-id-same-name
17511,17511,tiny healing rune,same-id-same-name
17512,17512,lightest magic missile rune,same-id-same-name
17513,17513,can of oil,same-id-same-name
17514,17514,pathfinder kit,same-id-same-name
17515,17515,wooden treadmill,same-id-same-name
17519,17519,RESERVED SPRITE,same-id-same-name
17520,17520,wooden treadmill,same-id-same-name
17527,17527,RESERVED SPRITE,same-id-same-name
17560,17560,closed door,same-id-same-name
17561,17561,closed door,same-id-same-name
17562,17562,open door,same-id-same-name
17563,17563,closed door,same-id-same-name
17564,17564,open door,same-id-same-name
17565,17565,gate of expertise,same-id-same-name
17566,17566,gate of expertise,same-id-same-name
17567,17567,closed door,same-id-same-name
17568,17568,open door,same-id-same-name
17569,17569,closed door,same-id-same-name
17570,17570,closed door,same-id-same-name
17571,17571,open door,same-id-same-name
17572,17572,closed door,same-id-same-name
17573,17573,open door,same-id-same-name
17574,17574,gate of expertise,same-id-same-name
17575,17575,gate of expertise,same-id-same-name
17576,17576,closed door,same-id-same-name
17577,17577,open door,same-id-same-name
17617,17617,grind stone,same-id-same-name
17622,17622,dead swampling,same-id-same-name
17623,17623,dead swampling,same-id-same-name
17624,17624,dead swampling,same-id-same-name
17625,17625,dead swampling,same-id-same-name
17666,17666,muddy floor,same-id-same-name
17667,17667,rock soil,same-id-same-name
17668,17668,advertisement sign,same-id-same-name
17669,17669,guardcatcher,same-id-same-name
17670,17670,perfume gatherer,same-id-same-name
17671,17671,bottle with rat urine,same-id-same-name
17676,17676,trunkhammer,same-id-same-name
17677,17677,junk trunk,same-id-same-name
17678,17678,smashed trunk,same-id-same-name
17679,17679,cracked stone,same-id-same-name
17680,17680,advertisement sign,same-id-same-name
17681,17681,black swamp gas,same-id-same-name
17682,17682,dead lost husher,same-id-same-name
17683,17683,dead lost basher,same-id-same-name
17684,17684,dead lost husher,same-id-same-name
17685,17685,dead lost husher,same-id-same-name
17686,17686,dead lost husher,same-id-same-name
17687,17687,dead lost basher,same-id-same-name
17688,17688,dead lost basher,same-id-same-name
17689,17689,dead lost basher,same-id-same-name
17690,17690,dead little corym charlatan,same-id-same-name
17691,17691,dead little corym charlatan,same-id-same-name
17692,17692,dead little corym charlatan,same-id-same-name
17693,17693,dead little corym charlatan,same-id-same-name
17700,17700,closed door,same-id-same-name
17701,17701,closed door,same-id-same-name
17702,17702,open door,same-id-same-name
17703,17703,closed door,same-id-same-name
17704,17704,open door,same-id-same-name
17705,17705,gate of expertise,same-id-same-name
17706,17706,gate of expertise,same-id-same-name
17707,17707,closed door,same-id-same-name
17708,17708,open door,same-id-same-name
17709,17709,closed door,same-id-same-name
17710,17710,closed door,same-id-same-name
17711,17711,open door,same-id-same-name
17712,17712,closed door,same-id-same-name
17713,17713,open door,same-id-same-name
17714,17714,gate of expertise,same-id-same-name
17715,17715,gate of expertise,same-id-same-name
17716,17716,closed door,same-id-same-name
17717,17717,open door,same-id-same-name
17718,17718,dead lost thrower,same-id-same-name
17719,17719,dead lost thrower,same-id-same-name
17720,17720,dead lost thrower,same-id-same-name
17721,17721,dead lost thrower,same-id-same-name
17722,17722,hourglass,same-id-same-name
17809,17809,bola,same-id-same-name
17810,17810,spike shield,same-id-same-name
17811,17811,RESERVED SPRITE,same-id-same-name
17812,17812,ratana,same-id-same-name
17813,17813,life preserver,same-id-same-name
17817,17817,cheese cutter,same-id-same-name
17818,17818,cheesy figurine,same-id-same-name
17819,17819,earflap,same-id-same-name
17820,17820,soft cheese,same-id-same-name
17821,17821,rat cheese,same-id-same-name
17822,17822,swampling moss,same-id-same-name
17823,17823,piece of swampling wood,same-id-same-name
17824,17824,swampling club,same-id-same-name
17825,17825,rat god doll,same-id-same-name
17826,17826,lost basher's spike,same-id-same-name
17827,17827,bloody dwarven beard,same-id-same-name
17828,17828,pair of iron fists,same-id-same-name
17829,17829,buckle,same-id-same-name
17830,17830,bonecarving knife,same-id-same-name
17831,17831,bone fetish,same-id-same-name
17846,17846,leather harness,same-id-same-name
17847,17847,wimp tooth chain,same-id-same-name
17848,17848,lost husher's staff,same-id-same-name
17849,17849,skull shatterer,same-id-same-name
17850,17850,holy ash,same-id-same-name
17851,17851,broken throwing axe,same-id-same-name
17852,17852,helmet of the lost,same-id-same-name
17853,17853,lost bracers,same-id-same-name
17854,17854,mad froth,same-id-same-name
17855,17855,red hair dye,same-id-same-name
17856,17856,basalt fetish,same-id-same-name
17857,17857,basalt figurine,same-id-same-name
17858,17858,leech,same-id-same-name
17859,17859,spiky club,same-id-same-name
17895,17895,crenellations,same-id-same-name
17896,17896,stone archway,same-id-same-name
17899,17899,stone archway,same-id-same-name
17900,17900,window,same-id-same-name
17901,17901,small window,same-id-same-name
17902,17902,window,same-id-same-name
17903,17903,window,same-id-same-name
17904,17904,small window,same-id-same-name
17905,17905,window,same-id-same-name
17917,17917,canopy bed,same-id-same-name
17918,17918,canopy bed,same-id-same-name
17919,17919,canopy bed,same-id-same-name
17920,17920,canopy bed,same-id-same-name
17921,17921,canopy bed,same-id-same-name
17922,17922,canopy bed,same-id-same-name
17923,17923,canopy bed,same-id-same-name
17924,17924,canopy bed,same-id-same-name
17925,17925,canopy bed,same-id-same-name
17926,17926,canopy bed,same-id-same-name
17927,17927,canopy bed,same-id-same-name
17928,17928,canopy bed,same-id-same-name
17936,17936,RESERVED SPRITE,same-id-same-name
17937,17937,wooden floor,same-id-same-name
17942,17942,elevator,same-id-same-name
17950,17950,swamp,same-id-same-name
17967,17967,RESERVED SPRITE,same-id-same-name
17968,17968,unknown item,same-id-same-name
17972,17972,canopy bed kit,same-id-same-name
17973,17973,RESERVED SPRITE,same-id-same-name
17974,17974,venorean cabinet kit,same-id-same-name
17975,17975,venorean wardrobe kit,same-id-same-name
17976,17976,RESERVED SPRITE,same-id-same-name
17977,17977,venorean drawer kit,same-id-same-name
17981,17981,elevator,same-id-same-name
17982,17982,wooden floor,same-id-same-name
17985,17985,wooden floor,same-id-same-name
17986,17986,RESERVED SPRITE,same-id-same-name
17992,17992,pillar railing,same-id-same-name
17993,17993,closed door,same-id-same-name
17994,17994,closed door,same-id-same-name
17995,17995,open door,same-id-same-name
17996,17996,closed door,same-id-same-name
17997,17997,open door,same-id-same-name
17998,17998,gate of expertise,same-id-same-name
17999,17999,gate of expertise,same-id-same-name
18000,18000,closed door,same-id-same-name
18001,18001,open door,same-id-same-name
18002,18002,closed door,same-id-same-name
18003,18003,closed door,same-id-same-name
18004,18004,open door,same-id-same-name
18005,18005,closed door,same-id-same-name
18006,18006,open door,same-id-same-name
18007,18007,gate of expertise,same-id-same-name
18008,18008,gate of expertise,same-id-same-name
18009,18009,closed door,same-id-same-name
18010,18010,open door,same-id-same-name
18013,18013,stone floor,same-id-same-name
18014,18014,RESERVED SPRITE,same-id-same-name
18015,18015,cabinet,same-id-same-name
18016,18016,cabinet,same-id-same-name
18017,18017,wardrobe,same-id-same-name
18018,18018,wardrobe,same-id-same-name
18019,18019,drawer,same-id-same-name
18020,18020,drawer,same-id-same-name
18021,18021,unknown item,same-id-same-name
18022,18022,unknown item,same-id-same-name
18029,18029,pillar railing,same-id-same-name
18030,18030,dead adept of the cult,same-id-same-name
18031,18031,dead adept of the cult,same-id-same-name
18032,18032,dead adept of the cult,same-id-same-name
18033,18033,dead adept of the cult,same-id-same-name
18034,18034,dead adventurer,same-id-same-name
18035,18035,dead adventurer,same-id-same-name
18036,18036,dead adventurer,same-id-same-name
18037,18037,dead adventurer,same-id-same-name
18038,18038,dead acolyte of the cult,same-id-same-name
18039,18039,dead acolyte of the cult,same-id-same-name
18040,18040,dead acolyte of the cult,same-id-same-name
18041,18041,dead acolyte of the cult,same-id-same-name
18042,18042,dead amazon,same-id-same-name
18043,18043,dead amazon,same-id-same-name
18044,18044,dead amazon,same-id-same-name
18045,18045,dead amazon,same-id-same-name
18046,18046,dead assassin,same-id-same-name
18047,18047,dead assassin,same-id-same-name
18048,18048,dead assassin,same-id-same-name
18049,18049,dead assassin,same-id-same-name
18050,18050,dead bandit,same-id-same-name
18051,18051,dead bandit,same-id-same-name
18052,18052,dead bandit,same-id-same-name
18053,18053,dead bandit,same-id-same-name
18054,18054,dead barbarian bloodwalker,same-id-same-name
18055,18055,dead barbarian bloodwalker,same-id-same-name
18056,18056,dead barbarian bloodwalker,same-id-same-name
18057,18057,dead barbarian bloodwalker,same-id-same-name
18058,18058,dead barbarian brutetamer,same-id-same-name
18059,18059,dead barbarian brutetamer,same-id-same-name
18060,18060,dead barbarian brutetamer,same-id-same-name
18061,18061,dead barbarian brutetamer,same-id-same-name
18062,18062,dead barbarian headsplitter,same-id-same-name
18063,18063,dead barbarian headsplitter,same-id-same-name
18064,18064,dead barbarian headsplitter,same-id-same-name
18065,18065,dead barbarian headsplitter,same-id-same-name
18066,18066,dead barbarian skullhunter,same-id-same-name
18067,18067,dead barbarian skullhunter,same-id-same-name
18068,18068,dead barbarian skullhunter,same-id-same-name
18069,18069,dead barbarian skullhunter,same-id-same-name
18070,18070,dead crazed beggar,same-id-same-name
18071,18071,dead crazed beggar,same-id-same-name
18072,18072,dead crazed beggar,same-id-same-name
18073,18073,dead crazed beggar,same-id-same-name
18074,18074,dead black knight,same-id-same-name
18075,18075,dead black knight,same-id-same-name
18076,18076,dead black knight,same-id-same-name
18077,18077,dead black knight,same-id-same-name
18078,18078,dead crypt defiler,same-id-same-name
18079,18079,dead crypt defiler,same-id-same-name
18080,18080,dead crypt defiler,same-id-same-name
18081,18081,dead crypt defiler,same-id-same-name
18082,18082,dead dark apprentice,same-id-same-name
18083,18083,dead dark apprentice,same-id-same-name
18084,18084,dead dark apprentice,same-id-same-name
18085,18085,dead dark apprentice,same-id-same-name
18086,18086,dead dark magician,same-id-same-name
18087,18087,dead dark magician,same-id-same-name
18088,18088,dead dark magician,same-id-same-name
18089,18089,dead dark magician,same-id-same-name
18090,18090,dead monk,same-id-same-name
18091,18091,dead monk,same-id-same-name
18092,18092,dead monk,same-id-same-name
18093,18093,dead monk,same-id-same-name
18094,18094,dead deadeye devious,same-id-same-name
18095,18095,dead deadeye devious,same-id-same-name
18096,18096,dead deadeye devious,same-id-same-name
18097,18097,dead deadeye devious,same-id-same-name
18098,18098,dead werewolf,same-id-same-name
18099,18099,dead werewolf,same-id-same-name
18100,18100,dead werewolf,same-id-same-name
18101,18101,dead werewolf,same-id-same-name
18102,18102,dead doomsday cultist,same-id-same-name
18103,18103,dead doomsday cultist,same-id-same-name
18104,18104,dead doomsday cultist,same-id-same-name
18105,18105,dead doomsday cultist,same-id-same-name
18106,18106,dead dryad,same-id-same-name
18107,18107,dead dryad,same-id-same-name
18108,18108,dead dryad,same-id-same-name
18109,18109,dead dryad,same-id-same-name
18110,18110,slain enlightened cultist,same-id-same-name
18111,18111,slain enlightened cultist,same-id-same-name
18112,18112,slain enlightened cultist,same-id-same-name
18113,18113,slain enlightened cultist,same-id-same-name
18114,18114,dead feverish citizen,same-id-same-name
18115,18115,dead feverish citizen,same-id-same-name
18116,18116,dead feverish citizen,same-id-same-name
18117,18117,dead feverish citizen,same-id-same-name
18118,18118,dead fury,same-id-same-name
18119,18119,dead fury,same-id-same-name
18120,18120,dead fury,same-id-same-name
18121,18121,dead fury,same-id-same-name
18122,18122,dead gang member,same-id-same-name
18123,18123,dead gang member,same-id-same-name
18124,18124,dead gang member,same-id-same-name
18125,18125,dead gang member,same-id-same-name
18126,18126,dead gladiator,same-id-same-name
18127,18127,dead gladiator,same-id-same-name
18128,18128,dead gladiator,same-id-same-name
18129,18129,dead gladiator,same-id-same-name
18130,18130,dead grave robber,same-id-same-name
18131,18131,dead grave robber,same-id-same-name
18132,18132,dead grave robber,same-id-same-name
18133,18133,dead grave robber,same-id-same-name
18134,18134,slain hero,same-id-same-name
18135,18135,slain hero,same-id-same-name
18136,18136,slain hero,same-id-same-name
18137,18137,slain hero,same-id-same-name
18138,18138,dead hunter,same-id-same-name
18139,18139,dead hunter,same-id-same-name
18140,18140,dead hunter,same-id-same-name
18141,18141,dead hunter,same-id-same-name
18142,18142,slain ice witch,same-id-same-name
18143,18143,slain ice witch,same-id-same-name
18144,18144,slain ice witch,same-id-same-name
18145,18145,slain ice witch,same-id-same-name
18146,18146,dead infernalist,same-id-same-name
18147,18147,dead infernalist,same-id-same-name
18148,18148,dead infernalist,same-id-same-name
18149,18149,dead infernalist,same-id-same-name
18150,18150,dead jesse the wicked,same-id-same-name
18151,18151,dead jesse the wicked,same-id-same-name
18152,18152,dead jesse the wicked,same-id-same-name
18153,18153,dead jesse the wicked,same-id-same-name
18154,18154,dead lethal lissy,same-id-same-name
18155,18155,dead lethal lissy,same-id-same-name
18156,18156,dead lethal lissy,same-id-same-name
18157,18157,dead lethal lissy,same-id-same-name
18158,18158,slain mad scientist,same-id-same-name
18159,18159,slain mad scientist,same-id-same-name
18160,18160,slain mad scientist,same-id-same-name
18161,18161,slain mad scientist,same-id-same-name
18162,18162,dead man in the cave,same-id-same-name
18163,18163,dead man in the cave,same-id-same-name
18164,18164,dead man in the cave,same-id-same-name
18165,18165,dead man in the cave,same-id-same-name
18166,18166,dead midnight warrior,same-id-same-name
18167,18167,dead midnight warrior,same-id-same-name
18168,18168,dead midnight warrior,same-id-same-name
18169,18169,dead midnight warrior,same-id-same-name
18170,18170,dead morik the gladiator,same-id-same-name
18171,18171,dead morik the gladiator,same-id-same-name
18172,18172,dead morik the gladiator,same-id-same-name
18173,18173,dead morik the gladiator,same-id-same-name
18174,18174,dead necromancer,same-id-same-name
18175,18175,dead necromancer,same-id-same-name
18176,18176,dead necromancer,same-id-same-name
18177,18177,dead necromancer,same-id-same-name
18178,18178,dead nomad,same-id-same-name
18179,18179,dead nomad,same-id-same-name
18180,18180,dead nomad,same-id-same-name
18181,18181,dead nomad,same-id-same-name
18182,18182,dead nomad,same-id-same-name
18183,18183,dead nomad,same-id-same-name
18184,18184,dead nomad,same-id-same-name
18185,18185,dead nomad,same-id-same-name
18186,18186,dead novice of the cult,same-id-same-name
18187,18187,dead novice of the cult,same-id-same-name
18188,18188,dead novice of the cult,same-id-same-name
18189,18189,dead novice of the cult,same-id-same-name
18190,18190,dead pirate buccaneer,same-id-same-name
18191,18191,dead pirate buccaneer,same-id-same-name
18192,18192,dead pirate buccaneer,same-id-same-name
18193,18193,dead pirate buccaneer,same-id-same-name
18194,18194,dead pirate corsair,same-id-same-name
18195,18195,dead pirate corsair,same-id-same-name
18196,18196,dead pirate corsair,same-id-same-name
18197,18197,dead pirate corsair,same-id-same-name
18198,18198,dead pirate cutthroat,same-id-same-name
18199,18199,dead pirate cutthroat,same-id-same-name
18200,18200,dead pirate cutthroat,same-id-same-name
18201,18201,dead pirate cutthroat,same-id-same-name
18202,18202,dead pirate marauder,same-id-same-name
18203,18203,dead pirate marauder,same-id-same-name
18204,18204,dead pirate marauder,same-id-same-name
18205,18205,dead pirate marauder,same-id-same-name
18206,18206,dead poacher,same-id-same-name
18207,18207,dead poacher,same-id-same-name
18208,18208,dead poacher,same-id-same-name
18209,18209,dead poacher,same-id-same-name
18210,18210,dead priestess,same-id-same-name
18211,18211,dead priestess,same-id-same-name
18212,18212,dead priestess,same-id-same-name
18213,18213,dead priestess,same-id-same-name
18214,18214,dead robby the reckless,same-id-same-name
18215,18215,dead robby the reckless,same-id-same-name
18216,18216,dead robby the reckless,same-id-same-name
18217,18217,dead robby the reckless,same-id-same-name
18218,18218,dead ron the ripper,same-id-same-name
18219,18219,dead ron the ripper,same-id-same-name
18220,18220,dead ron the ripper,same-id-same-name
18221,18221,dead ron the ripper,same-id-same-name
18222,18222,dead smuggler baron silvertoe,same-id-same-name
18223,18223,dead smuggler baron silvertoe,same-id-same-name
18224,18224,dead smuggler baron silvertoe,same-id-same-name
18225,18225,dead smuggler baron silvertoe,same-id-same-name
18226,18226,dead smuggler,same-id-same-name
18227,18227,dead smuggler,same-id-same-name
18228,18228,dead smuggler,same-id-same-name
18229,18229,dead smuggler,same-id-same-name
18230,18230,dead stalker,same-id-same-name
18231,18231,dead stalker,same-id-same-name
18232,18232,dead stalker,same-id-same-name
18233,18233,dead stalker,same-id-same-name
18234,18234,dead thief,same-id-same-name
18235,18235,dead thief,same-id-same-name
18236,18236,dead thief,same-id-same-name
18237,18237,dead thief,same-id-same-name
18238,18238,corpse of an undead jester,same-id-same-name
18239,18239,corpse of an undead jester,same-id-same-name
18240,18240,corpse of an undead jester,same-id-same-name
18241,18241,corpse of an undead jester,same-id-same-name
18242,18242,dead valkyrie,same-id-same-name
18243,18243,dead valkyrie,same-id-same-name
18244,18244,dead valkyrie,same-id-same-name
18245,18245,dead valkyrie,same-id-same-name
18246,18246,dead warlock,same-id-same-name
18247,18247,dead warlock,same-id-same-name
18248,18248,dead warlock,same-id-same-name
18249,18249,dead warlock,same-id-same-name
18250,18250,dead wild warrior,same-id-same-name
18251,18251,dead wild warrior,same-id-same-name
18252,18252,dead wild warrior,same-id-same-name
18253,18253,dead wild warrior,same-id-same-name
18254,18254,dead witch,same-id-same-name
18255,18255,dead witch,same-id-same-name
18256,18256,dead witch,same-id-same-name
18257,18257,dead witch,same-id-same-name
18258,18258,dead xenia,same-id-same-name
18259,18259,dead xenia,same-id-same-name
18260,18260,dead xenia,same-id-same-name
18261,18261,dead xenia,same-id-same-name
18262,18262,remains of Yakchal,same-id-same-name
18263,18263,remains of Yakchal,same-id-same-name
18264,18264,remains of Yakchal,same-id-same-name
18265,18265,remains of Yakchal,same-id-same-name
18266,18266,dead yalahari,same-id-same-name
18267,18267,dead yalahari,same-id-same-name
18268,18268,dead yalahari,same-id-same-name
18269,18269,dead yalahari,same-id-same-name
18270,18270,dead zarabustor,same-id-same-name
18271,18271,dead zarabustor,same-id-same-name
18272,18272,dead zarabustor,same-id-same-name
18273,18273,dead zarabustor,same-id-same-name
18274,18274,dead crazed beggar,same-id-same-name
18275,18275,dead crazed beggar,same-id-same-name
18276,18276,dead crazed beggar,same-id-same-name
18277,18277,dead crazed beggar,same-id-same-name
18278,18278,dead dark monk,same-id-same-name
18279,18279,dead dark monk,same-id-same-name
18280,18280,dead dark monk,same-id-same-name
18281,18281,dead dark monk,same-id-same-name
18282,18282,dead fernfang,same-id-same-name
18283,18283,dead fernfang,same-id-same-name
18284,18284,dead fernfang,same-id-same-name
18285,18285,dead fernfang,same-id-same-name
18286,18286,dead hemming,same-id-same-name
18287,18287,dead hemming,same-id-same-name
18288,18288,dead hemming,same-id-same-name
18289,18289,dead hemming,same-id-same-name
18290,18290,dead necropharus,same-id-same-name
18291,18291,dead necropharus,same-id-same-name
18292,18292,dead necropharus,same-id-same-name
18293,18293,dead necropharus,same-id-same-name
18294,18294,dead rukor zad,same-id-same-name
18295,18295,dead rukor zad,same-id-same-name
18296,18296,dead rukor zad,same-id-same-name
18297,18297,dead rukor zad,same-id-same-name
18298,18298,dead assassin,same-id-same-name
18299,18299,dead assassin,same-id-same-name
18300,18300,dead assassin,same-id-same-name
18301,18301,dead assassin,same-id-same-name
18302,18302,dead bride of night,same-id-same-name
18303,18303,dead bride of night,same-id-same-name
18304,18304,dead bride of night,same-id-same-name
18305,18305,dead bride of night,same-id-same-name
18306,18306,dead yaga the crone,same-id-same-name
18307,18307,dead yaga the crone,same-id-same-name
18308,18308,dead yaga the crone,same-id-same-name
18309,18309,dead yaga the crone,same-id-same-name
18310,18310,dead purple elf,same-id-same-name
18311,18311,dead purple elf,same-id-same-name
18312,18312,dead purple elf,same-id-same-name
18313,18313,dead elf overseer,same-id-same-name
18314,18314,dead elf overseer,same-id-same-name
18315,18315,dead elf overseer,same-id-same-name
18316,18316,dead firestarter,same-id-same-name
18317,18317,dead firestarter,same-id-same-name
18318,18318,dead firestarter,same-id-same-name
18319,18319,dead nomad,same-id-same-name
18320,18320,dead nomad,same-id-same-name
18321,18321,dead nomad,same-id-same-name
18322,18322,dead nomad,same-id-same-name
18323,18323,dead doomhowl,same-id-same-name
18324,18324,dead doomhowl,same-id-same-name
18325,18325,dead doomhowl,same-id-same-name
18326,18326,dead doomhowl,same-id-same-name
18327,18327,jade Zaoan queen,same-id-same-name
18328,18328,jade Zaoan king,same-id-same-name
18329,18329,jade Zaoan bishop,same-id-same-name
18330,18330,jade Zaoan knight,same-id-same-name
18331,18331,jade Zaoan rook,same-id-same-name
18332,18332,jade Zaoan pawn,same-id-same-name
18333,18333,obsidian Zaoan queen,same-id-same-name
18334,18334,obsidian Zaoan king,same-id-same-name
18335,18335,obsidian Zaoan bishop,same-id-same-name
18336,18336,obsidian Zaoan knight,same-id-same-name
18337,18337,obsidian Zaoan rook,same-id-same-name
18338,18338,obsidian Zaoan pawn,same-id-same-name
18339,18339,Zaoan chess box,same-id-same-name
18385,18385,RESERVED SPRITE,same-id-same-name
18386,18386,assassin,same-id-same-name
18435,18435,picks,same-id-same-name
18442,18442,lurking tree,same-id-same-name
18443,18443,small birch,same-id-same-name
18444,18444,slumbering tree,same-id-same-name
18445,18445,orange maple,same-id-same-name
18446,18446,moonshine bells,same-id-same-name
18447,18447,starlight buttercup,same-id-same-name
18448,18448,forest pincer,same-id-same-name
18449,18449,orange shade,same-id-same-name
18450,18450,menhir,same-id-same-name
18451,18451,menhir,same-id-same-name
18452,18452,small menhir,same-id-same-name
18453,18453,menhir,same-id-same-name
18481,18481,RESERVED SPRITE,same-id-same-name
18620,18620,blood,same-id-same-name
18629,18629,sandy rock pile,same-id-same-name
18650,18650,ramp,same-id-same-name
18651,18651,ramp,same-id-same-name
18652,18652,ramp,same-id-same-name
18653,18653,ramp,same-id-same-name
18654,18654,ramp,same-id-same-name
18655,18655,ramp,same-id-same-name
18656,18656,ramp,same-id-same-name
18657,18657,ramp,same-id-same-name
18814,18814,branches,same-id-same-name
18817,18817,enormous tree,same-id-same-name
18818,18818,tree branch,same-id-same-name
18875,18875,enormous tree,same-id-same-name
18880,18880,sandstone,same-id-same-name
18881,18881,RESERVED SPRITE,same-id-same-name
18906,18906,dead rorc,same-id-same-name
18907,18907,dead rorc,same-id-same-name
18908,18908,dead rorc,same-id-same-name
18909,18909,dead rorc,same-id-same-name
18910,18910,wild roses,same-id-same-name
18911,18911,hedge,same-id-same-name
18916,18916,RESERVED SPRITE,same-id-same-name
18924,18924,tooth file,same-id-same-name
18925,18925,lancet,same-id-same-name
18926,18926,horoscope,same-id-same-name
18927,18927,vampire's cape chain,same-id-same-name
18928,18928,blood tincture in a vial,same-id-same-name
18929,18929,incantation notes,same-id-same-name
18930,18930,pieces of magic chalk,same-id-same-name
18931,18931,candle made of human tallow,same-id-same-name
18932,18932,flute made of a single bone,same-id-same-name
18933,18933,incantation fragment,same-id-same-name
18934,18934,incantation scroll,same-id-same-name
18935,18935,vampire's signet ring,same-id-same-name
18936,18936,Vampire Count's medal,same-id-same-name
18937,18937,dead shadow pupil,same-id-same-name
18938,18938,dead shadow pupil,same-id-same-name
18939,18939,dead shadow pupil,same-id-same-name
18940,18940,dead blood hand,same-id-same-name
18941,18941,dead blood hand,same-id-same-name
18942,18942,dead blood hand,same-id-same-name
18943,18943,dead shadow pupil,same-id-same-name
18944,18944,dead blood hand,same-id-same-name
18945,18945,dead blood priest,same-id-same-name
18946,18946,dead blood priest,same-id-same-name
18947,18947,dead blood priest,same-id-same-name
18948,18948,dead blood priest,same-id-same-name
18949,18949,dead nightfiend,same-id-same-name
18950,18950,dead nightfiend,same-id-same-name
18951,18951,dead nightfiend,same-id-same-name
18952,18952,dead nightfiend,same-id-same-name
18953,18953,slain pale count,same-id-same-name
18954,18954,slain pale count,same-id-same-name
18955,18955,slain pale count,same-id-same-name
18956,18956,slain pale count,same-id-same-name
18958,18958,slain vampire viscount,same-id-same-name
18959,18959,slain vampire viscount,same-id-same-name
18960,18960,slain vampire viscount,same-id-same-name
18961,18961,slain vampire viscount,same-id-same-name
18962,18962,dead gravedigger,same-id-same-name
18963,18963,dead gravedigger,same-id-same-name
18964,18964,dead gravedigger,same-id-same-name
18965,18965,dead gravedigger,same-id-same-name
18966,18966,dead elder wyrm,same-id-same-name
18967,18967,dead elder wyrm,same-id-same-name
18968,18968,dead elder wyrm,same-id-same-name
18969,18969,dead elder wyrm,same-id-same-name
18970,18970,dead Tyrn,same-id-same-name
18971,18971,dead Tyrn,same-id-same-name
18972,18972,dead Tyrn,same-id-same-name
18973,18973,dead Tyrn,same-id-same-name
18974,18974,dead the welter,same-id-same-name
18975,18975,dead the welter,same-id-same-name
18976,18976,dead the welter,same-id-same-name
18977,18977,dead the welter,same-id-same-name
18978,18978,dead white pale,same-id-same-name
18979,18979,dead white pale,same-id-same-name
18980,18980,dead white pale,same-id-same-name
18981,18981,dead white pale,same-id-same-name
18982,18982,dead weakened shlorg,same-id-same-name
18983,18983,dead weakened shlorg,same-id-same-name
18984,18984,dead weakened shlorg,same-id-same-name
18985,18985,dead weakened shlorg,same-id-same-name
18991,18991,elven vial,same-id-same-name
18992,18992,filled elven vial,same-id-same-name
18993,18993,rorc feather,same-id-same-name
18994,18994,elven hoof,same-id-same-name
18995,18995,venison,same-id-same-name
18996,18996,rorc egg,same-id-same-name
18997,18997,hatched rorc egg,same-id-same-name
19032,19032,RESERVED SPRITE,same-id-same-name
19041,19041,dead leaf golem,same-id-same-name
19042,19042,dead forest fury,same-id-same-name
19043,19043,dead leaf golem,same-id-same-name
19044,19044,dead leaf golem,same-id-same-name
19045,19045,dead leaf golem,same-id-same-name
19046,19046,dead forest fury,same-id-same-name
19047,19047,dead forest fury,same-id-same-name
19048,19048,dead forest fury,same-id-same-name
19049,19049,dead tarnished spirit,same-id-same-name
19050,19050,dead white shade,same-id-same-name
19051,19051,dead enraged soul,same-id-same-name
19052,19052,dead tarnished spirit,same-id-same-name
19053,19053,dead tarnished spirit,same-id-same-name
19054,19054,dead tarnished spirit,same-id-same-name
19055,19055,dead enraged soul,same-id-same-name
19056,19056,dead enraged soul,same-id-same-name
19057,19057,dead enraged soul,same-id-same-name
19058,19058,dead white shade,same-id-same-name
19059,19059,dead white shade,same-id-same-name
19060,19060,dead white shade,same-id-same-name
19063,19063,opticording sphere,same-id-same-name
19064,19064,opticording sphere,same-id-same-name
19065,19065,mysterious metal egg,same-id-same-name
19066,19066,open metal egg,same-id-same-name
19067,19067,strangely shaped menhir,same-id-same-name
19068,19068,mysterious ornate chest,same-id-same-name
19075,19075,dusty amphora,same-id-same-name
19076,19076,remains of a dusty amphora,same-id-same-name
19077,19077,Omrabas' heart,same-id-same-name
19078,19078,stimulated brain,same-id-same-name
19079,19079,crate,same-id-same-name
19080,19080,torch bearer,same-id-same-name
19081,19081,skull,same-id-same-name
19082,19082,golden raid token,same-id-same-name
19083,19083,silver raid token,same-id-same-name
19084,19084,small dragon tear,same-id-same-name
19085,19085,empty storage flask,same-id-same-name
19086,19086,full storage flask,same-id-same-name
19087,19087,hallowed bonepile,same-id-same-name
19088,19088,large hallowed bone,same-id-same-name
19089,19089,hallowed bone,same-id-same-name
19090,19090,yellowed bone,same-id-same-name
19091,19091,large yellowed bone,same-id-same-name
19096,19096,burning wall,same-id-same-name
19099,19099,sand,same-id-same-name
19100,19100,blood vial,same-id-same-name
19101,19101,blood vial,same-id-same-name
19102,19102,blood vial,same-id-same-name
19103,19103,dead noble lion,same-id-same-name
19104,19104,dead noble lion,same-id-same-name
19105,19105,dead noble lion,same-id-same-name
19106,19106,dead noble lion,same-id-same-name
19107,19107,firecatcher urn,same-id-same-name
19108,19108,empty receptacle,same-id-same-name
19109,19109,filled receptacle,same-id-same-name
19110,19110,dowser,same-id-same-name
19111,19111,fir cone,same-id-same-name
19112,19112,bloodgong statue,same-id-same-name
19113,19113,strange fire,same-id-same-name
19114,19114,strange fire,same-id-same-name
19115,19115,RESERVED SPRITE,same-id-same-name
19116,19116,strange fire,same-id-same-name
19117,19117,dead wilting leaf golem,same-id-same-name
19118,19118,dead wilting leaf golem,same-id-same-name
19119,19119,dead wilting leaf golem,same-id-same-name
19120,19120,dead wilting leaf golem,same-id-same-name
19121,19121,cleansed dead man's saddle,same-id-same-name
19124,19124,trained fire bug,same-id-same-name
19129,19129,shadow ashes,same-id-same-name
19130,19130,dripping candles,same-id-same-name
19131,19131,dark mage statue,same-id-same-name
19132,19132,old parchment,same-id-same-name
19133,19133,tainted blood essence,same-id-same-name
19134,19134,blood pagoda,same-id-same-name
19135,19135,fury gate,same-id-same-name
19136,19136,nail case,same-id-same-name
19137,19137,dead vicious manbat,same-id-same-name
19138,19138,dead vicious manbat,same-id-same-name
19139,19139,dead vicious manbat,same-id-same-name
19140,19140,grave stone,same-id-same-name
19141,19141,grave stone,same-id-same-name
19142,19142,monument,same-id-same-name
19143,19143,hole,same-id-same-name
19144,19144,tomb wall,same-id-same-name
19145,19145,black marble floor,same-id-same-name
19146,19146,torn incantation fragment,same-id-same-name
19147,19147,black marble floor,same-id-same-name
19148,19148,torn magic cape,same-id-same-name
19149,19149,hot firecatcher urn,same-id-same-name
19150,19150,norseman doll,same-id-same-name
19151,19151,abacus,same-id-same-name
19152,19152,key of numerous locks,same-id-same-name
19153,19153,friendship amulet,same-id-same-name
19154,19154,mexcalibur,same-id-same-name
19155,19155,orc's jaw shredder,same-id-same-name
19156,19156,frozen heart,same-id-same-name
19157,19157,loose stone pile,same-id-same-name
19158,19158,crumpled paper,same-id-same-name
19159,19159,pannier backpack,same-id-same-name
19160,19160,Omrabas' talking skull,same-id-same-name
19164,19164,RESERVED SPRITE,same-id-same-name
19165,19165,brain heater machine,same-id-same-name
19166,19166,Omrabas' bone key,same-id-same-name
19173,19173,Omrabas' copper key,same-id-same-name
19198,19198,strange shrine,free-crystal-id-preserved
19199,19199,strange shrine,free-crystal-id-preserved
19200,19200,lift,same-id-same-name
19201,19201,ornate door with a keyhole,same-id-same-name
19202,19202,reward container,same-id-same-name
19203,19203,spirit shovel,same-id-same-name
19204,19204,tuning fork,same-id-same-name
19205,19205,ghost detector,same-id-same-name
19206,19206,thermometer,same-id-same-name
19207,19207,lodestone,same-id-same-name
19208,19208,ghost pacifier,same-id-same-name
19209,19209,monster nest,same-id-same-name
19210,19210,destroyed monster nest,same-id-same-name
19211,19211,Ominous mound,same-id-same-name
19212,19212,Ominous mound opened,same-id-same-name
19213,19213,charged ghost pacifier,same-id-same-name
19214,19214,flask of fertiliser,same-id-same-name
19215,19215,gardener mushroom,same-id-same-name
19216,19216,partially charged lodestone,same-id-same-name
19217,19217,magnetic monolith,same-id-same-name
19218,19218,highly charged lodestone,same-id-same-name
19219,19219,gnomish supplies,same-id-same-name
19220,19220,hole,same-id-same-name
19236,19236,world board,same-id-same-name
19243,19243,large crystal teleporter,same-id-same-name
19244,19244,smoke,same-id-same-name
19245,19245,world board,same-id-same-name
19246,19246,crystal column,same-id-same-name
19247,19247,glowing ice cube,same-id-same-name
19248,19248,RESERVED SPRITE,same-id-same-name
19249,19249,thawing ice pick,same-id-same-name
19250,19250,reward chest,same-id-same-name
19251,19251,smoking coal,same-id-same-name
19303,19303,large crystal,same-id-same-name
19314,19314,RESERVED SPRITE,same-id-same-name
19356,19356,triple bolt crossbow,same-id-same-name
19357,19357,shrunken head necklace,same-id-same-name
19358,19358,albino plate,same-id-same-name
19359,19359,horn,same-id-same-name
19360,19360,RESERVED SPRITE,same-id-same-name
19361,19361,sun mirror,same-id-same-name
19362,19362,icicle bow,same-id-same-name
19363,19363,runic ice shield,same-id-same-name
19364,19364,RESERVED SPRITE,same-id-same-name
19365,19365,trapped lightning,same-id-same-name
19366,19366,icy culottes,same-id-same-name
19369,19369,eye of the storm,same-id-same-name
19370,19370,RESERVED SPRITE,same-id-same-name
19371,19371,glass of goo,same-id-same-name
19372,19372,goo shell,same-id-same-name
19373,19373,haunted mirror piece,same-id-same-name
19374,19374,vampire silk slippers,same-id-same-name
19379,19379,chargeless monolith,same-id-same-name
19386,19386,RESERVED SPRITE,same-id-same-name
19387,19387,large crystal teleporter,same-id-same-name
19390,19390,strangely shaped block,same-id-same-name
19391,19391,furious frock,same-id-same-name
19392,19392,aligned opticording sphere,same-id-same-name
19393,19393,stone tablet,same-id-same-name
19399,19399,RESERVED SPRITE,same-id-same-name
19400,19400,arcane staff,same-id-same-name
19411,19411,strange foundation,same-id-same-name
19412,19412,strange window,same-id-same-name
19413,19413,ruined wall,same-id-same-name
19414,19414,small pillar,same-id-same-name
19415,19415,ruined wall,same-id-same-name
19416,19416,small pillar,same-id-same-name
19493,19493,RESERVED SPRITE,same-id-same-name
19590,19590,ruined stairs,same-id-same-name
19591,19591,ruined stairs,same-id-same-name
19671,19671,dark cypress,same-id-same-name
19675,19675,dark cypress,same-id-same-name
19689,19689,dusky cypress,same-id-same-name
19690,19690,dusky cypress,same-id-same-name
19691,19691,ruined roof,same-id-same-name
19692,19692,tall dusky cypress,same-id-same-name
19716,19716,tall dusky cypress,same-id-same-name
19729,19729,gloomy cy press,same-id-same-name
19737,19737,gloomy cypress,same-id-same-name
19738,19738,chimney,same-id-same-name
19739,19739,tall gloomy cypress,same-id-same-name
19740,19740,ruined roof,same-id-same-name
19741,19741,tall gloomy cypress,same-id-same-name
19767,19767,rooted evil,same-id-same-name
19768,19768,cormo dementi,same-id-same-name
19769,19769,ether captor,same-id-same-name
19770,19770,pester maws,same-id-same-name
19771,19771,crimson fin,same-id-same-name
19772,19772,ichor thistle,same-id-same-name
19790,19790,ruined window,same-id-same-name
19803,19803,large vortex,same-id-same-name
19804,19804,strange vortex,same-id-same-name
19805,19805,tiny vortex,same-id-same-name
19824,19824,unknown item,same-id-same-name
19918,19918,RESERVED SPRITE,same-id-same-name
20028,20028,RESERVED SPRITE,same-id-same-name
20029,20029,broken dream,same-id-same-name
20030,20030,dream sand,same-id-same-name
20047,20047,ancient dream,same-id-same-name
20048,20048,delicate pan,same-id-same-name
20049,20049,dream nebuliser,same-id-same-name
20050,20050,strange good night songs,same-id-same-name
20051,20051,traces of an ancient dream,same-id-same-name
20052,20052,bad dream,same-id-same-name
20053,20053,bucket filled with gravel,same-id-same-name
20054,20054,bucket filled with chalk,same-id-same-name
20055,20055,crude horn of bone,same-id-same-name
20056,20056,crude horn with mouthpiece,same-id-same-name
20057,20057,mouthpiece for a horn,same-id-same-name
20058,20058,dead shock head,same-id-same-name
20059,20059,dead shock head,same-id-same-name
20060,20060,dead shock head,same-id-same-name
20061,20061,dead shock head,same-id-same-name
20062,20062,cluster of solace,same-id-same-name
20063,20063,dream matter,same-id-same-name
20064,20064,crude umbral blade,same-id-same-name
20065,20065,umbral blade,same-id-same-name
20066,20066,umbral masterblade,same-id-same-name
20067,20067,crude umbral slayer,same-id-same-name
20068,20068,umbral slayer,same-id-same-name
20069,20069,umbral master slayer,same-id-same-name
20070,20070,crude umbral axe,same-id-same-name
20071,20071,umbral axe,same-id-same-name
20072,20072,umbral master axe,same-id-same-name
20073,20073,crude umbral chopper,same-id-same-name
20074,20074,umbral chopper,same-id-same-name
20075,20075,umbral master chopper,same-id-same-name
20076,20076,crude umbral mace,same-id-same-name
20077,20077,umbral mace,same-id-same-name
20078,20078,umbral master mace,same-id-same-name
20079,20079,crude umbral hammer,same-id-same-name
20080,20080,umbral hammer,same-id-same-name
20081,20081,umbral master hammer,same-id-same-name
20082,20082,crude umbral bow,same-id-same-name
20083,20083,umbral bow,same-id-same-name
20084,20084,umbral master bow,same-id-same-name
20085,20085,crude umbral crossbow,same-id-same-name
20086,20086,umbral crossbow,same-id-same-name
20087,20087,umbral master crossbow,same-id-same-name
20088,20088,crude umbral spellbook,same-id-same-name
20089,20089,umbral spellbook,same-id-same-name
20090,20090,umbral master spellbook,same-id-same-name
20091,20091,bed chamber,same-id-same-name
20094,20094,tea cup,same-id-same-name
20101,20101,tall dusky cypress,same-id-same-name
20102,20102,tall gloomy cypress,same-id-same-name
20103,20103,ether captor,same-id-same-name
20104,20104,rooted evil,same-id-same-name
20105,20105,pester maws,same-id-same-name
20106,20106,crimson fin,same-id-same-name
20107,20107,cormo dementi,same-id-same-name
20108,20108,blister egg plant,same-id-same-name
20109,20109,pester maws,same-id-same-name
20110,20110,pester maws,same-id-same-name
20111,20111,ether captor,same-id-same-name
20112,20112,rooted evil,same-id-same-name
20113,20113,crimson fin,same-id-same-name
20114,20114,cormo dementi,same-id-same-name
20115,20115,blister egg plant,same-id-same-name
20116,20116,tall gloomy cypres,same-id-same-name
20117,20117,tall dusky cypress,same-id-same-name
20120,20120,RESERVED SPRITE,same-id-same-name
20121,20121,strange vortex,same-id-same-name
20122,20122,instable vortex,same-id-same-name
20123,20123,stairs,same-id-same-name
20124,20124,stairs,same-id-same-name
20125,20125,chalk,same-id-same-name
20126,20126,lamp,same-id-same-name
20127,20127,RESERVED SPRITE,same-id-same-name
20128,20128,traces of an ancient dream,same-id-same-name
20129,20129,remains of a crude dream,same-id-same-name
20130,20130,lamp,same-id-same-name
20131,20131,remains of a crude dream,same-id-same-name
20132,20132,sneeze bossom,same-id-same-name
20133,20133,fine gravel,same-id-same-name
20134,20134,crushed stone,same-id-same-name
20135,20135,stone,same-id-same-name
20136,20136,chalk residues,same-id-same-name
20137,20137,flowing water,same-id-same-name
20138,20138,essence of dread,same-id-same-name
20139,20139,essence of wishful thinking,same-id-same-name
20140,20140,eerie song book,same-id-same-name
20141,20141,pendulum,same-id-same-name
20144,20144,dead sight of surrender,same-id-same-name
20145,20145,dead sight of surrender,same-id-same-name
20146,20146,dead sight of surrender,same-id-same-name
20147,20147,dead sight of surrender,same-id-same-name
20148,20148,dead guzzlemaw,same-id-same-name
20149,20149,dead guzzlemaw,same-id-same-name
20150,20150,dead guzzlemaw,same-id-same-name
20151,20151,dead guzzlemaw,same-id-same-name
20152,20152,dead silencer,same-id-same-name
20153,20153,dead silencer,same-id-same-name
20154,20154,dead silencer,same-id-same-name
20155,20155,dead silencer,same-id-same-name
20156,20156,dead chocking fear,same-id-same-name
20157,20157,dead chocking fear,same-id-same-name
20158,20158,dead chocking fear,same-id-same-name
20159,20159,dead chocking fear,same-id-same-name
20160,20160,dead terrorsleep,same-id-same-name
20161,20161,dead terrorsleep,same-id-same-name
20162,20162,dead terrorsleep,same-id-same-name
20163,20163,dead terrorsleep,same-id-same-name
20164,20164,unknown item,same-id-same-name
20165,20165,silencer excretion,same-id-same-name
20168,20168,message in a bottle,same-id-same-name
20169,20169,gravel and chalk in a bucket,same-id-same-name
20170,20170,bucket full of mortar,same-id-same-name
20171,20171,dead retching horror,same-id-same-name
20172,20172,dead retching horror,same-id-same-name
20173,20173,dead retching horror,same-id-same-name
20174,20174,dead retching horror,same-id-same-name
20175,20175,unknown item,same-id-same-name
20176,20176,RESERVED SPRITE,same-id-same-name
20181,20181,RESERVED SPRITE,same-id-same-name
20182,20182,ring of ending,same-id-same-name
20183,20183,sight of surrender's eye,same-id-same-name
20184,20184,broken visor,same-id-same-name
20187,20187,dead shimmying butterfly,same-id-same-name
20188,20188,dead shimmying butterfly,same-id-same-name
20189,20189,tea spoon,same-id-same-name
20190,20190,bowl of tea leaves,same-id-same-name
20198,20198,frazzle tongue,same-id-same-name
20199,20199,frazzle skin,same-id-same-name
20200,20200,silencer claws,same-id-same-name
20201,20201,silencer resonating chamber,same-id-same-name
20202,20202,dead weight,same-id-same-name
20203,20203,trapped bad dream monster,same-id-same-name
20204,20204,bowl of terror sweat,same-id-same-name
20205,20205,goosebump leather,same-id-same-name
20206,20206,hemp rope,same-id-same-name
20207,20207,pool of chitinous glue,same-id-same-name
20208,20208,string of mending,same-id-same-name
20209,20209,unstable ring of ending,same-id-same-name
20210,20210,filled cup,same-id-same-name
20211,20211,RESERVED SPRITE,same-id-same-name
20212,20212,dead demon outcast,same-id-same-name
20213,20213,dead demon outcast,same-id-same-name
20214,20214,dead demon outcast,same-id-same-name
20215,20215,dead demon outcast,same-id-same-name
20216,20216,trough for mortar,same-id-same-name
20224,20224,strange ruined stairs,same-id-same-name
20225,20225,strange ruined stairs,same-id-same-name
20228,20228,dead gaz'haragoth,same-id-same-name
20229,20229,dead gaz'haragoth,same-id-same-name
20230,20230,dead gaz'haragoth,same-id-same-name
20231,20231,dead gaz'haragoth,same-id-same-name
20233,20233,dead frazzlemaw,same-id-same-name
20234,20234,dead frazzlemaw,same-id-same-name
20235,20235,dead frazzlemaw,same-id-same-name
20236,20236,dead frazzlemaw,same-id-same-name
20252,20252,RESERVED SPRITE,same-id-same-name
20253,20253,strange stairs,same-id-same-name
20254,20254,strange stairs,same-id-same-name
20255,20255,strange stairs,same-id-same-name
20256,20256,strange stairs,same-id-same-name
20264,20264,unrealized dream,same-id-same-name
20265,20265,unknowm item,same-id-same-name
20270,20270,silver prison key,same-id-same-name
20271,20271,copper prison key,same-id-same-name
20272,20272,bronze prison key,same-id-same-name
20273,20273,golden prison key,same-id-same-name
20274,20274,nightmare horn,same-id-same-name
20275,20275,dream warden claw,same-id-same-name
20276,20276,dream warden mask,same-id-same-name
20277,20277,psychedelic tapestry,same-id-same-name
20278,20278,demonic tapestry,same-id-same-name
20279,20279,eye pod,same-id-same-name
20282,20282,nightmare hook,same-id-same-name
20295,20295,dead Mawhawk,same-id-same-name
20296,20296,dead Mawhawk,same-id-same-name
20297,20297,dead Mawhawk,same-id-same-name
20298,20298,dead Mawhawk,same-id-same-name
20308,20308,frazzlemaw santa,same-id-same-name
20309,20309,leaf golem santa,same-id-same-name
20310,20310,christmas cookie tray,same-id-same-name
20311,20311,snow globe,same-id-same-name
20312,20312,snow globe,same-id-same-name
20315,20315,snow flake tapestry,same-id-same-name
20323,20323,old flying carpet,same-id-same-name
20324,20324,unknown tile,same-id-same-name
20337,20337,dead wounded cave draptor,same-id-same-name
20338,20338,dead wounded cave draptor,same-id-same-name
20339,20339,dead wounded cave draptor,same-id-same-name
20340,20340,dead wounded cave draptor,same-id-same-name
20341,20341,light rapier,same-id-same-name
20342,20342,jade amulet,same-id-same-name
20343,20343,RESERVED SPRITE,same-id-same-name
20344,20344,hole,same-id-same-name
20347,20347,cake backpack,same-id-same-name
20350,20350,cake tapestry,same-id-same-name
20354,20354,RESERVED SPRITE,same-id-same-name
20355,20355,melting horn,same-id-same-name
20356,20356,fireproof horn,same-id-same-name
20357,20357,tinder box,same-id-same-name
20373,20373,RESERVED SPRITE,same-id-same-name
20443,20443,closed door,same-id-same-name
20444,20444,closed door,same-id-same-name
20445,20445,open door,same-id-same-name
20446,20446,closed door,same-id-same-name
20447,20447,open door,same-id-same-name
20448,20448,gate of expertise,same-id-same-name
20449,20449,gate of expertise,same-id-same-name
20450,20450,closed door,same-id-same-name
20451,20451,open door,same-id-same-name
20452,20452,closed door,same-id-same-name
20453,20453,closed door,same-id-same-name
20454,20454,open door,same-id-same-name
20455,20455,closed door,same-id-same-name
20456,20456,open door,same-id-same-name
20457,20457,gate of expertise,same-id-same-name
20458,20458,gate of expertise,same-id-same-name
20459,20459,closed door,same-id-same-name
20460,20460,open door,same-id-same-name
20490,20490,sewer cover,same-id-same-name
20491,20491,stairs,same-id-same-name
20492,20492,stairs,same-id-same-name
20493,20493,stairs,same-id-same-name
20494,20494,stairs,same-id-same-name
20495,20495,stairs,same-id-same-name
20496,20496,stairs,same-id-same-name
20573,20573,rungs in the wall,same-id-same-name
20578,20578,rungs in the wall,same-id-same-name
20579,20579,wall,same-id-same-name
20580,20580,sewer duct,same-id-same-name
20581,20581,barred sewer duct,same-id-same-name
20582,20582,sewer duct,same-id-same-name
20652,20652,parquet floor,same-id-same-name
20678,20678,plug,same-id-same-name
20689,20689,plug,same-id-same-name
20690,20690,tube,same-id-same-name
20712,20712,stone floor,same-id-same-name
20746,20746,tap,same-id-same-name
20750,20750,stairs,same-id-same-name
20751,20751,stairs,same-id-same-name
20752,20752,stairs,same-id-same-name
20753,20753,stairs,same-id-same-name
20754,20754,stairs,same-id-same-name
20755,20755,stairs,same-id-same-name
20888,20888,marble floor,same-id-same-name
20889,20889,towel,same-id-same-name
20972,20972,dead glooth golem,same-id-same-name
20973,20973,dead glooth golem,same-id-same-name
20974,20974,dead glooth golem,same-id-same-name
20975,20975,dead glooth golem,same-id-same-name
20976,20976,dead metal gargoyle,same-id-same-name
20977,20977,dead metal gargoyle,same-id-same-name
20978,20978,dead metal gargoyle,same-id-same-name
20979,20979,dead metal gargoyle,same-id-same-name
20980,20980,dead blood beast,same-id-same-name
20981,20981,dead blood beast,same-id-same-name
20982,20982,dead blood beast,same-id-same-name
20983,20983,dead blood beast,same-id-same-name
20984,20984,dead rustheap golem,same-id-same-name
20985,20985,dead rustheap golem,same-id-same-name
20986,20986,dead rustheap golem,same-id-same-name
20987,20987,dead rustheap golem,same-id-same-name
20988,20988,dead glooth anemone,same-id-same-name
20989,20989,dead glooth anemone,same-id-same-name
20990,20990,dead glooth anemone,same-id-same-name
20991,20991,dead glooth anemone,same-id-same-name
20992,20992,dead walker,same-id-same-name
20993,20993,dead walker,same-id-same-name
20994,20994,dead walker,same-id-same-name
20995,20995,dead walker,same-id-same-name
20996,20996,dead moohtant,same-id-same-name
20997,20997,dead moohtant,same-id-same-name
20998,20998,dead moohtant,same-id-same-name
20999,20999,dead moohtant,same-id-same-name
21000,21000,dead minotaur amazon,same-id-same-name
21001,21001,dead minotaur amazon,same-id-same-name
21002,21002,dead minotaur amazon,same-id-same-name
21003,21003,dead minotaur amazon,same-id-same-name
21004,21004,dead execowtioner,same-id-same-name
21005,21005,dead execowtioner,same-id-same-name
21006,21006,dead execowtioner,same-id-same-name
21007,21007,dead execowtioner,same-id-same-name
21034,21034,sewer cover,same-id-same-name
21052,21052,switch,same-id-same-name
21059,21059,switch,same-id-same-name
21088,21088,peppermoon bells,same-id-same-name
21089,21089,blue pollen,same-id-same-name
21090,21090,unknown item,same-id-same-name
21091,21091,dead mooh'tah warrior,same-id-same-name
21092,21092,dead mooh'tah warrior,same-id-same-name
21093,21093,dead mooh'tah warrior,same-id-same-name
21094,21094,dead mooh'tah warrior,same-id-same-name
21095,21095,dead minotaur hunter,same-id-same-name
21096,21096,dead minotaur hunter,same-id-same-name
21097,21097,dead minotaur hunter,same-id-same-name
21098,21098,dead minotaur hunter,same-id-same-name
21099,21099,dead worm priestess,same-id-same-name
21100,21100,dead worm priestess,same-id-same-name
21101,21101,dead worm priestess,same-id-same-name
21102,21102,dead worm priestess,same-id-same-name
21103,21103,glooth injection tube,same-id-same-name
21106,21106,harvested root,same-id-same-name
21107,21107,harvested root,same-id-same-name
21108,21108,remains of an glooth blob,same-id-same-name
21109,21109,remains of an glooth blob,same-id-same-name
21110,21110,remains of a rot elemental,same-id-same-name
21111,21111,remains of a rot elemental,same-id-same-name
21112,21112,remains of a rot elemental,same-id-same-name
21113,21113,dead devourer,same-id-same-name
21114,21114,dead devourer,same-id-same-name
21123,21123,dead body of Quandon,same-id-same-name
21124,21124,necrometer,same-id-same-name
21125,21125,red lever,same-id-same-name
21126,21126,yellow lever,same-id-same-name
21127,21127,green lever,same-id-same-name
21128,21128,violet lever,same-id-same-name
21129,21129,lever,same-id-same-name
21130,21130,lever,same-id-same-name
21131,21131,lever,same-id-same-name
21132,21132,lever,same-id-same-name
21133,21133,RESERVED SPRITE,same-id-same-name
21137,21137,pint of glooth,same-id-same-name
21138,21138,stone floor,same-id-same-name
21139,21139,sewer cover,same-id-same-name
21140,21140,rungs in the wall,same-id-same-name
21141,21141,bundle of letters,same-id-same-name
21142,21142,ominously glowing pill,same-id-same-name
21143,21143,glooth sandwich,same-id-same-name
21144,21144,bowl of glooth soup,same-id-same-name
21145,21145,bottle of glooth wine,same-id-same-name
21146,21146,glooth steak,same-id-same-name
21147,21147,particle accelerator,same-id-same-name
21148,21148,valve,same-id-same-name
21149,21149,metal statue,same-id-same-name
21150,21150,rubble,same-id-same-name
21151,21151,valve,same-id-same-name
21152,21152,strangely coloured glooth,same-id-same-name
21153,21153,supply crate,same-id-same-name
21154,21154,glooth potion,same-id-same-name
21155,21155,supply crate,same-id-same-name
21156,21156,supply crate,same-id-same-name
21157,21157,RESERVED SPRITE,same-id-same-name
21158,21158,glooth spear,same-id-same-name
21159,21159,floating crate of turnips,same-id-same-name
21160,21160,RESERVED SPRITE,same-id-same-name
21161,21161,mootant armor rack,same-id-same-name
21162,21162,RESERVED SPRITE,same-id-same-name
21163,21163,mootant armor rack,same-id-same-name
21164,21164,glooth cape,same-id-same-name
21165,21165,rubber cap,same-id-same-name
21166,21166,mooh'tah plate,same-id-same-name
21167,21167,heat core,same-id-same-name
21168,21168,alloy legs,same-id-same-name
21169,21169,metal spats,same-id-same-name
21170,21170,gearwheel chain,same-id-same-name
21171,21171,metal bat,same-id-same-name
21172,21172,glooth whip,same-id-same-name
21173,21173,moohtant cudgel,same-id-same-name
21174,21174,mino lance,same-id-same-name
21175,21175,mino shield,same-id-same-name
21176,21176,execowtioner axe,same-id-same-name
21177,21177,cowtana,same-id-same-name
21178,21178,glooth club,same-id-same-name
21179,21179,glooth blade,same-id-same-name
21180,21180,glooth axe,same-id-same-name
21181,21181,RESERVED SPRITE,same-id-same-name
21182,21182,glob of glooth,same-id-same-name
21183,21183,glooth amulet,same-id-same-name
21184,21184,cup of cowcoa,same-id-same-name
21185,21185,nozzle for cowcoa,same-id-same-name
21186,21186,control unit,same-id-same-name
21187,21187,cup of cowcoa,same-id-same-name
21188,21188,vial of coloured glooth,same-id-same-name
21189,21189,vial of coloured glooth,same-id-same-name
21192,21192,mono detector,same-id-same-name
21193,21193,metal jaw,same-id-same-name
21194,21194,slime heart,same-id-same-name
21195,21195,poisoned fang,same-id-same-name
21196,21196,necromantic rust,same-id-same-name
21197,21197,slimy leaf tentacle,same-id-same-name
21198,21198,metal toe,same-id-same-name
21199,21199,giant pacifier,same-id-same-name
21200,21200,moohtant horn,same-id-same-name
21201,21201,execowtioner mask,same-id-same-name
21202,21202,mooh'tah shell,same-id-same-name
21203,21203,glooth bag,same-id-same-name
21204,21204,cowbell,same-id-same-name
21208,21208,strange probing device,same-id-same-name
21212,21212,the ashes of a device,same-id-same-name
21213,21213,soothe bloom,same-id-same-name
21214,21214,pint of glooth,same-id-same-name
21215,21215,pint of glooth,same-id-same-name
21216,21216,cool gloothy mixture,same-id-same-name
21217,21217,green light,same-id-same-name
21218,21218,Lisa's doll,same-id-same-name
21219,21219,one hit wonder,same-id-same-name
21220,21220,RESERVED SPRITE,same-id-same-name
21221,21221,jammed sewer grate,same-id-same-name
21290,21290,lever,same-id-same-name
21291,21291,juicy roots,same-id-same-name
21292,21292,feedbag,same-id-same-name
21293,21293,note pinned on the wall,same-id-same-name
21294,21294,parquet floor,same-id-same-name
21295,21295,glooth backpack,same-id-same-name
21296,21296,broken opticorder forge,same-id-same-name
21297,21297,pungs in the wall,same-id-same-name
21298,21298,sewer grate,same-id-same-name
21299,21299,RESERVED SPRITE,same-id-same-name
21300,21300,unknown item,same-id-same-name
21301,21301,crude primitive printout,same-id-same-name
21314,21314,shallow water,free-crystal-id-preserved
21323,21323,imported water pipe,same-id-same-name
21341,21341,loose stone pile,same-id-same-name
21342,21342,hole,same-id-same-name
21343,21343,RESERVED SPRITE,same-id-same-name
21344,21344,hole,same-id-same-name
21345,21345,stone floor,same-id-same-name
21346,21346,stone floor,same-id-same-name
21347,21347,RESERVED SPRITE,same-id-same-name
21348,21348,scorcher,same-id-same-name
21349,21349,RESERVED SPRITE,same-id-same-name
21350,21350,chiller,same-id-same-name
21351,21351,light stone shower rune,same-id-same-name
21352,21352,lightest missile rune,same-id-same-name
21365,21365,stairs,same-id-same-name
21372,21372,Mr Jones's piano,same-id-same-name
21373,21373,forlorn shovel,same-id-same-name
21374,21374,closed trapdoor,same-id-same-name
21375,21375,lost rope,same-id-same-name
21376,21376,RESERVED SPRITE,same-id-same-name
21377,21377,dawnfire derb plant,same-id-same-name
21378,21378,torn log book,same-id-same-name
21379,21379,strange amulet,same-id-same-name
21380,21380,hole,same-id-same-name
21383,21383,stone of insight,same-id-same-name
21387,21387,small lit pagoda,same-id-same-name
21388,21388,lion's mane flower,same-id-same-name
21389,21389,lion's mane flower,same-id-same-name
21390,21390,slightly feline statue,same-id-same-name
21391,21391,ornamented stone pedestal,same-id-same-name
21392,21392,silver key (Key:0010),same-id-same-name
21393,21393,krailos,same-id-same-name
21394,21394,well with a lion-like face,same-id-same-name
21400,21400,spellbook of the novice,same-id-same-name
21401,21401,broken wooden shield,same-id-same-name
21402,21402,Old Nasty,same-id-same-name
21410,21410,unknown item,same-id-same-name
21411,21411,shopping bag,same-id-same-name
21412,21412,dead explorer,same-id-same-name
21413,21413,old parchment,same-id-same-name
21414,21414,shallow water,same-id-same-name
21415,21415,bed,same-id-same-name
21416,21416,worn out pirate boots,same-id-same-name
21417,21417,worn dress,same-id-same-name
21418,21418,smelly leather legs,same-id-same-name
21425,21425,parchment,same-id-same-name
21426,21426,broken brown glass,same-id-same-name
21427,21427,paladin's bow,same-id-same-name
21428,21428,ununsed simple arrow,same-id-same-name
21429,21429,broken wooden shield,same-id-same-name
21430,21430,simple dagger,same-id-same-name
21431,21431,scorcher,same-id-same-name
21432,21432,lightest missile rune,same-id-same-name
21433,21433,chiller,same-id-same-name
21434,21434,light stone shower rune,same-id-same-name
21435,21435,black knight doll,same-id-same-name
21436,21436,black knight doll,same-id-same-name
21437,21437,stone tile with a socket,same-id-same-name
21438,21438,fountain,same-id-same-name
21439,21439,Lion's Heart,same-id-same-name
21440,21440,stone tile with a socket,same-id-same-name
21441,21441,stone tile with a socket,same-id-same-name
21442,21442,stone tile with a socket,same-id-same-name
21443,21443,stone rubbish,same-id-same-name
21444,21444,RESERVED SPRITE,same-id-same-name
21445,21445,war backpack,same-id-same-name
21446,21446,dead woodling,same-id-same-name
21447,21447,dead woodling,same-id-same-name
21448,21448,dead woodling,same-id-same-name
21449,21449,dead woodling,same-id-same-name
21450,21450,dead meadow strider,same-id-same-name
21451,21451,dead meadow strider,same-id-same-name
21452,21452,dead meadow strider,same-id-same-name
21453,21453,dead meadow strider,same-id-same-name
21454,21454,dead dawnfly,same-id-same-name
21455,21455,dead dawnfly,same-id-same-name
21456,21456,dead dawnfly,same-id-same-name
21457,21457,dead dawnfly,same-id-same-name
21462,54269,red flame,new-free-id
21463,54270,blue flame,new-free-id
21464,54271,violet flame,new-free-id
21465,54272,yellow flame,new-free-id
21466,21466,ewer with holy water,same-id-same-name
21467,21467,translation scroll,same-id-same-name
21468,21468,translation scroll,same-id-same-name
21469,21469,eggs of a sacred snake,same-id-same-name
21470,21470,simple arrow,same-id-same-name
21471,21471,dead sacred snake,same-id-same-name
21474,21474,dead sacred snake,same-id-same-name
21475,21475,dead sacred snake,same-id-same-name
21476,21476,dead snake,same-id-same-name
21477,21477,lava,same-id-same-name
21500,21500,water vortex,same-id-same-name
21501,21501,dirt floor,same-id-same-name
21502,21502,pendulum clock,same-id-same-name
21503,21503,globe of the Tibian world,same-id-same-name
21504,21504,vial of medusa blood,same-id-same-name
21505,21505,flask with oil and blood,same-id-same-name
21506,21506,flask of Medusa's Ointment,same-id-same-name
21507,21507,pinch of crystal dust,same-id-same-name
21554,21554,small crystal bell,same-id-same-name
21564,21564,stairs,same-id-same-name
21565,21565,ramp,same-id-same-name
21566,21566,stairs,same-id-same-name
21567,21567,ramp,same-id-same-name
21568,21568,stairs,same-id-same-name
21569,21569,ramp,same-id-same-name
21570,21570,stairs,same-id-same-name
21571,21571,ramp,same-id-same-name
21572,21572,bloodstained crystal,same-id-same-name
21573,21573,wooden grinder,same-id-same-name
21574,21574,RESERVED SPRITE,same-id-same-name
21695,21695,RESERVED SPRITE,same-id-same-name
21738,21738,RESERVED SPRITE,same-id-same-name
21739,21739,water vortex,same-id-same-name
21740,21740,water vortex,same-id-same-name
21741,21741,hot geyser,same-id-same-name
21742,21742,RESERVED SPRITE,same-id-same-name
21743,21743,strange machine,same-id-same-name
21744,21744,strange machine,same-id-same-name
21745,21745,Brandon's wedding ring,same-id-same-name
21746,21746,cursed gold,same-id-same-name
21747,21747,seacrest pearl,same-id-same-name
21748,21748,orb of Life Everchanging,same-id-same-name
21749,21749,nacre altar,same-id-same-name
21750,21750,hoard of cursed gold,same-id-same-name
21751,21751,stone snake shrine,same-id-same-name
21752,21752,broken orb of Light Undying,same-id-same-name
21753,21753,nacre slab,same-id-same-name
21754,21754,sea ear,same-id-same-name
21755,21755,bronze gear wheel,same-id-same-name
21756,21756,RESERVED SPRITE,same-id-same-name
21757,21757,calibrated indicator gauge,same-id-same-name
21758,21758,copper valve,same-id-same-name
21759,21759,strange device,same-id-same-name
21760,21760,RESERVED SPRITE,same-id-same-name
21761,21761,glooth converter,same-id-same-name
21766,21766,glass tube,same-id-same-name
21767,21767,filled glooth converter,same-id-same-name
21768,21768,crimson crest mushroom,same-id-same-name
21769,21769,vial of mushroom distillate,same-id-same-name
21770,21770,drowned seaman's skull,same-id-same-name
21771,21771,RESERVED SPRITE,same-id-same-name
21786,21786,RESERVED SPRITE,same-id-same-name
21787,21787,broken nacre altar,same-id-same-name
21791,21791,strange statue,same-id-same-name
21792,21792,copper valve,same-id-same-name
21793,21793,RESERVED SPRITE,same-id-same-name
21794,21794,ancient sundial,same-id-same-name
21795,21795,the time compass,same-id-same-name
21796,21796,nacre altar,same-id-same-name
21797,21797,strange statue,same-id-same-name
21798,21798,large seashell,same-id-same-name
21799,21799,large seashell,same-id-same-name
21800,21800,seacrest scale,same-id-same-name
21801,21801,seacrest hair,same-id-same-name
21802,21802,wicker basket,same-id-same-name
21803,21803,bottle of gloo,same-id-same-name
21804,21804,the orb of Darkness Eternal,same-id-same-name
21805,21805,the orb of Light Undying,same-id-same-name
21806,21806,crimson crest mushroom,same-id-same-name
21807,21807,RESERVED SPRITE,same-id-same-name
21808,21808,rest of life energy,same-id-same-name
21809,21809,spark of light,same-id-same-name
21810,21810,maelstrom of darkness,same-id-same-name
21811,21811,cloud of Earth energy,same-id-same-name
21812,21812,orb of Life Everchanging,same-id-same-name
21813,21813,orb of Earth Everpresent,same-id-same-name
21814,21814,glooth capsule,same-id-same-name
21815,21815,magma chunk,same-id-same-name
21816,21816,tainted glooth capsule,same-id-same-name
21817,21817,glooth extractor,same-id-same-name
21818,21818,ashes,same-id-same-name
21819,21819,steel spider silk,same-id-same-name
21820,21820,spool of steel silk yarn,same-id-same-name
21823,21823,weaving loom,same-id-same-name
21824,21824,weaving loom,same-id-same-name
21825,21825,yarn-winding winch,same-id-same-name
21833,21833,irrigation funnel,same-id-same-name
21836,21836,edible rock fungus,same-id-same-name
21837,21837,fungus powder,same-id-same-name
21838,21838,vial of distilled water,same-id-same-name
21839,21839,pink gloud essence,same-id-same-name
21840,21840,glooth plasma,same-id-same-name
21841,21841,glooth farina,same-id-same-name
21842,21842,edible rock fungi,same-id-same-name
21843,21843,flower-adorned statue,same-id-same-name
21850,21850,dead rat,same-id-same-name
21853,21853,dinky moss floret,same-id-same-name
21854,21854,dinky moss floret stalks,same-id-same-name
21855,21855,dinky moss floret stalks,same-id-same-name
21856,21856,dinky moss floret garland,same-id-same-name
21857,21857,interwoven moss florets,same-id-same-name
21858,21858,debris,same-id-same-name
21863,21863,dead roaring lion,same-id-same-name
21864,21864,dead roaring lion,same-id-same-name
21865,21865,dead roaring lion,same-id-same-name
21866,21866,dead roaring lion,same-id-same-name
21867,21867,torn piece of cloth,same-id-same-name
21868,21868,badly made piece of cloth,same-id-same-name
21869,21869,soft piece of cloth,same-id-same-name
21870,21870,airtight cloth,same-id-same-name
21871,21871,balloon cloth,same-id-same-name
21872,21872,glooth vinegar,same-id-same-name
21873,21873,strong cloth,same-id-same-name
21874,21874,bookcase,same-id-same-name
21875,21875,a pressure gauge,same-id-same-name
21876,21876,bottle of airtight gloo,same-id-same-name
21877,21877,milking fork,same-id-same-name
21878,21878,spider,same-id-same-name
21879,21879,RESERVED SPRITE,same-id-same-name
21880,21880,gas bag,same-id-same-name
21881,21881,full gas bag,same-id-same-name
21882,21882,dead glooth bandit,same-id-same-name
21884,21884,dead glooth bandit,same-id-same-name
21885,21885,dead glooth bandit,same-id-same-name
21886,21886,dead glooth bandit,same-id-same-name
21888,21888,dead glooth brigand,same-id-same-name
21889,21889,dead glooth brigand,same-id-same-name
21890,21890,dead glooth brigand,same-id-same-name
21891,21891,dead glooth brigand,same-id-same-name
21892,21892,crest of the deep seas,same-id-same-name
21893,21893,dead seacrest serpent,same-id-same-name
21894,21894,dead seacrest serpent,same-id-same-name
21895,21895,dead seacrest serpent,same-id-same-name
21896,21896,dead seacrest serpent,same-id-same-name
21897,21897,glooth glider blueprint,same-id-same-name
21898,21898,roll of covering,same-id-same-name
21899,21899,glooth glider tubes and wires,same-id-same-name
21900,21900,dead deep terror,same-id-same-name
21901,21901,glooth glider casing,same-id-same-name
21902,21902,glooth glider crank,same-id-same-name
21903,21903,dead deep terror,same-id-same-name
21904,21904,dead deep terror,same-id-same-name
21905,21905,glooth glider hinge,same-id-same-name
21906,21906,glooth glider gear wheel,same-id-same-name
21907,21907,dead empowered glooth horror,same-id-same-name
21908,21908,dead empowered glooth horror,same-id-same-name
21909,21909,dead empowered glooth horror,same-id-same-name
21910,21910,dead professor maxxen,same-id-same-name
21911,21911,dead professor maxxen,same-id-same-name
21912,21912,dead professor maxxen,same-id-same-name
21913,21913,remains of disgusting ooze,same-id-same-name
21932,21932,receipt,same-id-same-name
21933,21933,receipt,same-id-same-name
21934,21934,black crystal shards,same-id-same-name
21935,21935,grass,same-id-same-name
21936,21936,lapis-crested vase,same-id-same-name
21937,21937,remains of a lapis vase,same-id-same-name
21940,21940,destroyed machinery,same-id-same-name
21941,21941,destroyed machinery,same-id-same-name
21942,21942,destroyed machinery,same-id-same-name
21943,21943,destroyed machinery,same-id-same-name
21944,21944,RESERVED SPRITE,same-id-same-name
21945,21945,large amphora,same-id-same-name
21946,21946,remains of amphora,same-id-same-name
21949,21949,RESERVED SPRITE,same-id-same-name
21950,21950,witches' cap spot,same-id-same-name
21951,21951,RESERVED SPRITE,same-id-same-name
21952,21952,maxxen santa,same-id-same-name
21953,21953,truelove teddy,same-id-same-name
21954,21954,crimson rose,same-id-same-name
21955,21955,sweetheart ring,same-id-same-name
21956,21956,dead deepling tyrant,same-id-same-name
21957,21957,dead deepling tyrant,same-id-same-name
21958,21958,dead deepling tyrant,same-id-same-name
21959,21959,dead deepling tyrant,same-id-same-name
21962,21962,assassin doll,same-id-same-name
21963,21963,assassin doll,same-id-same-name
21964,21964,hoard of dragon gold,same-id-same-name
21965,21965,snow,same-id-same-name
21966,21966,rock soil,same-id-same-name
21967,21967,grass,same-id-same-name
21968,21968,ocean floor,same-id-same-name
21969,21969,RESERVED SPRITE,same-id-same-name
21970,21970,closed door,same-id-same-name
21971,21971,pitfall,same-id-same-name
21972,21972,pitfall,same-id-same-name
21973,21973,some cracks,same-id-same-name
21974,21974,golden lotus brooch,same-id-same-name
21975,21975,peacock feather fan,same-id-same-name
21976,21976,RESERVED SPRITE,same-id-same-name
21977,21977,remains of a tainted soul,same-id-same-name
21978,21978,remains of a redeemed soul,same-id-same-name
21979,21979,remains of a tainted soul,same-id-same-name
21980,21980,remains of a redeemed soul,same-id-same-name
21981,21981,oriental shoes,same-id-same-name
21982,21982,nightmare teddy,same-id-same-name
21983,21983,dead gloom wolf,same-id-same-name
21984,21984,dead gloom wolf,same-id-same-name
21985,21985,dead gloom wolf,same-id-same-name
21986,21986,dead gloom wolf,same-id-same-name
21987,21987,dead dawnfire asura,same-id-same-name
21988,21988,dead midnight asura,same-id-same-name
21989,21989,dead dawnfire asura,same-id-same-name
21990,21990,dead dawnfire asura,same-id-same-name
21991,21991,dead dawnfire asura,same-id-same-name
21992,21992,dead midnight asura,same-id-same-name
21993,21993,dead midnight asura,same-id-same-name
21994,21994,dead midnight asura,same-id-same-name
21995,21995,dead omnivora,same-id-same-name
21996,21996,dead omnivora,same-id-same-name
21997,21997,dead omnivora,same-id-same-name
21998,21998,dead omnivora,same-id-same-name
21999,21999,remains of Oodok,same-id-same-name
22000,22000,remains of Oodok,same-id-same-name
22001,22001,remains of Oodok,same-id-same-name
22002,22002,remains of Oodok,same-id-same-name
22003,22003,remains of arthom,same-id-same-name
22004,22004,remains of arthom,same-id-same-name
22005,22005,remains of arthom,same-id-same-name
22006,22006,remains of arthom,same-id-same-name
22007,22007,gloom wolf fur,same-id-same-name
22008,22008,antler talisman,same-id-same-name
22009,22009,sacred antler talisman,same-id-same-name
22010,22010,dead werebear,same-id-same-name
22011,22011,dead werebear,same-id-same-name
22012,22012,dead werebear,same-id-same-name
22013,22013,dead werebear,same-id-same-name
22014,22014,dead human,same-id-same-name
22015,22015,dead renegade knight,same-id-same-name
22016,22016,dead vile grandmaster,same-id-same-name
22017,22017,dead human,same-id-same-name
22018,22018,dead human,same-id-same-name
22019,22019,dead human,same-id-same-name
22020,22020,dead renegade knight,same-id-same-name
22021,22021,dead renegade knight,same-id-same-name
22022,22022,dead renegade knight,same-id-same-name
22023,22023,dead vile grandmaster,same-id-same-name
22024,22024,dead vile grandmaster,same-id-same-name
22025,22025,dead vile grandmaster,same-id-same-name
22026,22026,phoenix statue,same-id-same-name
22027,22027,dragon eye,same-id-same-name
22051,22051,werebadger claws,same-id-same-name
22052,22052,werewolf fangs,same-id-same-name
22053,22053,wereboar hooves,same-id-same-name
22054,22054,wereboar tusks,same-id-same-name
22055,22055,werebadger skull,same-id-same-name
22056,22056,werebear skull,same-id-same-name
22057,22057,werebear fur,same-id-same-name
22058,22058,vial of liquid silver,same-id-same-name
22059,22059,silvered trap,same-id-same-name
22060,22060,werewolf amulet,same-id-same-name
22061,22061,enchanted werewolf amulet,same-id-same-name
22062,22062,werewolf helmet,same-id-same-name
22063,22063,purple nightshade,same-id-same-name
22064,22064,blooming purple nightshade,same-id-same-name
22065,22065,RESERVED SPRITE,same-id-same-name
22066,22066,dead wereboar,same-id-same-name
22067,22067,dead werebadger,same-id-same-name
22068,22068,dead wereboar,same-id-same-name
22069,22069,dead wereboar,same-id-same-name
22070,22070,dead wereboar,same-id-same-name
22071,22071,dead werebadger,same-id-same-name
22072,22072,dead werebadger,same-id-same-name
22073,22073,dead werebadger,same-id-same-name
22074,22074,closed silvered trap,same-id-same-name
22075,22075,silver vein,same-id-same-name
22076,22076,strangely glowing mark,same-id-same-name
22077,22077,strangely glowing mark,same-id-same-name
22078,22078,dead ghost wolf,same-id-same-name
22079,22079,dead ghost wolf,same-id-same-name
22080,22080,dead ghost wolf,same-id-same-name
22081,22081,dead ghost wolf,same-id-same-name
22082,22082,purple nightshade blossoms,same-id-same-name
22083,22083,moonlight crystals,same-id-same-name
22084,22084,wolf backpack,same-id-same-name
22085,22085,fur armor,same-id-same-name
22086,22086,badger boots,same-id-same-name
22087,22087,wereboar loincloth,same-id-same-name
22088,22088,enchanted werewolf helmet,same-id-same-name
22089,22089,remains of feroxa,same-id-same-name
22090,22090,remains of feroxa,same-id-same-name
22091,22091,remains of feroxa,same-id-same-name
22092,22092,remains of feroxa,same-id-same-name
22101,22101,werebadger trophy,same-id-same-name
22102,22102,wereboar trophy,same-id-same-name
22103,22103,werebear trophy,same-id-same-name
22104,22104,trophy of Feroxa,same-id-same-name
22105,22105,RESERVED SPRITE,same-id-same-name
22106,22106,water vortex,same-id-same-name
22107,22107,adventurer's map,same-id-same-name
22108,22108,remains tzumrah the dazzler,same-id-same-name
22109,22109,remains tzumrah the dazzler,same-id-same-name
22110,22110,remains tzumrah the dazzler,same-id-same-name
22111,22111,remains of tzumrah the dazzler,same-id-same-name
22112,22112,RESERVED SPRITE,same-id-same-name
22113,22113,enchanted werewolf helmet,same-id-same-name
22114,22114,enchanted werewolf helmet,same-id-same-name
22115,22115,enchanted werewolf helmet,same-id-same-name
22116,22116,enchanted werewolf helmet,same-id-same-name
22117,22117,RESERVED SPRITE,same-id-same-name
22118,22118,Tibia coins,same-id-same-name
22119,22119,burst arrow,same-id-same-name
22124,22124,remains of owin,same-id-same-name
22126,22126,remains of owin,same-id-same-name
22127,22127,enchanted werewolf helmet,same-id-same-name
22128,22128,enchanted werewolf helmet,same-id-same-name
22129,22129,enchanted werewolf helmet,same-id-same-name
22130,22130,enchanted werewolf helmet,same-id-same-name
22131,22131,remains of owin,same-id-same-name
22132,22132,enchanted werewolf helmet,same-id-same-name
22133,22133,remains of owin,same-id-same-name
22134,22134,enchanted werewolf amulet,same-id-same-name
22135,22135,dead elder forest fury,same-id-same-name
22136,22136,dead elder forest fury,same-id-same-name
22137,22137,dead elder forest fury,same-id-same-name
22138,22138,dead elder forest fury,same-id-same-name
22139,22139,dead ogre shaman,same-id-same-name
22140,22140,dead ogre shaman,same-id-same-name
22141,22141,dead ogre shaman,same-id-same-name
22142,22142,dead ogre shaman,same-id-same-name
22143,22143,dead ogre brute,same-id-same-name
22144,22144,dead ogre brute,same-id-same-name
22145,22145,dead ogre brute,same-id-same-name
22146,22146,dead ogre brute,same-id-same-name
22147,22147,dead ogre savage,same-id-same-name
22148,22148,dead ogre savage,same-id-same-name
22149,22149,dead ogre savage,same-id-same-name
22150,22150,dead ogre savage,same-id-same-name
22155,22155,RESERVED SPRITE,same-id-same-name
22156,22156,stairs,same-id-same-name
22157,22157,ramp,same-id-same-name
22160,22160,rite of eternal night,same-id-same-name
22161,22161,strange statue,same-id-same-name
22162,22162,strange grave,same-id-same-name
22163,22163,strange statue,same-id-same-name
22170,22170,house silversun's signet ring,same-id-same-name
22171,22171,ogre klubba,same-id-same-name
22172,22172,ogre choppa,same-id-same-name
22173,22173,RESERVED SPRITE,same-id-same-name
22181,22181,RESERVED SPRITE,same-id-same-name
22182,22182,teleportation rod,same-id-same-name
22183,22183,ogre scepta,same-id-same-name
22184,22184,shamanic talisman,same-id-same-name
22185,22185,prickly pear,same-id-same-name
22186,22186,raw meat,same-id-same-name
22187,22187,roasted meat,same-id-same-name
22188,22188,ogre ear stud,same-id-same-name
22189,22189,ogre nose ring,same-id-same-name
22190,22190,painted gourd rattle,same-id-same-name
22191,22191,skull fetish,same-id-same-name
22192,22192,shamanic mask,same-id-same-name
22193,22193,onyx chip,same-id-same-name
22194,22194,opal,same-id-same-name
22195,22195,onyx pendant,same-id-same-name
22196,22196,crystal ball,same-id-same-name
22254,22254,bone flute,same-id-same-name
22292,22292,dragonfruit tree,same-id-same-name
22293,22293,juniper tree,same-id-same-name
22294,22294,small juniper tree,same-id-same-name
22297,22297,small tuft palm,same-id-same-name
22324,22324,bone spiked club,same-id-same-name
22325,22325,stone spiked club,same-id-same-name
22326,22326,bone spiked club,same-id-same-name
22327,22327,stone spiked club,same-id-same-name
22361,22361,golden quartzes,same-id-same-name
22494,22494,RESERVED SPRITE,same-id-same-name
22502,22502,gate of expertise,same-id-same-name
22503,22503,gate of expertise,same-id-same-name
22504,22504,gate of expertise,same-id-same-name
22505,22505,gate of expertise,same-id-same-name
22506,22506,closed door,same-id-same-name
22507,22507,open door,same-id-same-name
22508,22508,closed door,same-id-same-name
22509,22509,open door,same-id-same-name
22516,22516,silver token,same-id-same-name
22517,22517,stairs,same-id-same-name
22518,22518,Fireheart cuirass,same-id-same-name
22519,22519,fireheart hauberk,same-id-same-name
22520,22520,fireheart platemail,same-id-same-name
22521,22521,earthheart cuirass,same-id-same-name
22522,22522,earthheart hauberk,same-id-same-name
22523,22523,earthheart platemail,same-id-same-name
22524,22524,thunderheart cuirass,same-id-same-name
22525,22525,thunderheart hauberk,same-id-same-name
22526,22526,thunderheart platemail,same-id-same-name
22527,22527,frostheart cuirass,same-id-same-name
22528,22528,frostheart hauberk,same-id-same-name
22529,22529,frostheart platemail,same-id-same-name
22530,22530,firesoul tabard,same-id-same-name
22531,22531,earthsoul tabard,same-id-same-name
22532,22532,thundersoul tabard,same-id-same-name
22533,22533,frostsoul tabard,same-id-same-name
22534,22534,firemind raiment,same-id-same-name
22535,22535,earthmind raiment,same-id-same-name
22536,22536,thundermind raiment,same-id-same-name
22537,22537,frostmind raiment,same-id-same-name
22565,22565,stairs,same-id-same-name
22566,22566,stairs,same-id-same-name
22626,22626,large pile of bones,same-id-same-name
22641,22641,RESERVED SPRITE,same-id-same-name
22642,22642,clay pot,same-id-same-name
22643,22643,moon flower,same-id-same-name
22644,22644,parrot's beak plant,same-id-same-name
22645,22645,skull orchid,same-id-same-name
22646,22646,single oxalis,same-id-same-name
22647,22647,several oxalis,same-id-same-name
22648,22648,voodoo lily,same-id-same-name
22649,22649,shark teeth,same-id-same-name
22650,22650,rattling gourd,same-id-same-name
22651,22651,gourd,same-id-same-name
22652,22652,red paint,same-id-same-name
22656,22656,voodoo lily pollen,same-id-same-name
22657,22657,RESERVED SPRITE,same-id-same-name
22658,22658,floating green flask,same-id-same-name
22659,22659,dragon egg shells,same-id-same-name
22660,22660,grey-blue powder,same-id-same-name
22661,22661,flask of greasy red oil,same-id-same-name
22662,22662,hyaena trap,same-id-same-name
22663,22663,trapped hyaena,same-id-same-name
22664,22664,sleeping hyaena,same-id-same-name
22675,22675,lava,same-id-same-name
22676,22676,dragon's nest,same-id-same-name
22677,22677,unknown item,same-id-same-name
22678,22678,opticorder analyser,same-id-same-name
22679,22679,opticorder analyser,same-id-same-name
22680,22680,large pliers,same-id-same-name
22681,22681,heavy stone hammer,same-id-same-name
22682,22682,goblin bone key,same-id-same-name
22683,22683,crude treadmill,same-id-same-name
22684,22684,greasy stone,same-id-same-name
22685,22685,dead goblin,same-id-same-name
22686,22686,dead goblin,same-id-same-name
22687,22687,dead goblin,same-id-same-name
22688,22688,stone floor,same-id-same-name
22689,22689,crude treadmill,same-id-same-name
22690,22690,greasy stone,same-id-same-name
22691,22691,dead goblin,same-id-same-name
22692,22692,carafe of water binding,same-id-same-name
22693,22693,dead holy bog frog,same-id-same-name
22694,22694,poison salt crystal,same-id-same-name
22695,22695,crystallized salt,same-id-same-name
22696,22696,crude water conveyor,same-id-same-name
22697,22697,crude water conveyor,same-id-same-name
22698,22698,purified soul,same-id-same-name
22703,22703,crystal trail,same-id-same-name
22704,22704,botanist's container,same-id-same-name
22705,22705,ancient map,same-id-same-name
22706,22706,rolled-up parchment,same-id-same-name
22707,22707,Opticompass sphere,same-id-same-name
22708,22708,golden quartz powder,same-id-same-name
22709,22709,dry floor,same-id-same-name
22710,22710,Ogre beer,same-id-same-name
22711,22711,the crossbow of Swordfish,same-id-same-name
22712,22712,Hopgoblin's broken staff,same-id-same-name
22713,22713,Sugatrap's obsidian lance,same-id-same-name
22720,22720,iron token,same-id-same-name
22721,22721,gold token,same-id-same-name
22722,22722,copper token,same-id-same-name
22723,22723,platinum token,same-id-same-name
22724,22724,titanium token,same-id-same-name
22725,22725,rift lamp,same-id-same-name
22726,22726,rift shield,same-id-same-name
22727,22727,rift lance,same-id-same-name
22728,22728,vexclaw talon,same-id-same-name
22729,22729,pair of hellflayer horns,same-id-same-name
22730,22730,some grimeleech wings,same-id-same-name
22731,22731,rift tapestry,same-id-same-name
22734,22734,rift lamp,same-id-same-name
22735,22735,lit rift lamp,same-id-same-name
22736,22736,rift carpet,same-id-same-name
22737,22737,folded rift carpet,same-id-same-name
22738,22738,stone wall,same-id-same-name
22739,22739,mysterious metal egg,same-id-same-name
22742,22742,dead clomp,same-id-same-name
22743,22743,dead clomp,same-id-same-name
22744,22744,dead clomp,same-id-same-name
22745,22745,dead clomp,same-id-same-name
22746,22746,ancient amulet,same-id-same-name
22747,22747,water vortex,same-id-same-name
22748,22748,ramp,same-id-same-name
22749,22749,stairs,same-id-same-name
22750,22750,grille,same-id-same-name
22754,22754,visage of the end days,same-id-same-name
22755,22755,book of lies,same-id-same-name
22756,22756,treader of torment,same-id-same-name
22757,22757,shroud of despair,same-id-same-name
22758,22758,death gaze,same-id-same-name
22759,22759,plague bite,same-id-same-name
22760,22760,impaler of the igniter,same-id-same-name
22761,22761,vortex,same-id-same-name
22762,22762,maimer,same-id-same-name
22763,22763,shaggy ogre bag,same-id-same-name
22764,22764,Ferumbras' staff,same-id-same-name
22765,22765,Ferumbras' staff,same-id-same-name
22766,22766,Ferumbras' staff,same-id-same-name
22767,22767,Ferumbras' amulet,same-id-same-name
22768,22768,Ferumbras' amulet,same-id-same-name
22769,22769,Ferumbras' mana keg,same-id-same-name
22770,22770,Ferumbras' mana keg,same-id-same-name
22771,22771,scroll of ascension,same-id-same-name
22772,22772,scroll of ascension,same-id-same-name
22773,22773,boots of homecoming,same-id-same-name
22774,22774,boots of homecoming,same-id-same-name
22775,22775,Ferumbras' teddy,same-id-same-name
22776,22776,slain vexclaw,same-id-same-name
22777,22777,slain vexclaw,same-id-same-name
22778,22778,slain vexclaw,same-id-same-name
22779,22779,slain vexclaw,same-id-same-name
22780,22780,slain grimeleech,same-id-same-name
22781,22781,slain grimeleech,same-id-same-name
22782,22782,slain grimeleech,same-id-same-name
22783,22783,slain grimeleech,same-id-same-name
22784,22784,slain hellflayer,same-id-same-name
22785,22785,slain hellflayer,same-id-same-name
22786,22786,slain hellflayer,same-id-same-name
22787,22787,slain hellflayer,same-id-same-name
22793,22793,stone tile,same-id-same-name
22794,22794,document,same-id-same-name
22795,22795,metal grate,same-id-same-name
22796,22796,arena banner,same-id-same-name
22797,22797,depot box I,same-id-same-name
22798,22798,depot box II,same-id-same-name
22799,22799,depot box III,same-id-same-name
22800,22800,depot box IV,same-id-same-name
22801,22801,depot box V,same-id-same-name
22802,22802,depot box VI,same-id-same-name
22803,22803,depot box VII,same-id-same-name
22804,22804,depot box VIII,same-id-same-name
22805,22805,depot box IX,same-id-same-name
22806,22806,depot box X,same-id-same-name
22807,22807,depot box XI,same-id-same-name
22808,22808,depot box XII,same-id-same-name
22809,22809,depot box XIII,same-id-same-name
22810,22810,depot box XIV,same-id-same-name
22811,22811,depot box XV,same-id-same-name
22812,22812,depot box XVI,same-id-same-name
22813,22813,depot box XVII,same-id-same-name
22863,22863,test voodoo doll,same-id-same-name
22864,22864,dead dwarf,same-id-same-name
22865,22865,mysterious scroll,same-id-same-name
22866,22866,rift bow,same-id-same-name
22867,22867,rift crossbow,same-id-same-name
22868,22868,golden goblet,same-id-same-name
22869,22869,demon oak wood,same-id-same-name
22870,22870,throwing star of Sula,same-id-same-name
22871,22871,behemoth taming stone,same-id-same-name
22872,22872,stone floor,same-id-same-name
22873,22873,grave flowers,same-id-same-name
22874,22874,grass,same-id-same-name
22875,22875,coal basin,same-id-same-name
22876,22876,coal basin,same-id-same-name
22879,22879,ferumbras' teddy santa,same-id-same-name
22880,22880,grass,same-id-same-name
22881,22881,dry grass,same-id-same-name
22885,22885,bird nest,same-id-same-name
22889,22889,shield of destiny,same-id-same-name
22890,22890,shield of destiny,same-id-same-name
22891,22891,RESERVED SPRITE,same-id-same-name
22892,22892,stone tile,same-id-same-name
22893,22893,rift floor,same-id-same-name
22894,22894,vortex,same-id-same-name
23060,23060,rift floor,same-id-same-name
23063,23063,rift floor,same-id-same-name
23066,23066,rift floor,same-id-same-name
23069,23069,rift floor,same-id-same-name
23072,23072,rift floor,same-id-same-name
23075,23075,rift floor,same-id-same-name
23078,23078,rift floor,same-id-same-name
23081,23081,rift floor,same-id-same-name
23084,23084,rift floor,same-id-same-name
23087,23087,rift floor,same-id-same-name
23090,23090,rift floor,same-id-same-name
23114,23114,unknown item,same-id-same-name
23119,23119,unknown item,same-id-same-name
23124,23124,unknown item,same-id-same-name
23129,23129,unknown item,same-id-same-name
23134,23134,unknown item,same-id-same-name
23139,23139,unknown item,same-id-same-name
23140,23140,crater,same-id-same-name
23189,23189,rift wall,same-id-same-name
23190,23190,RESERVED SPRITE,same-id-same-name
23360,23360,crater,same-id-same-name
23361,23361,RESERVED SPRITE,same-id-same-name
23362,23362,crater,same-id-same-name
23363,23363,rift floor,same-id-same-name
23364,23364,rift hole,same-id-same-name
23365,23365,fire trap,same-id-same-name
23366,23366,energy trap,same-id-same-name
23367,23367,toxic trap,same-id-same-name
23368,23368,poison trap,same-id-same-name
23369,23369,blade trap,same-id-same-name
23370,23370,spike trap,same-id-same-name
23371,23371,blade trap,same-id-same-name
23372,23372,spike trap,same-id-same-name
23373,23373,ultimate mana potion,same-id-same-name
23374,23374,ultimate spirit potion,same-id-same-name
23375,23375,supreme health potion,same-id-same-name
23388,23388,dead sparkion,same-id-same-name
23389,23389,dead sparkion,same-id-same-name
23390,23390,dead sparkion,same-id-same-name
23391,23391,dead sparkion,same-id-same-name
23392,23392,dead breach brood,same-id-same-name
23393,23393,dead breach brood,same-id-same-name
23394,23394,dead breach brood,same-id-same-name
23395,23395,dead breach brood,same-id-same-name
23396,23396,your store inbox,same-id-same-name
23397,23397,RESERVED SPRITE,same-id-same-name
23398,23398,decoration kit,same-id-same-name
23399,23399,mailbox,same-id-same-name
23400,23400,mailbox,same-id-same-name
23401,23401,ornate mailbox,same-id-same-name
23402,23402,ornate mailbox,same-id-same-name
23403,23403,magnificent chair,same-id-same-name
23404,23404,magnificent chair,same-id-same-name
23405,23405,magnificent chair,same-id-same-name
23406,23406,magnificent chair,same-id-same-name
23407,23407,ferocious chair,same-id-same-name
23408,23408,ferocious chair,same-id-same-name
23409,23409,ferocious chair,same-id-same-name
23410,23410,ferocious chair,same-id-same-name
23411,23411,ferocious table,same-id-same-name
23412,23412,dead reality reaver,same-id-same-name
23413,23413,dead reality reaver,same-id-same-name
23414,23414,ferocious table,same-id-same-name
23415,23415,dead reality reaver,same-id-same-name
23416,23416,dead reality reaver,same-id-same-name
23417,23417,magnificent table,same-id-same-name
23418,23418,magnificent table,same-id-same-name
23419,23419,magnificent cabinet,same-id-same-name
23420,23420,magnificent cabinet,same-id-same-name
23421,23421,ferocious cabinet,same-id-same-name
23422,23422,ferocious cabinet,same-id-same-name
23423,23423,ferocious trunk,same-id-same-name
23424,23424,ferocious trunk,same-id-same-name
23425,23425,ferocious trunk,same-id-same-name
23426,23426,ferocious trunk,same-id-same-name
23427,23427,magnificent trunk,same-id-same-name
23428,23428,magnificent trunk,same-id-same-name
23429,23429,magnificent trunk,same-id-same-name
23430,23430,magnificent trunk,same-id-same-name
23431,23431,rolled-up yalaharian carpet,same-id-same-name
23432,23432,rolled-up white fur carpet,same-id-same-name
23433,23433,rolled-up bamboo mat,same-id-same-name
23434,23434,predator lamp,same-id-same-name
23435,23435,predator lamp,same-id-same-name
23436,23436,lit predator lamp,same-id-same-name
23437,23437,lit predator lamp,same-id-same-name
23438,23438,protectress lamp,same-id-same-name
23439,23439,protectress lamp,same-id-same-name
23440,23440,lit protectress lamp,same-id-same-name
23441,23441,lit protectress lamp,same-id-same-name
23442,23442,baby dragon,same-id-same-name
23443,23443,baby dragon,same-id-same-name
23444,23444,hamster in a wheel,same-id-same-name
23445,23445,hamster in a wheel,same-id-same-name
23448,23448,lordly tapestry,same-id-same-name
23449,23449,menacing tapestry,same-id-same-name
23450,23450,all-seeing tapestry,same-id-same-name
23451,23451,cat in a basket,same-id-same-name
23452,23452,cat in a basket,same-id-same-name
23453,23453,Yalaharian carpet,same-id-same-name
23454,23454,white fur carpet,same-id-same-name
23455,23455,bamboo mat,same-id-same-name
23456,23456,used red chair kit,same-id-same-name
23457,23457,used globe kit,same-id-same-name
23458,23458,used telescope kit,same-id-same-name
23459,23459,used rocking horse kit,same-id-same-name
23460,23460,large used amphora kit,same-id-same-name
23473,23473,furniture kit,same-id-same-name
23474,23474,tiara of power,same-id-same-name
23475,23475,tiara of power,same-id-same-name
23476,23476,void boots,same-id-same-name
23477,23477,void boots,same-id-same-name
23478,23478,dead dread intruder,same-id-same-name
23479,23479,dead dread intruder,same-id-same-name
23480,23480,dead dread intruder,same-id-same-name
23481,23481,dead dread intruder,same-id-same-name
23485,23485,explosive barrel,same-id-same-name
23486,23486,explosive barrel,same-id-same-name
23487,23487,arena badge,same-id-same-name
23488,23488,surprise cube,same-id-same-name
23489,23489,brown pit demon,same-id-same-name
23490,23490,green pit demon,same-id-same-name
23491,23491,blue pit demon,same-id-same-name
23492,23492,black pit demon,same-id-same-name
23493,23493,red pit demon,same-id-same-name
23501,23501,condensed energy,same-id-same-name
23502,23502,sparkion claw,same-id-same-name
23503,23503,sparkion tail,same-id-same-name
23504,23504,sparkion legs,same-id-same-name
23505,23505,sparkion stings,same-id-same-name
23506,23506,plasma pearls,same-id-same-name
23507,23507,crystallized anger,same-id-same-name
23508,23508,energy vein,same-id-same-name
23509,23509,mysterious remains,same-id-same-name
23510,23510,odd organ,same-id-same-name
23511,23511,curious matter,same-id-same-name
23512,23512,spying eye,same-id-same-name
23513,23513,strange proto matter,same-id-same-name
23514,23514,volatile proto matter,same-id-same-name
23515,23515,dangerous proto matter,same-id-same-name
23516,23516,instable proto matter,same-id-same-name
23517,23517,solid rage,same-id-same-name
23518,23518,spark sphere,same-id-same-name
23519,23519,frozen lightning,same-id-same-name
23520,23520,plasmatic lightning,same-id-same-name
23521,23521,crystal bone,same-id-same-name
23522,23522,glistening bone,same-id-same-name
23523,23523,energy ball,same-id-same-name
23524,23524,small energy ball,same-id-same-name
23525,23525,energetic backpack,same-id-same-name
23526,23526,collar of blue plasma,same-id-same-name
23527,23527,collar of green plasma,same-id-same-name
23528,23528,collar of red plasma,same-id-same-name
23529,23529,ring of blue plasma,same-id-same-name
23530,23530,ring of blue plasma,same-id-same-name
23531,23531,ring of green plasma,same-id-same-name
23532,23532,ring of green plasma,same-id-same-name
23533,23533,ring of red plasma,same-id-same-name
23534,23534,ring of red plasma,same-id-same-name
23535,23535,energy bar,same-id-same-name
23536,23536,folded void carpet,same-id-same-name
23537,23537,void carpet,same-id-same-name
23538,23538,vibrant egg,same-id-same-name
23541,23541,blue sphere,same-id-same-name
23542,23542,collar of blue plasma,same-id-same-name
23543,23543,collar of green plasma,same-id-same-name
23544,23544,collar of red plasma,same-id-same-name
23545,23545,energy drink,same-id-same-name
23546,23546,arena leaderboard,same-id-same-name
23547,23547,arena certificate,same-id-same-name
23553,23553,dead Buster,same-id-same-name
23554,23554,dead Buster,same-id-same-name
23555,23555,dead Buster,same-id-same-name
23556,23556,dead Buster,same-id-same-name
23557,23557,dead Dreadful Disruptor,same-id-same-name
23558,23558,dead Dreadful Disruptor,same-id-same-name
23559,23559,dead Dreadful Disruptor,same-id-same-name
23560,23560,dead Dreadful Disruptor,same-id-same-name
23561,23561,dead electro elemental,same-id-same-name
23562,23562,dead electro elemental,same-id-same-name
23563,23563,dead electro elemental,same-id-same-name
23564,23564,dead electro elemental,same-id-same-name
23565,23565,dead electro elemental,same-id-same-name
23566,23566,dead electro elemental,same-id-same-name
23570,23570,rift jag,same-id-same-name
23571,23571,wrecked opticorder forge,same-id-same-name
23572,23572,complete opticording sphere,same-id-same-name
23573,23573,broken opticording sphere,same-id-same-name
23574,23574,vortex,same-id-same-name
23676,23676,hand puppets,same-id-same-name
23677,23677,music box,same-id-same-name
23678,23678,encyclopedia,same-id-same-name
23679,23679,doll of Durin The Almighty,same-id-same-name
23680,23680,medusa skull,same-id-same-name
23681,23681,golden newspaper,same-id-same-name
23682,23682,bag of oriental spices,same-id-same-name
23683,23683,imortus,same-id-same-name
23684,23684,crackling egg,same-id-same-name
23685,23685,menacing egg,same-id-same-name
23686,23686,devourer core,same-id-same-name
23687,23687,burnt out devourer core,same-id-same-name
23691,23691,fish in a tank,same-id-same-name
23692,23692,RESERVED SPRITE,same-id-same-name
23693,23693,rustic chair,same-id-same-name
23694,23694,rustic chair,same-id-same-name
23695,23695,rustic chair,same-id-same-name
23696,23696,rustic chair,same-id-same-name
23697,23697,dog house,same-id-same-name
23698,23698,rustic table,same-id-same-name
23699,23699,rustic table,same-id-same-name
23700,23700,rustic cabinet,same-id-same-name
23701,23701,rustic cabinet,same-id-same-name
23702,23702,rustic trunk,same-id-same-name
23703,23703,dog house,same-id-same-name
23704,23704,rustic trunk,same-id-same-name
23705,23705,rustic trunk,same-id-same-name
23706,23706,rustic trunk,same-id-same-name
23707,23707,rolled-up crimson carpet,same-id-same-name
23708,23708,dog house,same-id-same-name
23709,23709,dog house,same-id-same-name
23710,23710,rolled-up azure carpet,same-id-same-name
23711,23711,rolled-up emerald carpet,same-id-same-name
23712,23712,light parquet planks,same-id-same-name
23713,23713,dark parquet planks,same-id-same-name
23714,23714,marble tiles,same-id-same-name
23715,23715,crimson carpet,same-id-same-name
23716,23716,azure carpet,same-id-same-name
23717,23717,emerald carpet,same-id-same-name
23718,23718,light parquet,same-id-same-name
23719,23719,dark parquet,same-id-same-name
23720,23720,marble floor,same-id-same-name
23721,23721,gold pouch,same-id-same-name
23722,23722,gold converter,same-id-same-name
23723,23723,golden dragon tapestry,same-id-same-name
23724,23724,sword tapestry,same-id-same-name
23725,23725,brocade tapestry,same-id-same-name
23729,23729,lost time,same-id-same-name
23730,23730,old desk,same-id-same-name
23731,23731,old note,same-id-same-name
23732,23732,painting of a girl,same-id-same-name
23733,23733,old silver key,same-id-same-name
23734,23734,ghostsilver lantern,same-id-same-name
23735,23735,cave entrance,same-id-same-name
23736,23736,spider web,same-id-same-name
23737,23737,strange chalice,same-id-same-name
23738,23738,ghostsilver lantern,same-id-same-name
23739,23739,unknown wall,same-id-same-name
23740,23740,brass-shod chest,same-id-same-name
23741,23741,brass-shod chest,same-id-same-name
23810,23810,phial of fresh water,same-id-same-name
23811,23811,reinvigorating seeds,same-id-same-name
23812,23812,empty birdcage,same-id-same-name
23813,23813,occupied birdcage,same-id-same-name
23814,23814,fertile soil,same-id-same-name
23815,23815,blooming birch,same-id-same-name
23816,23816,growing birch,same-id-same-name
23857,23857,ramp,same-id-same-name
23858,23858,ramp,same-id-same-name
23859,23859,ramp,same-id-same-name
23860,23860,ramp,same-id-same-name
23861,23861,ramp,same-id-same-name
23862,23862,ramp,same-id-same-name
23863,23863,ramp,same-id-same-name
23864,23864,ramp,same-id-same-name
23873,23873,closed door,same-id-same-name
23874,23874,closed door,same-id-same-name
23875,23875,closed door,same-id-same-name
23876,23876,closed door,same-id-same-name
23985,23985,old tome,same-id-same-name
23986,23986,heavy old tome,same-id-same-name
24037,24037,red bladed agave,same-id-same-name
24038,24038,small yellow pincher bush,same-id-same-name
24039,24039,yellow pincher bush,same-id-same-name
24040,24040,unknown item (tree),same-id-same-name
24041,24041,autumn sparkle blossom,same-id-same-name
24042,24042,golden path,same-id-same-name
24088,24088,ruined sculpture,same-id-same-name
24162,24162,waterway,same-id-same-name
24187,24187,RESERVED SPRITE,same-id-same-name
24192,24192,monument wall,same-id-same-name
24225,24225,astral glyph,same-id-same-name
24226,24226,shielded astral glyph,same-id-same-name
24227,24227,animated sword,same-id-same-name
24228,24228,astral source,same-id-same-name
24229,24229,distorted astral source,same-id-same-name
24244,24244,RESERVED SPRITE,same-id-same-name
24245,24245,empty plant tub,same-id-same-name
24246,24246,plant tub,same-id-same-name
24247,24247,empty ruined plant tub,same-id-same-name
24249,24249,RESERVED SPRITE,same-id-same-name
24256,24256,unknown item,same-id-same-name
24258,24258,waterway,same-id-same-name
24313,24313,dead Lloyd,same-id-same-name
24314,24314,dead Lloyd,same-id-same-name
24317,24317,cut grass,same-id-same-name
24380,24380,bone toothpick,same-id-same-name
24381,24381,beetle carapace,same-id-same-name
24382,24382,bug meat,same-id-same-name
24383,24383,cave turnip,same-id-same-name
24384,24384,ancient belt buckle,same-id-same-name
24385,24385,cracked alabaster vase,same-id-same-name
24386,24386,rhino horn carving,same-id-same-name
24387,24387,tarnished rhino figurine,same-id-same-name
24388,24388,rhino hide,same-id-same-name
24389,24389,rhino horn,same-id-same-name
24390,24390,ancient coin,same-id-same-name
24391,24391,coral brooch,same-id-same-name
24392,24392,gemmed figurine,same-id-same-name
24393,24393,pillow backpack,same-id-same-name
24394,24394,orclops santa,same-id-same-name
24395,24395,birthday backpack,same-id-same-name
24396,24396,birthday cake,same-id-same-name
24397,24397,Ferumbras' Candy Hat,same-id-same-name
24402,24402,chocolatey dragon scale legs,same-id-same-name
24403,24403,plate layered wall,same-id-same-name
24404,24404,tatty dragon scale legs,same-id-same-name
24405,24405,rusty winged helmet,same-id-same-name
24406,24406,plate layered wall,same-id-same-name
24409,24409,filthy bunnyslippers,same-id-same-name
24414,24414,sewing table,same-id-same-name
24415,24415,old rag,same-id-same-name
24416,24416,rolled-up colourful carpet,same-id-same-name
24417,24417,rolled-up flowery carpet,same-id-same-name
24418,24418,rolled-up striped carpet,same-id-same-name
24419,24419,rolled-up fur carpet,same-id-same-name
24420,24420,rolled-up diamond carpet,same-id-same-name
24421,24421,rolled-up patterned carpet,same-id-same-name
24422,24422,rolled-up night sky carpet,same-id-same-name
24423,24423,rolled-up star carpet,same-id-same-name
24424,24424,colourful carpet,same-id-same-name
24425,24425,flowery carpet,same-id-same-name
24426,24426,striped carpet,same-id-same-name
24427,24427,fur carpet,same-id-same-name
24428,24428,diamond carpet,same-id-same-name
24429,24429,patterned carpet,same-id-same-name
24430,24430,night sky carpet,same-id-same-name
24431,24431,star carpet,same-id-same-name
24434,24434,skull lamp,same-id-same-name
24435,24435,lit skull lamp,same-id-same-name
24436,24436,lit skull lamp,same-id-same-name
24437,24437,sand,same-id-same-name
24438,24438,starfish,same-id-same-name
24439,24439,shell,same-id-same-name
24476,24476,ten cans,same-id-same-name
24477,24477,nine cans,same-id-same-name
24478,24478,eight cans,same-id-same-name
24479,24479,seven cans,same-id-same-name
24480,24480,six cans,same-id-same-name
24481,24481,five cans,same-id-same-name
24482,24482,four cans,same-id-same-name
24483,24483,three cans,same-id-same-name
24484,24484,two cans,same-id-same-name
24485,24485,can,same-id-same-name
24489,24489,candied fruit,same-id-same-name
24490,24490,apples,same-id-same-name
24491,24491,bunting,same-id-same-name
24492,24492,roasted meat,same-id-same-name
24493,24493,candied fruit,same-id-same-name
24494,24494,candy canes,same-id-same-name
24495,24495,firework rockets,same-id-same-name
24496,24496,paper streamers,same-id-same-name
24497,24497,unknown item,same-id-same-name
24541,24541,closed door,same-id-same-name
24542,24542,open door,same-id-same-name
24543,24543,closed door,same-id-same-name
24544,24544,open door,same-id-same-name
24806,24806,old ramp,same-id-same-name
24807,24807,old ramp,same-id-same-name
24808,24808,old ramp,same-id-same-name
24809,24809,old ramp,same-id-same-name
24810,24810,old ramp,same-id-same-name
24811,24811,old ramp,same-id-same-name
24812,24812,old ramp,same-id-same-name
24813,24813,old ramp,same-id-same-name
24839,24839,grass,same-id-same-name
24840,24840,dry flower,same-id-same-name
24841,24841,flower bowl,same-id-same-name
24842,24842,sewing table,same-id-same-name
24865,24865,RESERVED SPRITE,same-id-same-name
24873,24873,blurred transcript,same-id-same-name
24874,24874,stone floor,same-id-same-name
24875,24875,dragon chest,same-id-same-name
24876,24876,RESERVED SPRITE,same-id-same-name
24877,24877,dragon chest,same-id-same-name
24878,24878,RESERVED SPRITE,same-id-same-name
24887,24887,RESERVED SPRITE,same-id-same-name
24888,24888,platform rising from water,same-id-same-name
24889,24889,platform rising into water,same-id-same-name
24890,24890,platform rising from water,same-id-same-name
24903,24903,closed door,same-id-same-name
24912,24912,RESERVED SPRITE,same-id-same-name
24926,24926,monument,same-id-same-name
24927,24927,dead lloyd,same-id-same-name
24928,24928,remains of an observer eye,same-id-same-name
24929,24929,lightsphere,same-id-same-name
24930,24930,lit lightsphere,same-id-same-name
24931,24931,RESERVED SPRITE,same-id-same-name
24932,24932,unknown teleport,same-id-same-name
24933,24933,large glowing emerald,same-id-same-name
24934,24934,large glowing ruby,same-id-same-name
24935,24935,large glowing sapphire,same-id-same-name
24936,24936,large glowing amethyst,same-id-same-name
24937,24937,dragon blood,same-id-same-name
24938,24938,dragon tongue,same-id-same-name
24939,24939,scale of Gelidrazah,same-id-same-name
24940,24940,tooth of Tazhadur,same-id-same-name
24941,24941,horn of Kalyassa,same-id-same-name
24942,24942,bones of Zorvorax,same-id-same-name
24947,24947,old map,same-id-same-name
24948,24948,bottle of Tibian Wine,same-id-same-name
24949,24949,costume bag,same-id-same-name
24950,24950,framed birthday card,same-id-same-name
24951,24951,gilded birthday cup,same-id-same-name
24952,24952,dark stone,same-id-same-name
24953,24953,RESERVED SPRITE,same-id-same-name
24960,24960,astral shaper rune,same-id-same-name
24961,24961,tiger eye,same-id-same-name
24962,24962,prismatic quartz,same-id-same-name
24963,24963,wasted time,same-id-same-name
24964,24964,imbuing crystal,same-id-same-name
24965,24965,thorn seed,same-id-same-name
24966,24966,forbidden fruit,same-id-same-name
24967,24967,dragon crown,same-id-same-name
24968,24968,golden talon,same-id-same-name
24969,24969,ancient watch,same-id-same-name
24970,24970,frozen time,same-id-same-name
24971,24971,forbidden tome,same-id-same-name
24972,24972,key to knowledge,same-id-same-name
24973,24973,shadow mask,same-id-same-name
24974,24974,shadow paint,same-id-same-name
24975,24975,astral source,same-id-same-name
24976,24976,astral glyph,same-id-same-name
24977,24977,glowing carrot,same-id-same-name
24978,24978,coal eyes,same-id-same-name
25015,25015,ramp,same-id-same-name
25016,25016,ramp,same-id-same-name
25017,25017,ramp,same-id-same-name
25018,25018,ramp,same-id-same-name
25019,25019,ramp,same-id-same-name
25020,25020,ramp,same-id-same-name
25021,25021,ramp,same-id-same-name
25022,25022,ramp,same-id-same-name
25037,25037,dragon lair wall,same-id-same-name
25046,25046,lush meadow,same-id-same-name
25059,25059,inert astral shaper rune,same-id-same-name
25062,25062,Pinata Dragon,same-id-same-name
25063,25063,dead Pinata Dragon,same-id-same-name
25064,25064,dead Pinata Dragon,same-id-same-name
25065,25065,dead Dragonking Zyrtarch,same-id-same-name
25066,25066,dead Dragonking Zyrtarch,same-id-same-name
25067,25067,dead Dragonking Zyrtarch,same-id-same-name
25068,25068,dead shaper,same-id-same-name
25069,25069,dead shaper,same-id-same-name
25070,25070,dead shaper,same-id-same-name
25071,25071,dead shaper matriarch,same-id-same-name
25072,25072,dead shaper matriarch,same-id-same-name
25073,25073,dead shaper matriarch,same-id-same-name
25074,25074,remains of an orclops ravager,same-id-same-name
25075,25075,remains of an orclops ravager,same-id-same-name
25076,25076,remains of an orclops ravager,same-id-same-name
25077,25077,egg,same-id-same-name
25078,25078,remains of an orclops doomhauler,same-id-same-name
25080,25080,remains of an orclops doomhauler,same-id-same-name
25081,25081,remains of an orclops doomhauler,same-id-same-name
25082,25082,remains of a stone rhino,same-id-same-name
25083,25083,remains of a stone rhino,same-id-same-name
25084,25084,remains of a stone rhino,same-id-same-name
25085,25085,remains of time guardian,same-id-same-name
25086,25086,remains of time guardian,same-id-same-name
25087,25087,egg,same-id-same-name
25088,25088,porcelain mask,same-id-same-name
25089,25089,colourful feathers,same-id-same-name
25090,25090,unknown item (tile),same-id-same-name
25103,25103,imbuing shrine,same-id-same-name
25104,25104,imbuing shrine,same-id-same-name
25130,25130,RESERVED SPRITE,same-id-same-name
25131,25131,unknown corpse,same-id-same-name
25132,25132,unknown corpse,same-id-same-name
25133,25133,unknown corpse,same-id-same-name
25134,25134,unknown corpse,same-id-same-name
25141,25141,unknown item,same-id-same-name
25142,25142,dragon lair wall,same-id-same-name
25174,25174,imbuing shrine,same-id-same-name
25175,25175,imbuing shrine,same-id-same-name
25182,25182,gilded imbuing shrine,same-id-same-name
25183,25183,gilded imbuing shrine,same-id-same-name
25185,25185,dead ice dragon,same-id-same-name
25186,25186,dead Dragon Warden,same-id-same-name
25187,25187,dead Tazhadur,same-id-same-name
25188,25188,dead Kalyassa,same-id-same-name
25189,25189,dead ice dragon,same-id-same-name
25190,25190,dead ice dragon,same-id-same-name
25191,25191,dead Dragon Warden,same-id-same-name
25192,25192,dead Dragon Warden,same-id-same-name
25193,25193,dead Tazhadur,same-id-same-name
25194,25194,dead Tazhadur,same-id-same-name
25195,25195,dead Kalyassa,same-id-same-name
25196,25196,dead Kalyassa,same-id-same-name
25197,25197,RESERVED SPRITE,same-id-same-name
25200,25200,unknown item,same-id-same-name
25216,25216,blooming cactus,same-id-same-name
25217,25217,bitter-smack leaf,same-id-same-name
25218,25218,pink roses,same-id-same-name
25219,25219,red roses,same-id-same-name
25220,25220,yellow roses,same-id-same-name
25221,25221,vengothic chair,same-id-same-name
25222,25222,vengothic chair,same-id-same-name
25223,25223,vengothic chair,same-id-same-name
25224,25224,vengothic chair,same-id-same-name
25225,25225,vengothic table,same-id-same-name
25226,25226,vengothic table,same-id-same-name
25227,25227,vengothic cabinet,same-id-same-name
25228,25228,vengothic cabinet,same-id-same-name
25229,25229,vengothic chest,same-id-same-name
25230,25230,vengothic chest,same-id-same-name
25231,25231,vengothic chest,same-id-same-name
25232,25232,vengothic chest,same-id-same-name
25233,25233,lit vengothic lamp,same-id-same-name
25234,25234,dead animated mummy,same-id-same-name
25235,25235,book with old legends,same-id-same-name
25236,25236,weeping stone,same-id-same-name
25237,25237,weeping stone,same-id-same-name
25238,25238,fur of a wolf whelp,same-id-same-name
25239,25239,book with old legends,same-id-same-name
25240,25240,bench,same-id-same-name
25241,25241,dead war wolf,same-id-same-name
25242,25242,notes of a poacher,same-id-same-name
25243,25243,crate,same-id-same-name
25244,25244,tattered swan feather,same-id-same-name
25295,25295,fae talisman,same-id-same-name
25296,25296,rubbish amulet,same-id-same-name
25297,25297,glowing rubbish amulet,same-id-same-name
25302,25302,present,same-id-same-name
25303,25303,milk tooth,same-id-same-name
25304,25304,pink fluid,same-id-same-name
25305,25305,tool for analyzing fluids,same-id-same-name
25306,25306,loupe,same-id-same-name
25331,25331,mushroom house,same-id-same-name
25332,25332,mushroom house,same-id-same-name
25360,25360,heart of the mountain,same-id-same-name
25361,25361,blood of the mountain,same-id-same-name
25381,25381,dancing dawn maiden,same-id-same-name
25382,25382,twilight candles,same-id-same-name
25405,25405,sentient oak,same-id-same-name
25406,25406,sentient oak,same-id-same-name
25407,25407,sentient oak,same-id-same-name
25410,25410,water-filled stump,same-id-same-name
25411,25411,fairy fountain,same-id-same-name
25444,25444,blue snail,same-id-same-name
25445,25445,swan,same-id-same-name
25509,25509,fountain,same-id-same-name
25510,25510,waterfall,same-id-same-name
25625,25625,stone wall,same-id-same-name
25626,25626,RESERVED SPRITE,same-id-same-name
25627,25627,stone wall,same-id-same-name
25628,25628,RESERVED SPRITE,same-id-same-name
25631,25631,fly agaric,same-id-same-name
25643,25643,small stones,same-id-same-name
25660,25660,basin,same-id-same-name
25661,25661,empty basin,same-id-same-name
25687,25687,document,same-id-same-name
25688,25688,RESERVED SPRITE,same-id-same-name
25689,25689,golden brush,same-id-same-name
25690,25690,unknown item,same-id-same-name
25691,25691,wild flowers,same-id-same-name
25692,25692,fresh fruit,same-id-same-name
25693,25693,shimmering beetles,same-id-same-name
25694,25694,fairy wings,same-id-same-name
25695,25695,dandelion seeds,same-id-same-name
25696,25696,colourful snail shell,same-id-same-name
25697,25697,green bandage,same-id-same-name
25698,25698,butterfly ring,same-id-same-name
25699,25699,wooden spellbook,same-id-same-name
25700,25700,dream blossom staff,same-id-same-name
25701,25701,single human eye,same-id-same-name
25702,25702,little bowl of myrrh,same-id-same-name
25703,25703,dead lava,same-id-same-name
25706,25706,stuffed ogre brute,same-id-same-name
25707,25707,stuffed ogre savage,same-id-same-name
25708,25708,stuffed ogre shaman,same-id-same-name
25709,25709,stuffed cyclops,same-id-same-name
25710,25710,debris,same-id-same-name
25711,25711,stuffed guzzlemaw,same-id-same-name
25712,25712,stuffed rotworm,same-id-same-name
25713,25713,stuffed mummy,same-id-same-name
25716,25716,stuffed clomp,same-id-same-name
25717,25717,brown vortex,same-id-same-name
25718,25718,temple teleport scroll,same-id-same-name
25719,25719,temporary gold converter,same-id-same-name
25720,25720,reward shrine,same-id-same-name
25721,25721,reward shrine,same-id-same-name
25722,25722,shiny reward shrine,same-id-same-name
25723,25723,shiny reward shrine,same-id-same-name
25724,25724,stuffed moohtant,same-id-same-name
25725,25725,stuffed skunk,same-id-same-name
25726,25726,unknown item,same-id-same-name
25729,25729,dark moon mirror,same-id-same-name
25730,25730,lit moon mirror,same-id-same-name
25731,25731,empty starlight vial,same-id-same-name
25732,25732,gleaming starlight vial,same-id-same-name
25733,25733,dark sun catcher,same-id-same-name
25734,25734,shining sun catcher,same-id-same-name
25735,25735,leaf star,same-id-same-name
25736,25736,swan feathers,same-id-same-name
25737,25737,rainbow quartz,same-id-same-name
25742,25742,fig leaf,same-id-same-name
25743,25743,bed of nails,same-id-same-name
25744,25744,torn shirt,same-id-same-name
25745,25745,guidebook,same-id-same-name
25746,25746,broken compass,same-id-same-name
25747,25747,fairy,same-id-same-name
25748,25748,free fairy,same-id-same-name
25749,25749,unknown item,same-id-same-name
25750,25750,fairy,same-id-same-name
25751,25751,wood tile,same-id-same-name
25755,25755,RESERVED SPRITE,same-id-same-name
25756,25756,energized tile,same-id-same-name
25757,25757,diamond arrow,same-id-same-name
25758,25758,spectral bolt,same-id-same-name
25759,25759,royal star,same-id-same-name
25760,25760,wand of darkness,same-id-same-name
25761,25761,unknown tile,same-id-same-name
25762,25762,tree container,same-id-same-name
25763,25763,dead barkless,same-id-same-name
25764,25764,dead barkless,same-id-same-name
25765,25765,dead barkless,same-id-same-name
25766,25766,dead barkless,same-id-same-name
25767,25767,cult object,same-id-same-name
25768,25768,gong,same-id-same-name
25773,25773,fragile torch bearer,same-id-same-name
25774,25774,guilt,same-id-same-name
25777,25777,remains of a decaying soul,same-id-same-name
25778,25778,remains of a withering soul,same-id-same-name
25779,25779,swan feather cloak,same-id-same-name
25780,25780,blossom bag,same-id-same-name
25781,25781,RESERVED SPRITE,same-id-same-name
25782,25782,magical music notes,same-id-same-name
25783,25783,raven herb bush,same-id-same-name
25794,25794,cult object,same-id-same-name
25795,25795,test wand of voodoo,same-id-same-name
25796,25796,dancing fairy,same-id-same-name
25797,25797,free fairy,same-id-same-name
25804,25804,dead nymph,same-id-same-name
25805,25805,dead nymph,same-id-same-name
25806,25806,dead nymph,same-id-same-name
25807,25807,dead nymph,same-id-same-name
25808,25808,dead pixie,same-id-same-name
25809,25809,dead pixie,same-id-same-name
25810,25810,dead pixie,same-id-same-name
25811,25811,dead pixie,same-id-same-name
25812,25812,dead faun,same-id-same-name
25813,25813,dead faun,same-id-same-name
25814,25814,dead faun,same-id-same-name
25815,25815,dead faun,same-id-same-name
25816,25816,dead boogy,same-id-same-name
25817,25817,dead boogy,same-id-same-name
25818,25818,dead boogy,same-id-same-name
25819,25819,dead boogy,same-id-same-name
25820,25820,dead pooka,same-id-same-name
25821,25821,dead pooka,same-id-same-name
25822,25822,dead pooka,same-id-same-name
25823,25823,dead pooka,same-id-same-name
25824,25824,dead twisted pooka,same-id-same-name
25825,25825,dead twisted pooka,same-id-same-name
25826,25826,dead twisted pooka,same-id-same-name
25827,25827,dead twisted pooka,same-id-same-name
25828,25828,feathers of a dead swan maidenn,same-id-same-name
25829,25829,feathers of a dead swan maiden,same-id-same-name
25830,25830,feathers of a dead swan maiden,same-id-same-name
25831,25831,feathers of a dead swan maiden,same-id-same-name
25839,25839,dead putrid mummy,same-id-same-name
25840,25840,dead putrid mummy,same-id-same-name
25841,25841,dead putrid mummy,same-id-same-name
25842,25842,dead putrid mummy,same-id-same-name
25843,25843,dead minotaur idol,same-id-same-name
25844,25844,dead minotaur idol,same-id-same-name
25845,25845,dead minotaur idol,same-id-same-name
25846,25846,dead minotaur idol,same-id-same-name
25863,25863,dead the sandking,same-id-same-name
25864,25864,dead the sandking,same-id-same-name
25865,25865,dead the sandking,same-id-same-name
25866,25866,dead the sandking,same-id-same-name
25879,25879,health cask,same-id-same-name
25880,25880,strong health cask,same-id-same-name
25881,25881,great health cask,same-id-same-name
25882,25882,ultimate health cask,same-id-same-name
25883,25883,supreme health cask,same-id-same-name
25889,25889,mana cask,same-id-same-name
25890,25890,strong mana cask,same-id-same-name
25891,25891,great mana cask,same-id-same-name
25892,25892,ultimate mana cask,same-id-same-name
25893,25893,supreme mana cask,same-id-same-name
25899,25899,great spirit cask,same-id-same-name
25900,25900,ultimate spirit cask,same-id-same-name
25903,25903,health keg,same-id-same-name
25904,25904,strong health keg,same-id-same-name
25905,25905,great health keg,same-id-same-name
25906,25906,ultimate health keg,same-id-same-name
25907,25907,supreme health keg,same-id-same-name
25908,25908,mana keg,same-id-same-name
25909,25909,strong mana keg,same-id-same-name
25910,25910,great mana keg,same-id-same-name
25911,25911,ultimate mana keg,same-id-same-name
25912,25912,supreme mana keg,same-id-same-name
25913,25913,great spririt keg,same-id-same-name
25914,25914,ultimate spirit keg,same-id-same-name
25915,25915,fiery spike sword replica,same-id-same-name
25916,25916,fiery relic sword replica,same-id-same-name
25917,25917,fiery mystic blade replica,same-id-same-name
25918,25918,fire blacksteel replica,same-id-same-name
25919,25919,fiery dragon slayer replica,same-id-same-name
25920,25920,fiery barbarian axe replica,same-id-same-name
25921,25921,fiery knight axe replica,same-id-same-name
25922,25922,fiery heroic axe replica,same-id-same-name
25923,25923,fiery headchopper replica,same-id-same-name
25924,25924,fiery war axe replica,same-id-same-name
25925,25925,fiery clerical mace replica,same-id-same-name
25926,25926,fiery crystal mace replica,same-id-same-name
25927,25927,fiery basher replica,same-id-same-name
25928,25928,fiery orcish maul replica,same-id-same-name
25929,25929,fiery war hammer replica,same-id-same-name
25930,25930,icy spike sword replica,same-id-same-name
25931,25931,icy relic sword replica,same-id-same-name
25932,25932,icy mystic blade replica,same-id-same-name
25933,25933,icy blacksteel replica,same-id-same-name
25934,25934,icy dragon slayer replica,same-id-same-name
25935,25935,icy barbarian axe replica,same-id-same-name
25936,25936,icy knight axe replica,same-id-same-name
25937,25937,icy heroic axe replica,same-id-same-name
25938,25938,icy headchopper replica,same-id-same-name
25939,25939,icy war axe replica,same-id-same-name
25940,25940,icy clerical mace replica,same-id-same-name
25941,25941,icy crystal mace replica,same-id-same-name
25942,25942,icy cranial basher replica,same-id-same-name
25943,25943,icy orcish maul replica,same-id-same-name
25944,25944,icy war hammer replica,same-id-same-name
25945,25945,earth spike sword replica,same-id-same-name
25946,25946,earth relic sword replica,same-id-same-name
25947,25947,earth mystic blade replica,same-id-same-name
25948,25948,earth blacksteel replica,same-id-same-name
25949,25949,earth slayer replica,same-id-same-name
25950,25950,earth barbaric axe replica,same-id-same-name
25951,25951,earth knight axe replica,same-id-same-name
25952,25952,earth heroic axe replica,same-id-same-name
25953,25953,earth headchopper replica,same-id-same-name
25954,25954,earth war axe replica,same-id-same-name
25955,25955,earth cleric mace replica,same-id-same-name
25956,25956,earth crystal mace replica,same-id-same-name
25957,25957,earth basher replica,same-id-same-name
25958,25958,earth orcish maul replica,same-id-same-name
25959,25959,earth war hammer replica,same-id-same-name
25960,25960,energy spike sword replica,same-id-same-name
25961,25961,energy relic sword replica,same-id-same-name
25962,25962,energy blade replica,same-id-same-name
25963,25963,energy blacksteel replica,same-id-same-name
25964,25964,energy slayer replica,same-id-same-name
25965,25965,energy axe replica,same-id-same-name
25966,25966,energy knight axe replica,same-id-same-name
25967,25967,energy heroic axe replica,same-id-same-name
25968,25968,energy headchopper replica,same-id-same-name
25969,25969,energy war axe replica,same-id-same-name
25970,25970,energy cleric mace replica,same-id-same-name
25971,25971,energy mace replica,same-id-same-name
25972,25972,energy basher replica,same-id-same-name
25973,25973,energy orcish maul replica,same-id-same-name
25974,25974,energy war hammer replica,same-id-same-name
25975,25975,moon mirror,same-id-same-name
25976,25976,starlight vial,same-id-same-name
25977,25977,sun catcher,same-id-same-name
25979,25979,draken doll,same-id-same-name
25980,25980,emblem,same-id-same-name
25981,25981,crimson doll,same-id-same-name
25982,25982,mathmaster shield,same-id-same-name
25983,25983,plain mayhem blade,same-id-same-name
25984,25984,valuable mayhem blade,same-id-same-name
25985,25985,ornate mayhem blade,same-id-same-name
25986,25986,plain mayhem slayer,same-id-same-name
25987,25987,valuable mayhem slayer,same-id-same-name
25988,25988,ornate mayhem slayer,same-id-same-name
25989,25989,plain mayhem axe,same-id-same-name
25990,25990,valuable mayhem axe,same-id-same-name
25991,25991,ornate mayhem axe,same-id-same-name
25992,25992,plain mayhem chopper,same-id-same-name
25993,25993,valuable mayhem chopper,same-id-same-name
25994,25994,ornate mayhem chopper,same-id-same-name
25995,25995,plain mayhem mace,same-id-same-name
25996,25996,valuable mayhem mace,same-id-same-name
25997,25997,ornate mayhem mace,same-id-same-name
25998,25998,plain mayhem hammer,same-id-same-name
25999,25999,valuable mayhem hammer,same-id-same-name
26000,26000,ornate mayhem hammer,same-id-same-name
26001,26001,plain mayhem bow,same-id-same-name
26002,26002,valuable mayhem bow,same-id-same-name
26003,26003,ornate mayhem bow,same-id-same-name
26004,26004,plain mayhem crossbow,same-id-same-name
26005,26005,valuable mayhem crossbow,same-id-same-name
26006,26006,ornate mayhem crossbow,same-id-same-name
26007,26007,plain mayhem wand,same-id-same-name
26008,26008,valuable mayhem wand,same-id-same-name
26009,26009,ornate mayhem wand,same-id-same-name
26010,26010,plain mayhem rod,same-id-same-name
26011,26011,valuable mayhem rod,same-id-same-name
26012,26012,ornate mayhem rod,same-id-same-name
26014,26014,plain remedy blade,same-id-same-name
26015,26015,valuable remedy blade,same-id-same-name
26016,26016,ornate remedy blade,same-id-same-name
26017,26017,plain remedy slayer,same-id-same-name
26018,26018,valuable remedy slayer,same-id-same-name
26019,26019,ornate remedy slayer,same-id-same-name
26020,26020,plain remedy axe,same-id-same-name
26021,26021,valuable remedy axe,same-id-same-name
26022,26022,ornate remedy axe,same-id-same-name
26023,26023,plain remedy chopper,same-id-same-name
26024,26024,valuable remedy chopper,same-id-same-name
26025,26025,ornate remedy chopper,same-id-same-name
26026,26026,plain remedy mace,same-id-same-name
26027,26027,valuable remedy mace,same-id-same-name
26028,26028,ornate remedy mace,same-id-same-name
26029,26029,plain remedy hammer,same-id-same-name
26030,26030,valuable remedy hammer,same-id-same-name
26031,26031,ornate remedy hammer,same-id-same-name
26032,26032,plain remedy bow,same-id-same-name
26033,26033,valuable remedy bow,same-id-same-name
26034,26034,ornate remedy bow,same-id-same-name
26035,26035,plain remedy crossbow,same-id-same-name
26036,26036,valuable remedy crossbow,same-id-same-name
26037,26037,ornate remedy crossbow,same-id-same-name
26038,26038,plain remedy wand,same-id-same-name
26039,26039,valuable remedy wand,same-id-same-name
26040,26040,ornate remedy wand,same-id-same-name
26041,26041,plain remedy rod,same-id-same-name
26042,26042,valuable remedy rod,same-id-same-name
26043,26043,ornate remedy rod,same-id-same-name
26044,26044,plain carving blade,same-id-same-name
26045,26045,valuable carving blade,same-id-same-name
26046,26046,ornate carving blade,same-id-same-name
26047,26047,plain carving slayer,same-id-same-name
26048,26048,valuable carving slayer,same-id-same-name
26049,26049,ornate carving slayer,same-id-same-name
26050,26050,plain carving axe,same-id-same-name
26051,26051,valuable carving axe,same-id-same-name
26052,26052,ornate carving axe,same-id-same-name
26053,26053,plain carving chopper,same-id-same-name
26054,26054,valuable carving chopper,same-id-same-name
26055,26055,ornate carving chopper,same-id-same-name
26056,26056,plain carving mace,same-id-same-name
26057,26057,valuable carving mace,same-id-same-name
26058,26058,ornate carving mace,same-id-same-name
26059,26059,plain carving hammer,same-id-same-name
26060,26060,valuable carving hammer,same-id-same-name
26061,26061,ornate carving hammer,same-id-same-name
26062,26062,plain carving bow,same-id-same-name
26063,26063,valuable carving bow,same-id-same-name
26064,26064,ornate carving bow,same-id-same-name
26065,26065,plain carving crossbow,same-id-same-name
26066,26066,valuable carving crossbow,same-id-same-name
26067,26067,ornate carving crossbow,same-id-same-name
26068,26068,plain carving wand,same-id-same-name
26069,26069,valuable carving wand,same-id-same-name
26070,26070,ornate carving wand,same-id-same-name
26071,26071,plain carving rod,same-id-same-name
26072,26072,valuable carving rod,same-id-same-name
26073,26073,ornate carving rod,same-id-same-name
26074,26074,blessed acorn,same-id-same-name
26075,26075,unknown corpse,same-id-same-name
26078,26078,spider in a terrarium,same-id-same-name
26079,26079,spider in a terrarium,same-id-same-name
26080,26080,spider in a terrarium,same-id-same-name
26081,26081,hrodmiran weapons rack,same-id-same-name
26082,26082,hrodmiran weapons rack,same-id-same-name
26083,26083,hrodmiran weapons rack,same-id-same-name
26084,26084,hrodmiran weapons rack,same-id-same-name
26087,26087,bath tub,same-id-same-name
26088,26088,verdant bed,same-id-same-name
26089,26089,verdant bed,same-id-same-name
26090,26090,verdant bed,same-id-same-name
26091,26091,verdant bed,same-id-same-name
26092,26092,verdant bed,same-id-same-name
26093,26093,verdant bed,same-id-same-name
26094,26094,verdant bed,same-id-same-name
26095,26095,verdant bed,same-id-same-name
26096,26096,verdant bed,same-id-same-name
26097,26097,verdant bed,same-id-same-name
26098,26098,verdant bed,same-id-same-name
26099,26099,verdant bed,same-id-same-name
26100,26100,bath tub,same-id-same-name
26101,26101,verdant chair,same-id-same-name
26102,26102,verdant chair,same-id-same-name
26103,26103,verdant chair,same-id-same-name
26104,26104,verdant chair,same-id-same-name
26105,26105,verdant cabinet,same-id-same-name
26106,26106,verdant cabinet,same-id-same-name
26107,26107,verdant trunk,same-id-same-name
26108,26108,verdant trunk,same-id-same-name
26109,26109,verdant trunk,same-id-same-name
26110,26110,verdant trunk,same-id-same-name
26111,26111,verdant table,same-id-same-name
26112,26112,venorean table clock,same-id-same-name
26113,26113,venorean table clock,same-id-same-name
26114,26114,rolled-up verdant carpet,same-id-same-name
26115,26115,verdant carpet,same-id-same-name
26116,26116,rolled-up shaggy carpet,same-id-same-name
26117,26117,shaggy carpet,same-id-same-name
26118,26118,rolled-up mystic carpet,same-id-same-name
26119,26119,mystic carpet,same-id-same-name
26120,26120,pile of stone tiles,same-id-same-name
26121,26121,stone tiles,same-id-same-name
26122,26122,pile of wooden planks,same-id-same-name
26123,26123,wooden planks,same-id-same-name
26124,26124,unknown corpse (skeleton),same-id-same-name
26133,26133,dead boss,same-id-same-name
26134,26134,dead boss,same-id-same-name
26135,26135,dead boss,same-id-same-name
26143,26143,small stones,same-id-same-name
26150,26150,wheat carpet,same-id-same-name
26151,26151,rolled-up wheat carpet,same-id-same-name
26156,26156,ornate chair,same-id-same-name
26157,26157,ornate chair,same-id-same-name
26158,26158,ornate chair,same-id-same-name
26159,26159,ornate chair,same-id-same-name
26160,26160,ornate table,same-id-same-name
26161,26161,ornate table,same-id-same-name
26162,26162,ornate cabinet,same-id-same-name
26163,26163,ornate cabinet,same-id-same-name
26164,26164,ornate chest,same-id-same-name
26165,26165,ornate chest,same-id-same-name
26166,26166,ornate chest,same-id-same-name
26167,26167,ornate chest,same-id-same-name
26169,26169,terrarium,same-id-same-name
26170,26170,terrarium,same-id-same-name
26173,26173,demon,same-id-same-name
26174,26174,demon,same-id-same-name
26175,26175,demon,same-id-same-name
26176,26176,demon,same-id-same-name
26179,26179,demon,same-id-same-name
26180,26180,demon,same-id-same-name
26181,26181,swan feather,same-id-same-name
26186,26186,mystery box,same-id-same-name
26187,26187,leaf crown,same-id-same-name
26188,26188,iron crown,same-id-same-name
26189,26189,incandescent crown,same-id-same-name
26190,26190,reflecting crown,same-id-same-name
26191,26191,your magical tree,same-id-same-name
26192,26192,your magical tree,same-id-same-name
26193,26193,your magical tree,same-id-same-name
26194,26194,your magical tree,same-id-same-name
27232,27232,RESERVED SPRITE,same-id-same-name
27233,27233,stone wall,same-id-same-name
27236,27236,stone wall,same-id-same-name
27239,27239,stone wall,same-id-same-name
27242,27242,stone wall,same-id-same-name
27259,27259,RESERVED SPRITE,same-id-same-name
27269,27269,forged key,same-id-same-name
27270,27270,metal file,same-id-same-name
27301,27301,rare earth,same-id-same-name
27306,27306,unknown item,same-id-same-name
27307,27307,gnome trignometre,same-id-same-name
27308,27308,gnome chart,same-id-same-name
27366,27366,makeshift home,same-id-same-name
27367,27367,dead makeshift home,same-id-same-name
27368,27368,dead makeshift home,same-id-same-name
27369,27369,half-digested stones,same-id-same-name
27370,27370,hastily scribbled note,same-id-same-name
27371,27371,piece of parchment,same-id-same-name
27372,27372,piece of parchment,same-id-same-name
27443,27443,piece of parchment,same-id-same-name
27444,27444,gold nuggets,same-id-same-name
27445,27445,silver nuggets,same-id-same-name
27446,27446,gold dust,same-id-same-name
27447,27447,silver dust,same-id-same-name
27448,27448,bookcase,same-id-same-name
27449,27449,blade of destruction,same-id-same-name
27450,27450,slayer of destruction,same-id-same-name
27451,27451,axe of destruction,same-id-same-name
27452,27452,chopper of destruction,same-id-same-name
27453,27453,mace of destruction,same-id-same-name
27454,27454,hammer of destruction,same-id-same-name
27455,27455,bow of destruction,same-id-same-name
27456,27456,crossbow of destruction,same-id-same-name
27457,27457,wand of destruction,same-id-same-name
27458,27458,rod of destruction,same-id-same-name
27459,27459,shadow bite plant,same-id-same-name
27460,27460,shadow bite berries,same-id-same-name
27461,27461,nightshade distillate,same-id-same-name
27462,27462,fox paw,same-id-same-name
27463,27463,werefox tail,same-id-same-name
27464,27464,stone tablet with ley lines,same-id-same-name
27465,27465,crimson nightshade blossoms,same-id-same-name
27478,27478,stone wall,same-id-same-name
27488,27488,gold nugget,same-id-same-name
27489,27489,silver nugget,same-id-same-name
27490,27490,unknown corpse (skeleton),same-id-same-name
27491,27491,explosive barrel,same-id-same-name
27492,27492,explosive barrel,same-id-same-name
27493,27493,lever,same-id-same-name
27494,27494,dead diremaw,same-id-same-name
27495,27495,dead diremaw,same-id-same-name
27496,27496,dead diremaw,same-id-same-name
27497,27497,dead diremaw,same-id-same-name
27498,27498,gnomish pesticides,same-id-same-name
27499,27499,golden symbol of Suon,same-id-same-name
27500,27500,crude lava pump,same-id-same-name
27509,27509,heavy crystal fragment,same-id-same-name
27510,27510,hollow geode,same-id-same-name
27511,27511,cube,same-id-same-name
27514,27514,dead fox,same-id-same-name
27515,27515,dead fox,same-id-same-name
27516,27516,dead fox,same-id-same-name
27517,27517,dead fox,same-id-same-name
27518,27518,dead werefox,same-id-same-name
27519,27519,dead werefox,same-id-same-name
27520,27520,dead werefox,same-id-same-name
27521,27521,dead werefox,same-id-same-name
27522,27522,blue spectacles,same-id-same-name
27523,27523,strange mallet,same-id-same-name
27524,27524,mallet head,same-id-same-name
27525,27525,mallet handle,same-id-same-name
27526,27526,mallet pommel,same-id-same-name
27534,27534,dead stonerefiner,same-id-same-name
27535,27535,dead stonerefiner,same-id-same-name
27536,27536,dead stonerefiner,same-id-same-name
27537,27537,dead stonerefiner,same-id-same-name
27542,27542,dead deepworm,same-id-same-name
27543,27543,dead deepworm,same-id-same-name
27544,27544,dead deepworm,same-id-same-name
27545,27545,dead deepworm,same-id-same-name
27546,27546,RESERVED SPRITE,same-id-same-name
27547,27547,opticorder rectifier,same-id-same-name
27552,27552,dead tunnel tyrant,same-id-same-name
27553,27553,dead tunnel tyrant,same-id-same-name
27554,27554,dead tunnel tyrant,same-id-same-name
27555,27555,dead tunnel tyrant,same-id-same-name
27556,27556,dead cave devourer,same-id-same-name
27557,27557,dead cave devourer,same-id-same-name
27558,27558,dead cave devourer,same-id-same-name
27559,27559,dead cave devourer,same-id-same-name
27560,27560,dead chasm spawn,same-id-same-name
27561,27561,dead chasm spawn,same-id-same-name
27562,27562,dead chasm spawn,same-id-same-name
27563,27563,dead chasm spawn,same-id-same-name
27564,27564,RESERVED SPRITE,same-id-same-name
27565,27565,foxtail amulet,same-id-same-name
27582,27582,unknown corpse,same-id-same-name
27586,27586,unknown corpse,same-id-same-name
27587,27587,RESERVED SPRITE,same-id-same-name
27588,27588,opticorder rectifier,same-id-same-name
27591,27591,santa fox,same-id-same-name
27592,27592,deepworm spikes,same-id-same-name
27593,27593,deepworm spike roots,same-id-same-name
27594,27594,deepworm jaws,same-id-same-name
27595,27595,tunnel tyrant head,same-id-same-name
27596,27596,tunnel tyrant shell,same-id-same-name
27597,27597,diremaw brainpan,same-id-same-name
27598,27598,diremaw legs,same-id-same-name
27599,27599,cave devourer eyes,same-id-same-name
27600,27600,cave devourer maw,same-id-same-name
27601,27601,cave devourer legs,same-id-same-name
27602,27602,chasm spawn head,same-id-same-name
27603,27603,chasm spawn abdomen,same-id-same-name
27604,27604,chasm spawn tail,same-id-same-name
27605,27605,candle stump,same-id-same-name
27606,27606,stonerefiner's skull,same-id-same-name
27607,27607,withered pauldrons,same-id-same-name
27608,27608,withered scalp,same-id-same-name
27609,27609,RESERVED SPRITE,same-id-same-name
27610,27610,dead Last Planegazer,same-id-same-name
27611,27611,dead Last Planegazer,same-id-same-name
27612,27612,dead Last Planegazer,same-id-same-name
27613,27613,dead Last Planegazer,same-id-same-name
27614,27614,reflection of Mawhawk,same-id-same-name
27615,27615,reflection of a Mage,same-id-same-name
27616,27616,reflection of Obujos,same-id-same-name
27617,27617,Last Planegazer,same-id-same-name
27618,27618,pristine worm head,same-id-same-name
27619,27619,giant tentacle,same-id-same-name
27620,27620,damaged worm head,same-id-same-name
27621,27621,huge shell,same-id-same-name
27622,27622,chitinous mouth,same-id-same-name
27623,27623,slimy leg,same-id-same-name
27624,27624,longing eyes,same-id-same-name
27625,27625,harpoon of a giant snail,same-id-same-name
27626,27626,chitinous mouth,same-id-same-name
27627,27627,huge spiky snail shell,same-id-same-name
27628,27628,ramp,same-id-same-name
27629,27629,ramp,same-id-same-name
27630,27630,dead The Baron From Below,same-id-same-name
27631,27631,dead The Baron From Below,same-id-same-name
27632,27632,dead The Baron From Below,same-id-same-name
27633,27633,dead The Baron From Below,same-id-same-name
27634,27634,dead The Count Of The Core,same-id-same-name
27635,27635,dead The Count Of The Core,same-id-same-name
27636,27636,dead The Count Of The Core,same-id-same-name
27637,27637,dead The Count Of The Core,same-id-same-name
27638,27638,dead The Duke Of The Depths,same-id-same-name
27639,27639,dead The Duke Of The Depths,same-id-same-name
27640,27640,dead The Duke Of The Depths,same-id-same-name
27641,27641,dead The Duke Of The Depths,same-id-same-name
27642,27642,RESERVED SPRITE,same-id-same-name
27643,27643,dead mole,same-id-same-name
27644,27644,dead mole,same-id-same-name
27645,27645,dead mole,same-id-same-name
27646,27646,dead mole,same-id-same-name
27647,27647,gnome helmet,same-id-same-name
27648,27648,gnome armor,same-id-same-name
27649,27649,gnome legs,same-id-same-name
27650,27650,gnome shield,same-id-same-name
27651,27651,gnome sword,same-id-same-name
27652,27652,unknown item,same-id-same-name
27653,27653,suspicious device,same-id-same-name
27654,27654,surprise jar,same-id-same-name
27655,27655,plan for a makeshift armour,same-id-same-name
27656,27656,tinged pot,same-id-same-name
27657,27657,crude wood planks,same-id-same-name
27658,27658,energy portal,same-id-same-name
27661,27661,alchemistic chair,same-id-same-name
27662,27662,alchemistic chair,same-id-same-name
27663,27663,alchemistic cabinet,same-id-same-name
27664,27664,alchemistic cabinet,same-id-same-name
27665,27665,alchemistic table,same-id-same-name
27666,27666,alchemistic table,same-id-same-name
27667,27667,light of change,same-id-same-name
27668,27668,light of change,same-id-same-name
27669,27669,light of change,same-id-same-name
27670,27670,light of change,same-id-same-name
27671,27671,torch of change,same-id-same-name
27672,27672,RESERVED SPRITE,same-id-same-name
27673,27673,torch of change,same-id-same-name
27674,27674,torch of change,same-id-same-name
27675,27675,torch of change,same-id-same-name
27679,27679,alchemistic bookstand,same-id-same-name
27680,27680,alchemistic bookstand,same-id-same-name
27681,27681,alchemistic bookstand,same-id-same-name
27682,27682,alchemistic bookstand,same-id-same-name
27683,27683,alchemistic scales,same-id-same-name
27684,27684,alchemistic scales,same-id-same-name
27685,27685,alchemistic scales,same-id-same-name
27686,27686,alchemistic scales,same-id-same-name
27687,27687,pile of alchemistic books,same-id-same-name
27688,27688,pile of alchemistic books,same-id-same-name
27689,27689,alchemistic cupboard,same-id-same-name
27690,27690,RESERVED SPRITE,same-id-same-name
27691,27691,ferumbras bust,same-id-same-name
27692,27692,ferumbras bust,same-id-same-name
27693,27693,ferumbras bust,same-id-same-name
27694,27694,ferumbras bust,same-id-same-name
27695,27695,Queen Eloise bust,same-id-same-name
27696,27696,Queen Eloise bust,same-id-same-name
27697,27697,gloomy dungeon scene,same-id-same-name
27698,27698,arrival at Thais,same-id-same-name
27699,27699,the streets of Tibia,same-id-same-name
27700,27700,Ferumbras Portrait,same-id-same-name
27701,27701,unknown item,same-id-same-name
27702,27702,King Tibianus bust,same-id-same-name
27703,27703,King Tibianus bust,same-id-same-name
27706,27706,werefox trophy,same-id-same-name
27707,27707,dead cave spider,same-id-same-name
27708,27708,dead cave spider,same-id-same-name
27709,27709,dead cave spider,same-id-same-name
27710,27710,dead cave spider,same-id-same-name
27713,27713,heavy crystal fragment,same-id-same-name
27714,27714,dead black vixen,same-id-same-name
27715,27715,dead black vixen,same-id-same-name
27716,27716,dead black vixen,same-id-same-name
27717,27717,dead black vixen,same-id-same-name
27718,27718,dead bloodback,same-id-same-name
27719,27719,dead bloodback,same-id-same-name
27720,27720,dead bloodback,same-id-same-name
27721,27721,dead bloodback,same-id-same-name
27722,27722,dead shadowpelt,same-id-same-name
27723,27723,dead shadowpelt,same-id-same-name
27724,27724,dead shadowpelt,same-id-same-name
27725,27725,dead shadowpelt,same-id-same-name
27726,27726,RESERVED SPRITE,same-id-same-name
27727,27727,lava,same-id-same-name
27839,27839,joss stick,same-id-same-name
27840,27840,falcon order flag,same-id-same-name
27841,27841,banner,same-id-same-name
27842,27842,banner,same-id-same-name
27847,27847,bony rod,same-id-same-name
27866,27866,tar,same-id-same-name
27867,27867,green energy ball,same-id-same-name
27868,27868,yellow energy ball,same-id-same-name
27869,27869,red energy ball,same-id-same-name
27874,27874,sample of monster blood,same-id-same-name
27875,27875,RESERVED SPRITE,same-id-same-name
27896,27896,bucket of scrolls,same-id-same-name
27897,27897,stack of books,same-id-same-name
27929,27929,book,same-id-same-name
27930,27930,book,same-id-same-name
27931,27931,book,same-id-same-name
27932,27932,sinister book,same-id-same-name
27933,27933,ominous book,same-id-same-name
27934,27934,knowledgeable book,same-id-same-name
28008,28008,twisted column,same-id-same-name
28013,28013,edged column,same-id-same-name
28145,28145,RESERVED SPRITE,same-id-same-name
28168,28168,candles,same-id-same-name
28177,28177,floanting paper,same-id-same-name
28182,28182,enormous ink well,same-id-same-name
28183,28183,unknown item (statue),same-id-same-name
28187,28187,hand of odd,same-id-same-name
28188,28188,scribbler's hand,same-id-same-name
28189,28189,magical gas lamp,same-id-same-name
28201,28201,unknown item (statue),same-id-same-name
28259,28259,RESERVED SPRITE,same-id-same-name
28291,28291,slate floor,same-id-same-name
28356,28356,ramp,same-id-same-name
28357,28357,ramp,same-id-same-name
28358,28358,ramp,same-id-same-name
28359,28359,ramp,same-id-same-name
28360,28360,ramp,same-id-same-name
28361,28361,ramp,same-id-same-name
28363,28363,ramp,same-id-same-name
28364,28364,closed door,same-id-same-name
28365,28365,closed door,same-id-same-name
28366,28366,closed door,same-id-same-name
28367,28367,closed door,same-id-same-name
28461,28461,page from a mystic book,same-id-same-name
28462,28462,unknown object,same-id-same-name
28463,28463,can of grease,same-id-same-name
28464,28464,test weapon for knights ,same-id-same-name
28465,28465,bow of destruction test,same-id-same-name
28466,28466,sorcerer test weapon TEST,same-id-same-name
28467,28467,wall,same-id-same-name
28468,28468,bucket filled with chalk,same-id-same-name
28469,28469,unknown wall,same-id-same-name
28470,28470,slab with a flame,same-id-same-name
28471,28471,slab,same-id-same-name
28472,28472,slab,same-id-same-name
28473,28473,slab with a skull,same-id-same-name
28474,28474,slab with a spiral,same-id-same-name
28475,28475,ornate testtplate,same-id-same-name
28476,28476,lotus key,same-id-same-name
28477,28477,eye key,same-id-same-name
28478,28478,umbral master bow TEST,same-id-same-name
28479,28479,wand of destruction TEST,same-id-same-name
28480,28480,RESERVED SPRITE,same-id-same-name
28481,28481,writing desk,same-id-same-name
28482,28482,writing desk,same-id-same-name
28483,28483,torn book,same-id-same-name
28484,28484,blueberry cupcake,same-id-same-name
28485,28485,strawberry cupcake,same-id-same-name
28486,28486,lemon cupcake,same-id-same-name
28487,28487,RESERVED SPRITE,same-id-same-name
28488,28488,parchment of dark knowledge,same-id-same-name
28489,28489,skull,same-id-same-name
28490,28490,strand of hair,same-id-same-name
28491,28491,piece of ebony,same-id-same-name
28492,28492,bone fiddle without strings,same-id-same-name
28493,28493,bone fiddle,same-id-same-name
28494,28494,silver chimes,same-id-same-name
28495,28495,perfume flacon,same-id-same-name
28499,28499,RESERVED SPRITE,same-id-same-name
28500,28500,wooden wall,same-id-same-name
28515,28515,scribbled notes,same-id-same-name
28517,28517,skeleton,same-id-same-name
28518,28518,old letter,same-id-same-name
28519,28519,closed door,same-id-same-name
28520,28520,open door,same-id-same-name
28524,28524,RESERVED SPRITE,same-id-same-name
28525,28525,magic gold converter,same-id-same-name
28526,28526,magic gold converter,same-id-same-name
28535,28535,ritual figurine,same-id-same-name
28536,28536,exultant ritual figurine,same-id-same-name
28537,28537,ritual sword,same-id-same-name
28538,28538,ritual stone tablet,same-id-same-name
28539,28539,bonelord statue,same-id-same-name
28540,28540,training sword,same-id-same-name
28541,28541,training axe,same-id-same-name
28542,28542,training club,same-id-same-name
28543,28543,training bow,same-id-same-name
28544,28544,training rod,same-id-same-name
28545,28545,training wand,same-id-same-name
28552,28552,exercise sword,same-id-same-name
28553,28553,exercise axe,same-id-same-name
28554,28554,exercise club,same-id-same-name
28555,28555,exercise bow,same-id-same-name
28556,28556,exercise rod,same-id-same-name
28557,28557,exercise wand,same-id-same-name
28558,28558,exercise dummy,same-id-same-name
28559,28559,ferumbras exercise dummy,same-id-same-name
28560,28560,ferumbras exercise dummy,same-id-same-name
28561,28561,demon exercise dummy,same-id-same-name
28562,28562,demon exercise dummy,same-id-same-name
28563,28563,monk exercise dummy,same-id-same-name
28564,28564,monk exercise dummy,same-id-same-name
28565,28565,exercise dummy,same-id-same-name
28566,28566,silken bookmark,same-id-same-name
28567,28567,quill,same-id-same-name
28568,28568,inkwell,same-id-same-name
28569,28569,book page,same-id-same-name
28570,28570,glowing rune,same-id-same-name
28571,28571,book backpack,same-id-same-name
28572,28572,ornate tome,same-id-same-name
28575,28575,slain animated feather,same-id-same-name
28576,28576,slain animated feather,same-id-same-name
28577,28577,slain animated feather,same-id-same-name
28578,28578,slain animated feather,same-id-same-name
28579,28579,dead brain squid,same-id-same-name
28580,28580,dead brain squid,same-id-same-name
28581,28581,dead brain squid,same-id-same-name
28582,28582,dead brain squid,same-id-same-name
28583,28583,slain flying book,same-id-same-name
28584,28584,slain flying book,same-id-same-name
28585,28585,slain flying book,same-id-same-name
28586,28586,slain flying book,same-id-same-name
28587,28587,slain cursed book,same-id-same-name
28588,28588,slain cursed book,same-id-same-name
28589,28589,slain cursed book,same-id-same-name
28590,28590,slain cursed book,same-id-same-name
28595,28595,slain floating savant,same-id-same-name
28596,28596,slain floating savant,same-id-same-name
28597,28597,slain floating savant,same-id-same-name
28598,28598,slain floating savant,same-id-same-name
28599,28599,slain ink blob,same-id-same-name
28600,28600,slain ink blob,same-id-same-name
28601,28601,slain ink blob,same-id-same-name
28602,28602,slain ink blob,same-id-same-name
28603,28603,slain knowledge elemental,same-id-same-name
28604,28604,slain knowledge elemental,same-id-same-name
28605,28605,slain knowledge elemental,same-id-same-name
28606,28606,slain knowledge elemental,same-id-same-name
28607,28607,slain biting book,same-id-same-name
28608,28608,slain biting book,same-id-same-name
28609,28609,slain biting book,same-id-same-name
28610,28610,slain biting book,same-id-same-name
28611,28611,slain librarian,same-id-same-name
28612,28612,slain librarian,same-id-same-name
28613,28613,slain librarian,same-id-same-name
28614,28614,slain librarian,same-id-same-name
28615,28615,dead true midnight asura,same-id-same-name
28616,28616,dead true midnight asura,same-id-same-name
28617,28617,dead true midnight asura,same-id-same-name
28618,28618,dead true midnight asura,same-id-same-name
28619,28619,dead falcon knight,same-id-same-name
28620,28620,dead falcon knight,same-id-same-name
28621,28621,dead falcon knight,same-id-same-name
28622,28622,dead falcon knight,same-id-same-name
28623,28623,dead grand master oberon,same-id-same-name
28624,28624,dead grand master oberon,same-id-same-name
28625,28625,dead grand master oberon,same-id-same-name
28626,28626,dead grand master oberon,same-id-same-name
28627,28627,dead deathling scout,same-id-same-name
28628,28628,dead deathling scout,same-id-same-name
28629,28629,dead deathling scout,same-id-same-name
28630,28630,dead deathling scout,same-id-same-name
28633,28633,dead brokul,same-id-same-name
28634,28634,dead brokul,same-id-same-name
28635,28635,dead brokul,same-id-same-name
28636,28636,dead brokul,same-id-same-name
28637,28637,dead thawing dragon lord,same-id-same-name
28638,28638,dead thawing dragon lord,same-id-same-name
28639,28639,dead thawing dragon lord,same-id-same-name
28640,28640,dead thawing dragon lord,same-id-same-name
28641,28641,dead preceptor lazare,same-id-same-name
28642,28642,dead preceptor lazare,same-id-same-name
28643,28643,dead preceptor lazare,same-id-same-name
28644,28644,dead preceptor lazare,same-id-same-name
28645,28645,dead Zorvorax,same-id-same-name
28646,28646,dead Zorvorax,same-id-same-name
28647,28647,dead Zorvorax,same-id-same-name
28648,28648,dead Zorvorax,same-id-same-name
28649,28649,cage,same-id-same-name
28650,28650,sealed scroll,same-id-same-name
28651,28651,seashell,same-id-same-name
28654,28654,sand,same-id-same-name
28655,28655,hole,same-id-same-name
28656,28656,ladder,same-id-same-name
28657,28657,unknown item,same-id-same-name
28660,28660,RESERVED SPRITE,same-id-same-name
28663,28663,dead true dawnfire asura,same-id-same-name
28664,28664,dead true dawnfire asura,same-id-same-name
28665,28665,dead true dawnfire asura,same-id-same-name
28666,28666,dead true dawnfire asura,same-id-same-name
28667,28667,dead true frost flower asura,same-id-same-name
28668,28668,dead true frost flower asura,same-id-same-name
28669,28669,dead true frost flower asura,same-id-same-name
28670,28670,dead true frost flower asura,same-id-same-name
28671,28671,RESERVED SPRITE,same-id-same-name
28676,28676,skeletal chair,same-id-same-name
28677,28677,skeletal chair,same-id-same-name
28678,28678,skeletal chair,same-id-same-name
28679,28679,skeletal chair,same-id-same-name
28680,28680,skeletal table,same-id-same-name
28681,28681,skeletal table,same-id-same-name
28682,28682,skeletal chest,same-id-same-name
28683,28683,skeletal chest,same-id-same-name
28684,28684,skeletal chest,same-id-same-name
28685,28685,skeletal chest,same-id-same-name
28686,28686,skeletal cabinet,same-id-same-name
28687,28687,skeletal cabinet,same-id-same-name
28688,28688,carnivorous plant,same-id-same-name
28689,28689,carnivorous plant,same-id-same-name
28690,28690,baby rotworm,same-id-same-name
28691,28691,baby rotworm,same-id-same-name
28692,28692,baby rotworm,same-id-same-name
28693,28693,baby rotworm,same-id-same-name
28694,28694,fennec,same-id-same-name
28695,28695,fennec,same-id-same-name
28696,28696,telescope,same-id-same-name
28697,28697,bellflower,same-id-same-name
28698,28698,forget-me-not,same-id-same-name
28699,28699,red geranium,same-id-same-name
28700,28700,roof,same-id-same-name
28701,28701,fennec,same-id-same-name
28702,28702,True Book of Death,same-id-same-name
28707,28707,hawser,same-id-same-name
28708,28708,bony rod,same-id-same-name
28709,28709,ruby fire stone,same-id-same-name
28710,28710,peacock ballad,same-id-same-name
28713,28713,magic sphere,same-id-same-name
28714,28714,falcon circlet,same-id-same-name
28715,28715,falcon coif,same-id-same-name
28716,28716,falcon rod,same-id-same-name
28717,28717,falcon wand,same-id-same-name
28718,28718,falcon bow,same-id-same-name
28719,28719,falcon plate,same-id-same-name
28720,28720,falcon greaves,same-id-same-name
28721,28721,falcon shield,same-id-same-name
28722,28722,falcon escutcheon,same-id-same-name
28723,28723,falcon longsword,same-id-same-name
28724,28724,falcon battleaxe,same-id-same-name
28725,28725,falcon mace,same-id-same-name
28726,28726,dead grand commander soeren,same-id-same-name
28727,28727,dead grand commander soeren,same-id-same-name
28728,28728,dead grand commander soeren,same-id-same-name
28729,28729,dead grand commander soeren,same-id-same-name
28730,28730,dead grand chaplain gaunder,same-id-same-name
28731,28731,dead grand chaplain gaunder,same-id-same-name
28732,28732,dead grand chaplain gaunder,same-id-same-name
28733,28733,dead grand chaplain gaunder,same-id-same-name
28734,28734,dead grand canon dominus,same-id-same-name
28735,28735,dead grand canon dominus,same-id-same-name
28736,28736,dead grand canon dominus,same-id-same-name
28737,28737,dead grand canon dominus,same-id-same-name
28750,54273,your stash,new-free-id
28751,28751,dead burning book,same-id-same-name
28752,28752,dead burning book,same-id-same-name
28753,28753,dead burning book,same-id-same-name
28754,28754,dead burning book,same-id-same-name
28767,28767,dead guardian of tales,same-id-same-name
28768,28768,dead guardian of tales,same-id-same-name
28769,28769,dead guardian of tales,same-id-same-name
28770,28770,dead guardian of tales,same-id-same-name
28771,28771,dead icecold book,same-id-same-name
28772,28772,dead icecold book,same-id-same-name
28773,28773,dead icecold book,same-id-same-name
28774,28774,dead icecold book,same-id-same-name
28775,28775,slain energetic book,same-id-same-name
28776,28776,slain energetic book,same-id-same-name
28777,28777,slain energetic book,same-id-same-name
28778,28778,slain energetic book,same-id-same-name
28779,28779,dead rage squid,same-id-same-name
28780,28780,dead rage squid,same-id-same-name
28781,28781,dead rage squid,same-id-same-name
28782,28782,dead rage squid,same-id-same-name
28783,28783,dead squid warden,same-id-same-name
28784,28784,dead squid warden,same-id-same-name
28785,28785,dead squid warden,same-id-same-name
28786,28786,dead squid warden,same-id-same-name
28791,28791,library ticket,same-id-same-name
28792,28792,sturdy book,same-id-same-name
28793,28793,epaulette,same-id-same-name
28794,28794,dead Blazing Rose,same-id-same-name
28795,28795,dead Blazing Rose,same-id-same-name
28796,28796,dead Blazing Rose,same-id-same-name
28797,28797,dead Blazing Rose,same-id-same-name
28798,28798,dead Diamond Blossom,same-id-same-name
28799,28799,dead Diamond Blossom,same-id-same-name
28800,28800,dead Diamond Blossom,same-id-same-name
28801,28801,dead Diamond Blossom,same-id-same-name
28802,28802,dead Lily of Night,same-id-same-name
28803,28803,dead Lily of Night,same-id-same-name
28804,28804,dead Lily of Night,same-id-same-name
28805,28805,dead Lily of Night,same-id-same-name
28806,28806,dead frost flower asura,same-id-same-name
28807,28807,dead frost flower asura,same-id-same-name
28808,28808,dead frost flower asura,same-id-same-name
28809,28809,dead frost flower asura,same-id-same-name
28810,28810,dead arctic faun,same-id-same-name
28811,28811,dead arctic faun,same-id-same-name
28812,28812,dead arctic faun,same-id-same-name
28813,28813,dead arctic faun,same-id-same-name
28814,28814,dead raxias,same-id-same-name
28815,28815,dead raxias,same-id-same-name
28816,28816,dead raxias,same-id-same-name
28817,28817,dead raxias,same-id-same-name
28818,28818,parchment of interest,same-id-same-name
28819,28819,RESERVED SPRITE,same-id-same-name
28820,28820,ornate tome,same-id-same-name
28821,28821,patch of fine cloth,same-id-same-name
28822,28822,damaged armor plates,same-id-same-name
28823,28823,falcon crest,same-id-same-name
28824,28824,grant of arms,same-id-same-name
28825,28825,deepling ceremonial dagger,same-id-same-name
28826,28826,deepling fork,same-id-same-name
28829,28829,rotten demonbone,same-id-same-name
28830,28830,energized demonbone,same-id-same-name
28831,28831,unliving demonbone,same-id-same-name
28832,28832,sulphurous demonbone,same-id-same-name
28849,28849,dead deathling spellsinger,same-id-same-name
28850,28850,dead deathling spellsinger,same-id-same-name
28851,28851,dead deathling spellsinger,same-id-same-name
28852,28852,dead deathling spellsinger,same-id-same-name
28853,28853,Spatial Warp Almanac,same-id-same-name
28854,28854,unknown item,same-id-same-name
28855,28855,can of grease,same-id-same-name
28859,28859,dead falcon paladin,same-id-same-name
28860,28860,dead falcon paladin,same-id-same-name
28861,28861,dead falcon paladin,same-id-same-name
28862,28862,dead falcon paladin,same-id-same-name
28865,28865,the spatial warp almanac,same-id-same-name
28871,28871,slain energuardian of tales,same-id-same-name
28872,28872,slain energuardian of tales,same-id-same-name
28873,28873,slain energuardian of tales,same-id-same-name
28874,28874,slain energuardian of tales,same-id-same-name
28879,28879,fiery metal eye,same-id-same-name
28887,28887,journal shield,same-id-same-name
28894,28894,old radio,same-id-same-name
28895,28895,bookworm doll,same-id-same-name
28896,28896,golden falcon,same-id-same-name
28897,28897,assassin doll,same-id-same-name
28904,28904,frozen table,same-id-same-name
28905,28905,chest,same-id-same-name
28906,28906,wall mirror,same-id-same-name
28907,28907,unknown item,same-id-same-name
28908,28908,secret map,same-id-same-name
28912,28912,message in a bottle,same-id-same-name
28915,28915,adamant shield,same-id-same-name
28916,28916,adamant shield,same-id-same-name
28917,28917,adamant shield,same-id-same-name
28918,28918,adamant shield,same-id-same-name
28919,28919,RESERVED SPRITE,same-id-same-name
28928,28928,stuffed bear display,same-id-same-name
28929,28929,stuffed bear display,same-id-same-name
28930,28930,stuffed teddy display,same-id-same-name
28931,28931,stuffed teddy display,same-id-same-name
28932,28932,comfy chair,same-id-same-name
28933,28933,comfy chair,same-id-same-name
28934,28934,comfy chair,same-id-same-name
28935,28935,comfy chair,same-id-same-name
28936,28936,comfy table,same-id-same-name
28937,28937,comfy table,same-id-same-name
28938,28938,comfy chest,same-id-same-name
28939,28939,comfy chest,same-id-same-name
28940,28940,comfy chest,same-id-same-name
28941,28941,comfy chest,same-id-same-name
28942,28942,comfy cabinet,same-id-same-name
28943,28943,comfy cabinet,same-id-same-name
28944,28944,incomprehensible riches,same-id-same-name
28945,28945,chest of abundance,same-id-same-name
28946,28946,chest of abundance,same-id-same-name
28947,28947,painting of Tibiasula,same-id-same-name
28948,28948,painting of Tibiasula,same-id-same-name
28951,28951,focus of corrupted nature,same-id-same-name
28952,28952,unknown item,same-id-same-name
28976,28976,unknown item,same-id-same-name
29108,29108,ramp,same-id-same-name
29109,29109,ramp,same-id-same-name
29110,29110,ramp,same-id-same-name
29111,29111,ramp,same-id-same-name
29112,29112,ramp,same-id-same-name
29113,29113,ramp,same-id-same-name
29114,29114,ramp,same-id-same-name
29115,29115,ramp,same-id-same-name
29136,29136,ramp,same-id-same-name
29137,29137,ramp,same-id-same-name
29138,29138,ramp,same-id-same-name
29139,29139,ramp,same-id-same-name
29140,29140,ramp,same-id-same-name
29141,29141,ramp,same-id-same-name
29142,29142,ramp,same-id-same-name
29143,29143,ramp,same-id-same-name
29250,29250,unknown item,same-id-same-name
29276,29276,dream catcher,same-id-same-name
29286,29286,golden axe,same-id-same-name
29287,29287,blue crystal,same-id-same-name
29288,29288,green crystal,same-id-same-name
29289,29289,violet crystal,same-id-same-name
29290,29290,stone floor,same-id-same-name
29291,29291,chargeable compass,same-id-same-name
29292,29292,charged compass,same-id-same-name
29293,29293,charged compass,same-id-same-name
29294,29294,charged compass,same-id-same-name
29295,29295,stone floor,same-id-same-name
29296,29296,unknown item,same-id-same-name
29297,29297,unknown item,same-id-same-name
29298,29298,crystal glass shrine,same-id-same-name
29299,29299,golden idol of Tukh,same-id-same-name
29300,29300,golden idol of Tukh that is brand-new,same-id-same-name
29303,29303,unknown item,same-id-same-name
29304,29304,silver key,same-id-same-name
29307,29307,bucket with some ectoplasm,same-id-same-name
29308,29308,bucket with ectoplasm,same-id-same-name
29309,29309,bucket full of ectoplasm,same-id-same-name
29310,29310,strange empty bucket,same-id-same-name
29327,29327,closed door,same-id-same-name
29332,29332,summer willow,same-id-same-name
29333,29333,frozen willow,same-id-same-name
29334,29334,ward stone,same-id-same-name
29335,29335,ward stone,same-id-same-name
29336,29336,ward stone,same-id-same-name
29337,29337,ward stone,same-id-same-name
29344,29344,red ectoplasmic residue,same-id-same-name
29345,29345,blue glass plate,same-id-same-name
29346,29346,green glass plate,same-id-same-name
29347,29347,violet glass plate,same-id-same-name
29348,29348,poison gland,same-id-same-name
29351,29351,strangely ornamented key,same-id-same-name
29352,29352,large pillar with a lock,same-id-same-name
29353,29353,onyx,same-id-same-name
29407,29407,nothing special,same-id-same-name
29408,29408,roasted wyvern wings,same-id-same-name
29409,29409,carrot pie,same-id-same-name
29410,29410,tropical marinated tiger,same-id-same-name
29411,29411,delicatessen salad,same-id-same-name
29412,29412,chilli con carniphila,same-id-same-name
29413,29413,svargrond salmon filet,same-id-same-name
29414,29414,carrion casserole,same-id-same-name
29415,29415,consecrated beef,same-id-same-name
29416,29416,overcooked noodles,same-id-same-name
29417,29417,living vine bow,same-id-same-name
29418,29418,living armor,same-id-same-name
29419,29419,resizer,same-id-same-name
29420,29420,shoulder plate,same-id-same-name
29421,29421,summerblade,same-id-same-name
29422,29422,winterblade,same-id-same-name
29423,29423,dream shroud,same-id-same-name
29424,29424,pair of dreamwalkers,same-id-same-name
29425,29425,energized limb,same-id-same-name
29426,29426,brain in a jar,same-id-same-name
29427,29427,dark whispers,same-id-same-name
29428,29428,sleep shawl,same-id-same-name
29429,29429,pendulet,same-id-same-name
29430,29430,ectoplasmic shield,same-id-same-name
29431,29431,spirit guide,same-id-same-name
29432,29432,hireling lamp,same-id-same-name
29433,29433,chest,same-id-same-name
29434,29434,RESERVED SPRITE,same-id-same-name
29435,29435,chest,same-id-same-name
29436,29436,chest,same-id-same-name
29942,29942,Maxxenius head,same-id-same-name
29943,29943,Alptramun's toothbrush,same-id-same-name
29944,29944,Izcandar's snow globe,same-id-same-name
29945,29945,Izcandar's sundial,same-id-same-name
29946,29946,beast's nightmare-cushion,same-id-same-name
29947,29947,nightmare beast santa,same-id-same-name
29950,29950,acid resistant fishing rod,same-id-same-name
29968,29968,tree,same-id-same-name
29979,29979,portal,same-id-same-name
29980,29980,portal,same-id-same-name
29987,29987,closed door,same-id-same-name
29988,29988,minotaur skull,same-id-same-name
29989,29989,orc skull,same-id-same-name
29990,29990,troll skull,same-id-same-name
29991,29991,anatomy book,same-id-same-name
29992,29992,old lock,same-id-same-name
29993,29993,rosebush,same-id-same-name
29994,29994,magical paint,same-id-same-name
29995,29995,sun fruit,same-id-same-name
30000,30000,skeleton,same-id-same-name
30001,30001,unknown item,same-id-same-name
30002,30002,frozen wall,same-id-same-name
30003,30003,bottle of sun fruit juice,same-id-same-name
30004,30004,sapphire dust,same-id-same-name
30005,30005,dream essence egg,same-id-same-name
30006,30006,bottle of sun fruit juice,same-id-same-name
30007,30007,grave,same-id-same-name
30008,30008,RESERVED SPRITE,same-id-same-name
30009,30009,colourful mushroom,same-id-same-name
30010,30010,dead faceless bane,same-id-same-name
30011,30011,dead faceless bane,same-id-same-name
30012,30012,dead faceless bane,same-id-same-name
30013,30013,dead faceless bane,same-id-same-name
30014,30014,dead malofur mangrinder,same-id-same-name
30015,30015,dead malofur mangrinder,same-id-same-name
30016,30016,dead malofur mangrinder,same-id-same-name
30017,30017,dead malofur mangrinder,same-id-same-name
30018,30018,unknown item,same-id-same-name
30019,30019,dead plagueroot,same-id-same-name
30020,30020,dead plagueroot,same-id-same-name
30021,30021,dead plagueroot,same-id-same-name
30022,30022,dead plagueroot,same-id-same-name
30023,30023,dead ripper spectre,same-id-same-name
30024,30024,dead ripper spectre,same-id-same-name
30025,30025,dead ripper spectre,same-id-same-name
30026,30026,dead ripper spectre,same-id-same-name
30032,30032,RESERVED SPRITE,same-id-same-name
30041,30041,closed door,same-id-same-name
30042,30042,open door,same-id-same-name
30043,30043,closed door,same-id-same-name
30044,30044,open door,same-id-same-name
30045,30045,closed door,same-id-same-name
30046,30046,open door,same-id-same-name
30047,30047,closed door,same-id-same-name
30048,30048,open door,same-id-same-name
30053,30053,dragon figurine,same-id-same-name
30054,30054,unicorn figurine,same-id-same-name
30055,30055,crunor idol,same-id-same-name
30056,30056,ornate locket,same-id-same-name
30057,30057,closed door,same-id-same-name
30058,30058,ice flower,same-id-same-name
30059,30059,giant ruby,same-id-same-name
30060,30060,giant emerald,same-id-same-name
30061,30061,giant sapphire,same-id-same-name
30062,30062,dead lumbering carnivor,same-id-same-name
30063,30063,dead lumbering carnivor,same-id-same-name
30064,30064,dead lumbering carnivor,same-id-same-name
30065,30065,dead lumbering carnivor,same-id-same-name
30066,30066,dead thanatursus,same-id-same-name
30067,30067,dead thanatursus,same-id-same-name
30068,30068,dead thanatursus,same-id-same-name
30069,30069,dead thanatursus,same-id-same-name
30070,30070,dead arachnophobica,same-id-same-name
30071,30071,dead arachnophobica,same-id-same-name
30072,30072,dead arachnophobica,same-id-same-name
30073,30073,dead arachnophobica,same-id-same-name
30074,30074,dead crazed summer vanguard,same-id-same-name
30075,30075,dead crazed summer vanguard,same-id-same-name
30076,30076,dead crazed summer vanguard,same-id-same-name
30077,30077,dead crazed summer vanguard,same-id-same-name
30078,30078,dead crazed summer rearguard,same-id-same-name
30079,30079,dead crazed summer rearguard,same-id-same-name
30080,30080,dead crazed summer rearguard,same-id-same-name
30081,30081,dead crazed summer rearguard,same-id-same-name
30082,30082,blue ectoplasm,same-id-same-name
30083,30083,green ectoplasm,same-id-same-name
30084,30084,red ectoplasm,same-id-same-name
30085,30085,blue ectoplasmic residue,same-id-same-name
30086,30086,unknown item,same-id-same-name
30087,30087,Plagueroot offshoot,same-id-same-name
30088,30088,Malofur's lunchbox,same-id-same-name
30096,30096,dead spiky carnivor,same-id-same-name
30097,30097,dead spiky carnivor,same-id-same-name
30098,30098,dead spiky carnivor,same-id-same-name
30099,30099,dead spiky carnivor,same-id-same-name
30100,30100,dead menacing carnivor,same-id-same-name
30101,30101,dead menacing carnivor,same-id-same-name
30102,30102,dead menacing carnivor,same-id-same-name
30103,30103,dead menacing carnivor,same-id-same-name
30104,30104,unknown item,same-id-same-name
30105,30105,dead djinn,same-id-same-name
30122,30122,dead crazed winter vanguard,same-id-same-name
30123,30123,dead crazed winter reaguard,same-id-same-name
30124,30124,dead crazed winter vanguard,same-id-same-name
30125,30125,dead crazed winter vanguard,same-id-same-name
30126,30126,dead crazed winter vanguard,same-id-same-name
30127,30127,dead crazed winter reaguard,same-id-same-name
30128,30128,dead crazed winter reaguard,same-id-same-name
30129,30129,dead crazed winter reaguard,same-id-same-name
30130,30130,RESERVED SPRITE,same-id-same-name
30131,30131,ancient oil lamp,same-id-same-name
30132,30132,dream talisman,same-id-same-name
30133,30133,dead insane siren,same-id-same-name
30134,30134,dead soul-broken harbinger,same-id-same-name
30135,30135,dead insane siren,same-id-same-name
30136,30136,dead insane siren,same-id-same-name
30137,30137,dead insane siren,same-id-same-name
30138,30138,dead soul-broken harbinger,same-id-same-name
30139,30139,dead soul-broken harbinger,same-id-same-name
30140,30140,dead soul-broken harbinger,same-id-same-name
30141,30141,dead lucifuga aranea,same-id-same-name
30142,30142,dead lucifuga aranea,same-id-same-name
30143,30143,dead lucifuga aranea,same-id-same-name
30144,30144,dead lucifuga aranea,same-id-same-name
30145,30145,frozen chest,same-id-same-name
30146,30146,elven parchment,same-id-same-name
30147,30147,recipe for magical paint,same-id-same-name
30148,30148,dead Maxxenius,same-id-same-name
30149,30149,dead Maxxenius,same-id-same-name
30150,30150,dead Maxxenius,same-id-same-name
30151,30151,dead Maxxenius,same-id-same-name
30152,30152,dead Alptramun,same-id-same-name
30153,30153,dead Alptramun,same-id-same-name
30154,30154,dead Alptramun,same-id-same-name
30155,30155,dead Alptramun,same-id-same-name
30156,30156,dead The Nightmare Beast,same-id-same-name
30157,30157,dead The Nightmare Beast,same-id-same-name
30158,30158,dead The Nightmare Beast,same-id-same-name
30159,30159,dead The Nightmare Beast,same-id-same-name
30160,30160,dead burster spectre,same-id-same-name
30161,30161,dead burster spectre,same-id-same-name
30162,30162,dead burster spectre,same-id-same-name
30163,30163,dead burster spectre,same-id-same-name
30164,30164,dead gazer spectre,same-id-same-name
30165,30165,dead gazer spectre,same-id-same-name
30166,30166,dead gazer spectre,same-id-same-name
30167,30167,dead gazer spectre,same-id-same-name
30168,30168,ice shield,same-id-same-name
30169,30169,pomegranate,same-id-same-name
30170,30170,turquoise tendril lantern,same-id-same-name
30171,30171,purple tendril lantern,same-id-same-name
30172,30172,dead lacewing moth,same-id-same-name
30173,30173,dead lacewing moth,same-id-same-name
30174,30174,dead lacewing moth,same-id-same-name
30175,30175,dead lacewing moth,same-id-same-name
30176,30176,dead hibernal moth,same-id-same-name
30177,30177,dead hibernal moth,same-id-same-name
30178,30178,dead hibernal moth,same-id-same-name
30179,30179,dead hibernal moth,same-id-same-name
30180,30180,hexagonal ruby,same-id-same-name
30181,30181,shield of endless search,same-id-same-name
30182,30182,shield of endless search,same-id-same-name
30183,30183,Crunor's heart,same-id-same-name
30184,30184,Crunor's heart,same-id-same-name
30185,30185,broken bell,same-id-same-name
30186,30186,percht horns,same-id-same-name
30187,30187,versicolour fireworks powder,same-id-same-name
30188,30188,red fireworks powder,same-id-same-name
30189,30189,yellow fireworks powder,same-id-same-name
30190,30190,green fireworks powder,same-id-same-name
30191,30191,blue fireworks powder,same-id-same-name
30192,30192,percht skull,same-id-same-name
30193,30193,frozen carrot,same-id-same-name
30194,30194,soft hammer,same-id-same-name
30195,30195,golden bell,same-id-same-name
30196,30196,yetislippers,same-id-same-name
30197,30197,festive backpack,same-id-same-name
30198,30198,meringue cake,same-id-same-name
30199,30199,RESERVED SPRITE,same-id-same-name
30200,30200,birthday card,same-id-same-name
30201,30201,birthday cup,same-id-same-name
30202,30202,winterberry liquor,same-id-same-name
30203,30203,blue ectoplasm,same-id-same-name
30204,30204,green ectoplasm,same-id-same-name
30205,30205,red ectoplasm,same-id-same-name
30206,30206,golden idol of tukh,same-id-same-name
30207,30207,skull,same-id-same-name
30208,30208,fireworks capsule,same-id-same-name
30209,30209,red fireworks rocket,same-id-same-name
30210,30210,yellow fireworks rocket,same-id-same-name
30211,30211,green fireworks rocket,same-id-same-name
30212,30212,blue fireworks rocket,same-id-same-name
30213,30213,colourful fireworks rocket,same-id-same-name
30214,30214,percht-warding torch,same-id-same-name
30215,30215,ice,same-id-same-name
30216,30216,frozen human,same-id-same-name
30217,30217,RESERVED SPRITE,same-id-same-name
30218,30218,ice,same-id-same-name
30219,30219,large snowball,same-id-same-name
30222,30222,ice ground,same-id-same-name
30223,30223,vortex of nature,same-id-same-name
30224,30224,rush wood,same-id-same-name
30225,30225,earth ground,same-id-same-name
30226,30226,branch,same-id-same-name
30227,30227,festive filled shoes,same-id-same-name
30228,30228,festive filled shoes,same-id-same-name
30229,30229,festive table,same-id-same-name
30230,30230,festive table,same-id-same-name
30231,30231,festive table,same-id-same-name
30232,30232,festive table,same-id-same-name
30233,30233,festive fireplace,same-id-same-name
30234,30234,festive fireplace,same-id-same-name
30235,30235,festive fireplace,same-id-same-name
30236,30236,festive fireplace,same-id-same-name
30237,30237,festive tree,same-id-same-name
30238,30238,festive tree,same-id-same-name
30239,30239,festive rocking chair,same-id-same-name
30240,30240,festive rocking chair,same-id-same-name
30241,30241,festive rocking chair,same-id-same-name
30242,30242,festive rocking chair,same-id-same-name
30243,30243,festive sleigh,same-id-same-name
30244,30244,festive sleigh,same-id-same-name
30245,30245,festive pile of presents,same-id-same-name
30246,30246,festive pile of presents,same-id-same-name
30247,30247,festive sack of presents,same-id-same-name
30248,30248,festive pyramide,same-id-same-name
30249,30249,festive pyramide,same-id-same-name
30252,30252,blazing bonfire,same-id-same-name
30253,30253,burn out bonfire,same-id-same-name
30254,30254,smoldering bonfire,same-id-same-name
30255,30255,orange fireworks rocket,same-id-same-name
30256,30256,purple fireworks rocket,same-id-same-name
30257,30257,turquoise fireworks rocket,same-id-same-name
30258,30258,Fireworks in shape of '0',same-id-same-name
30259,30259,Fireworks in shape of '1',same-id-same-name
30260,30260,Fireworks in shape of '2',same-id-same-name
30261,30261,Fireworks in shape of '3',same-id-same-name
30262,30262,Fireworks in shape of '4',same-id-same-name
30263,30263,Fireworks in shape of '5',same-id-same-name
30264,30264,Fireworks in shape of '6',same-id-same-name
30265,30265,Fireworks in shape of '7',same-id-same-name
30266,30266,Fireworks in shape of '8',same-id-same-name
30267,30267,Fireworks in shape of '9',same-id-same-name
30268,30268,orange fireworks powder,same-id-same-name
30269,30269,purple fireworks powder,same-id-same-name
30270,30270,turquoise fireworks powder,same-id-same-name
30271,30271,grainy fireworks powder,same-id-same-name
30272,30272,dead The Percht Queen,same-id-same-name
30273,30273,ice,same-id-same-name
30274,30274,stone,same-id-same-name
30275,30275,crown of the percht queen,same-id-same-name
30276,30276,crown of the percht queen,same-id-same-name
30277,30277,icicle,same-id-same-name
30278,30278,flames of the percht queen,same-id-same-name
30279,30279,frozen claw,same-id-same-name
30280,30280,percht queen's frozen heart,same-id-same-name
30281,30281,frozen chain,same-id-same-name
30282,30282,percht broom,same-id-same-name
30283,30283,ice hatchet,same-id-same-name
30284,30284,percht handkerchief,same-id-same-name
30285,30285,golden cotton reel,same-id-same-name
30294,30294,dead percht,same-id-same-name
30295,30295,dead percht,same-id-same-name
30296,30296,dead percht,same-id-same-name
30297,30297,dead percht,same-id-same-name
30298,30298,dead schiach,same-id-same-name
30299,30299,dead schiach,same-id-same-name
30300,30300,dead schiach,same-id-same-name
30301,30301,dead schiach,same-id-same-name
30302,30302,stunned bunny,same-id-same-name
30303,30303,empty barrel,same-id-same-name
30304,30304,barrel filled with hammers,same-id-same-name
30305,30305,dead baleful bunny,same-id-same-name
30306,30306,dead baleful bunny,same-id-same-name
30307,30307,dead baleful bunny,same-id-same-name
30308,30308,dead baleful bunny,same-id-same-name
30315,30315,pinata,same-id-same-name
30316,30316,surprise bag,same-id-same-name
30317,30317,Ferumbras puppet,same-id-same-name
30318,30318,horseshoe,same-id-same-name
30319,30319,golden horseshoe,same-id-same-name
30320,30320,lucky pig,same-id-same-name
30321,30321,fly agaric,same-id-same-name
30322,30322,small ladybug,same-id-same-name
30323,30323,rainbow necklace,same-id-same-name
30324,30324,bright bell,same-id-same-name
30325,30325,dark bell,same-id-same-name
30332,30332,dead animated snowman,same-id-same-name
30333,30333,dead animated snowman,same-id-same-name
30334,30334,dead animated snowman,same-id-same-name
30335,30335,dead animated snowman,same-id-same-name
30336,30336,snowman,same-id-same-name
30337,30337,twig arms,same-id-same-name
30338,30338,unknown item,same-id-same-name
30339,30339,bone pile,same-id-same-name
30340,30340,percht queen,same-id-same-name
30341,30341,percht queen,same-id-same-name
30342,30342,enchanted sleep shawl,same-id-same-name
30343,30343,enchanted sleep shawl,same-id-same-name
30344,30344,enchanted pendulet,same-id-same-name
30345,30345,enchanted pendulet,same-id-same-name
30352,30352,dead lost gnome,same-id-same-name
30353,30353,dead lost gnome,same-id-same-name
30354,30354,dead lost gnome,same-id-same-name
30355,30355,dead lost gnome,same-id-same-name
30362,30362,Badbara,same-id-same-name
30363,30363,Tearesa,same-id-same-name
30364,30364,Cryana,same-id-same-name
30365,30365,Badbara,same-id-same-name
30366,30366,Tearesa,same-id-same-name
30367,30367,Cryana,same-id-same-name
30368,30368,black raven,same-id-same-name
30369,30369,grey raven,same-id-same-name
30370,30370,white raven,same-id-same-name
30371,30371,black raven kit,same-id-same-name
30372,30372,grey raven kit,same-id-same-name
30373,30373,white raven kit,same-id-same-name
30393,30393,cobra crossbow,same-id-same-name
30394,30394,cobra boots,same-id-same-name
30395,30395,cobra club,same-id-same-name
30396,30396,cobra axe,same-id-same-name
30397,30397,cobra hood,same-id-same-name
30398,30398,cobra sword,same-id-same-name
30399,30399,cobra wand,same-id-same-name
30400,30400,cobra rod,same-id-same-name
30401,30401,amulet of theurgy,same-id-same-name
30402,30402,enchanted theurgic amulet,same-id-same-name
30403,30403,enchanted theurgic amulet,same-id-same-name
30407,30407,sequoia trunk,same-id-same-name
30418,30418,honey palm,same-id-same-name
30419,30419,blooming sequoia tree,same-id-same-name
30420,30420,small cactus tree,same-id-same-name
30421,30421,asp succulent,same-id-same-name
30422,30422,snake maw,same-id-same-name
30423,30423,succulent,same-id-same-name
30424,30424,dawn bush,same-id-same-name
30425,30425,purple inkweed,same-id-same-name
30426,30426,veldt flowers,same-id-same-name
30427,30427,wild desert roses,same-id-same-name
30613,30613,cobra statue,same-id-same-name
30620,30620,potted palm tree,same-id-same-name
30625,30625,granite pillar,same-id-same-name
30646,30646,granite pillar,same-id-same-name
30668,30668,wave mosaic,same-id-same-name
30669,30669,sun mosaic,same-id-same-name
30756,30756,ramp,same-id-same-name
30757,30757,ramp,same-id-same-name
30758,30758,ramp,same-id-same-name
30759,30759,ramp,same-id-same-name
30760,30760,ramp,same-id-same-name
30761,30761,ramp,same-id-same-name
30762,30762,ramp,same-id-same-name
30763,30763,ramp,same-id-same-name
30819,30819,ramp,same-id-same-name
30820,30820,ramp,same-id-same-name
30821,30821,ramp,same-id-same-name
30822,30822,ramp,same-id-same-name
30823,30823,ramp,same-id-same-name
30824,30824,ramp,same-id-same-name
30825,30825,ramp,same-id-same-name
30826,30826,ramp,same-id-same-name
30839,30839,ancient wall,same-id-same-name
30903,30903,ramp,same-id-same-name
30904,30904,ramp,same-id-same-name
30905,30905,ramp,same-id-same-name
30906,30906,ramp,same-id-same-name
30907,30907,ramp,same-id-same-name
30908,30908,ramp,same-id-same-name
30909,30909,ramp,same-id-same-name
30910,30910,ramp,same-id-same-name
30911,30911,ramp,same-id-same-name
30912,30912,ramp,same-id-same-name
30913,30913,ramp,same-id-same-name
30914,30914,ramp,same-id-same-name
30915,30915,ramp,same-id-same-name
30916,30916,ramp,same-id-same-name
30917,30917,ramp,same-id-same-name
30918,30918,ramp,same-id-same-name
30927,30927,amphora,same-id-same-name
30960,30960,wall lamp,same-id-same-name
30961,30961,lit wall lamp,same-id-same-name
30962,30962,hanging lamp,same-id-same-name
30963,30963,lit hanging lamp,same-id-same-name
30964,30964,empty fire bowl,same-id-same-name
30965,30965,fire bowl,same-id-same-name
30966,30966,hanging sabre,same-id-same-name
30967,30967,hanging shield,same-id-same-name
30972,30972,unknown item,same-id-same-name
30973,30973,bundle of reed,same-id-same-name
30974,30974,reed,same-id-same-name
30975,30975,bunch of reed,same-id-same-name
30976,30976,reed,same-id-same-name
30989,30989,intricate cobra shrine,same-id-same-name
31051,31051,wooden planks,same-id-same-name
31052,31052,wooden scaffolding,same-id-same-name
31056,31056,wooden scaffolding,same-id-same-name
31118,31118,unknown item,same-id-same-name
31125,31125,broken amphora,same-id-same-name
31126,31126,small amphora,same-id-same-name
31127,31127,unknown,same-id-same-name
31128,31128,bucket,same-id-same-name
31129,31129,wooden ladder,same-id-same-name
31130,31130,wooden ladder,same-id-same-name
31139,31139,sandstone,same-id-same-name
31150,31150,blazing bonfire,same-id-same-name
31151,31151,hanging sabre,same-id-same-name
31152,31152,hanging shield,same-id-same-name
31157,31157,wall lamp,same-id-same-name
31158,31158,lit wall lamp,same-id-same-name
31159,54274,grass,new-free-id
31160,31160,cleansed soul splinter,same-id-same-name
31163,31163,stone pile,same-id-same-name
31164,31164,golden idol of Tukh,same-id-same-name
31165,31165,wounded shark,same-id-same-name
31168,31168,trapdoor,same-id-same-name
31170,31170,unknown item,same-id-same-name
31183,31183,dwarven stone chair,same-id-same-name
31184,31184,dwarven stone chair,same-id-same-name
31185,31185,dwarven stone chair,same-id-same-name
31186,31186,dwarven stone chair,same-id-same-name
31187,31187,dwarven stone chest,same-id-same-name
31188,31188,dwarven stone chest,same-id-same-name
31189,31189,dwarven stone chest,same-id-same-name
31190,31190,dwarven stone chest,same-id-same-name
31191,31191,dwarven stone table,same-id-same-name
31192,31192,dwarven stone cabinet,same-id-same-name
31193,31193,dwarven stone cabinet,same-id-same-name
31194,31194,wooden bookcase,same-id-same-name
31195,31195,wooden bookcase,same-id-same-name
31203,31203,good remains of a knight,same-id-same-name
31204,31204,good remains of a paladin,same-id-same-name
31205,31205,good remains of a druid,same-id-same-name
31206,31206,good remains of a sorcerer,same-id-same-name
31207,31207,square side table,same-id-same-name
31208,31208,round side table,same-id-same-name
31209,31209,golden minotaur skull,same-id-same-name
31210,31210,minotaur skull,same-id-same-name
31211,31211,golden demon skull,same-id-same-name
31212,31212,demon skull,same-id-same-name
31213,31213,idol lamp,same-id-same-name
31214,31214,idol lamp,same-id-same-name
31215,31215,idol lamp,same-id-same-name
31216,31216,idol lamp,same-id-same-name
31217,31217,violet square cushion,same-id-same-name
31218,31218,green square cushion,same-id-same-name
31219,31219,blue square cushion,same-id-same-name
31220,31220,violet round cushion,same-id-same-name
31221,31221,green round cushion,same-id-same-name
31222,31222,blue round cushion,same-id-same-name
31223,31223,golden minotaur skull,same-id-same-name
31224,31224,minotaur skull,same-id-same-name
31225,31225,golden demon skull,same-id-same-name
31226,31226,demon skull,same-id-same-name
31239,31239,RESERVED SPRITE,same-id-same-name
31255,31255,dead cart packed with gold,same-id-same-name
31256,31256,dead cart packed with gold,same-id-same-name
31257,31257,dead cart packed with gold,same-id-same-name
31258,31258,dead cart packed with gold,same-id-same-name
31259,31259,lapis-crested vase,same-id-same-name
31260,31260,remains lapis vase,same-id-same-name
31261,31261,box with waterproof balm,same-id-same-name
31262,31262,ladder,same-id-same-name
31263,31263,Ring of Secret Thoughts,same-id-same-name
31264,31264,wheel oil,same-id-same-name
31265,31265,dragon goblet,same-id-same-name
31266,31266,pigeon trophy,same-id-same-name
31267,31267,loremaster doll,same-id-same-name
31268,31268,jade amulet,same-id-same-name
31269,31269,ankh mosaic,same-id-same-name
31270,31270,jade Zaoan queen,same-id-same-name
31271,31271,jade Zaoan king,same-id-same-name
31272,31272,jade Zaoan bishop,same-id-same-name
31273,31273,jade Zaoan knight,same-id-same-name
31274,31274,jade Zaoan rook,same-id-same-name
31275,31275,jade Zaoan pawn,same-id-same-name
31276,31276,obsidian Zaoan queen,same-id-same-name
31277,31277,obsidian Zaoan king,same-id-same-name
31278,31278,obsidian Zaoan bishop,same-id-same-name
31279,31279,obsidian Zaoan knight,same-id-same-name
31280,31280,obsidian Zaoan rook,same-id-same-name
31281,31281,obsidian Zaoan pawn,same-id-same-name
31282,31282,Zaoan chess box,same-id-same-name
31283,31283,fire bowl,same-id-same-name
31296,31296,flask with snake poison,same-id-same-name
31297,31297,empty ritual flask,same-id-same-name
31298,31298,black marble floor,same-id-same-name
31299,31299,stone tile,same-id-same-name
31300,31300,white marble floor,same-id-same-name
31301,31301,wood floor tile,same-id-same-name
31302,31302,dead cobra,same-id-same-name
31303,31303,dead black cobra,same-id-same-name
31304,31304,dead black cobra,same-id-same-name
31305,31305,dead black cobra,same-id-same-name
31306,31306,ring of secret thoughts,same-id-same-name
31307,31307,dead gaffir,same-id-same-name
31308,31308,dead gaffir,same-id-same-name
31309,31309,dead gaffir,same-id-same-name
31310,31310,dead gaffir,same-id-same-name
31311,31311,black marble floor,same-id-same-name
31312,31312,white marble floor,same-id-same-name
31313,31313,stone tile,same-id-same-name
31314,31314,wood floor tile,same-id-same-name
31315,31315,coal basin,same-id-same-name
31316,31316,empty coal basin,same-id-same-name
31317,31317,stone floor,same-id-same-name
31318,31318,tiled floor,same-id-same-name
31319,31319,stone floor,same-id-same-name
31320,31320,tiled floor,same-id-same-name
31321,31321,label,same-id-same-name
31322,31322,RESERVED SPRITE,same-id-same-name
31323,31323,sea horse figurine,same-id-same-name
31324,31324,golden mask,same-id-same-name
31325,31325,veldt flowers,same-id-same-name
31326,31326,grass,same-id-same-name
31327,31327,ritual scissors,same-id-same-name
31328,31328,bark peeler,same-id-same-name
31329,31329,honey palm bark,same-id-same-name
31330,31330,wild desert rose,same-id-same-name
31331,31331,empty honey glass,same-id-same-name
31332,31332,jar of honey,same-id-same-name
31333,31333,tagralt nugget,same-id-same-name
31334,31334,hand auger,same-id-same-name
31335,31335,vial of cactus milk,same-id-same-name
31336,31336,snake maw,same-id-same-name
31339,31339,spiderweb clouds shreds,same-id-same-name
31340,31340,lizard heart,same-id-same-name
31349,31349,mirror neuron,same-id-same-name
31350,31350,flask of hallucinogen,same-id-same-name
31351,31351,black raven,same-id-same-name
31352,31352,grey raven,same-id-same-name
31353,31353,white raven,same-id-same-name
31354,31354,blue memory shard,same-id-same-name
31355,31355,violet memory shard,same-id-same-name
31356,31356,green memory shard,same-id-same-name
31357,31357,memory englitener,same-id-same-name
31363,31363,gryphon egg shell,same-id-same-name
31364,31364,pile of scrolls,same-id-same-name
31365,31365,half burnt scroll,same-id-same-name
31366,31366,rope,same-id-same-name
31369,31369,gryphon mask,same-id-same-name
31370,31370,silver mask,same-id-same-name
31371,31371,ivory mask,same-id-same-name
31372,31372,mirror mask,same-id-same-name
31373,31373,RESERVED SPRITE,same-id-same-name
31374,31374,ancient sarcophagus,same-id-same-name
31379,31379,wooden cage key,same-id-same-name
31380,31380,energy field,same-id-same-name
31381,31381,nothing,same-id-same-name
31382,31382,incomprehensible riches,same-id-same-name
31383,31383,dead sphinx,same-id-same-name
31384,31384,dead sphinx,same-id-same-name
31385,31385,dead sphinx,same-id-same-name
31386,31386,dead sphinx,same-id-same-name
31387,31387,dead manticore,same-id-same-name
31388,31388,dead manticore,same-id-same-name
31389,31389,dead manticore,same-id-same-name
31390,31390,dead manticore,same-id-same-name
31391,31391,dead lamassu,same-id-same-name
31392,31392,dead lamassu,same-id-same-name
31393,31393,dead lamassu,same-id-same-name
31394,31394,dead lamassu,same-id-same-name
31395,31395,dead gryphon,same-id-same-name
31396,31396,dead gryphon,same-id-same-name
31397,31397,dead gryphon,same-id-same-name
31398,31398,dead gryphon,same-id-same-name
31402,31402,dead adult goanna,same-id-same-name
31403,31403,dead adult goanna,same-id-same-name
31404,31404,dead adult goanna,same-id-same-name
31405,31405,dead adult goanna,same-id-same-name
31406,31406,dead young goanna,same-id-same-name
31407,31407,dead young goanna,same-id-same-name
31408,31408,dead young goanna,same-id-same-name
31409,31409,dead young goanna,same-id-same-name
31410,31410,dead Urmahlullu The Weakened,same-id-same-name
31411,31411,dead Urmahlullu The Weakened,same-id-same-name
31412,31412,dead Urmahlullu The Weakened,same-id-same-name
31413,31413,dead Urmahlullu The Weakened,same-id-same-name
31414,31414,sceptre of sun and sea,same-id-same-name
31415,31415,RESERVED SPRITE,same-id-same-name
31416,31416,dead priestess of the wild sun,same-id-same-name
31417,31417,dead priestess of the wild sun,same-id-same-name
31418,31418,dead priestess of the wild sun,same-id-same-name
31419,31419,dead priestess of the wild sun,same-id-same-name
31420,31420,dead black sphinx acolyte,same-id-same-name
31421,31421,dead black sphinx acolyte,same-id-same-name
31422,31422,dead black sphinx acolyte,same-id-same-name
31423,31423,dead black sphinx acolyte,same-id-same-name
31428,31428,goanna hide with sun symbol,same-id-same-name
31431,31431,symbol of sun and sea,same-id-same-name
31432,31432,basin filled with blood,same-id-same-name
31433,31433,secret instruction,same-id-same-name
31434,31434,secret instruction,same-id-same-name
31435,31435,secret instruction,same-id-same-name
31436,31436,secret instruction,same-id-same-name
31437,31437,sphinx feather,same-id-same-name
31438,31438,sphinx tiara,same-id-same-name
31439,31439,manticore tail,same-id-same-name
31440,31440,manticore ear,same-id-same-name
31441,31441,lamassu hoof,same-id-same-name
31442,31442,lamassu horn,same-id-same-name
31443,31443,Fafnar symbol,same-id-same-name
31444,31444,unknown item,same-id-same-name
31445,31445,small tortoise,same-id-same-name
31446,31446,small petrified tortoise,same-id-same-name
31447,31447,ivory lyre,same-id-same-name
31448,31448,unknown,same-id-same-name
31449,31449,iron wall,same-id-same-name
31450,31450,dead scarlett etzel,same-id-same-name
31451,31451,dead scarlett etzel,same-id-same-name
31452,31452,dead scarlett etzel,same-id-same-name
31453,31453,dead scarlett etzel,same-id-same-name
31462,31462,jousting eagle baby,same-id-same-name
31463,31463,jousting eagle baby,same-id-same-name
31464,31464,cerberus champion puppy,same-id-same-name
31465,31465,cerberus champion puppy,same-id-same-name
31466,31466,rolled-up tournament carpet,same-id-same-name
31467,31467,rolled-up sublime tournament carpet,same-id-same-name
31468,31468,tournament carpet,same-id-same-name
31469,31469,sublime tournament carpet,same-id-same-name
31478,31478,throne of scarlett etzel,same-id-same-name
31479,31479,throne of scarlett etzel,same-id-same-name
31480,31480,throne of scarlett etzel,same-id-same-name
31481,31481,throne of scarlett etzel,same-id-same-name
31482,31482,galthen's chestplate,same-id-same-name
31483,31483,throne of scarlett etzel,same-id-same-name
31484,31484,unknown item,same-id-same-name
31485,31485,scorpion,same-id-same-name
31486,31486,calamary,same-id-same-name
31487,31487,bat,same-id-same-name
31488,31488,scared frog,same-id-same-name
31489,31489,net,same-id-same-name
31490,31490,unknown item,same-id-same-name
31491,31491,RESERVED SPRITE,same-id-same-name
31500,31500,golden outfit display,same-id-same-name
31501,31501,unknown ground,same-id-same-name
31502,31502,golden outfit display,same-id-same-name
31503,31503,golden outfit display,same-id-same-name
31504,31504,golden outfit display,same-id-same-name
31505,31505,golden outfit display,same-id-same-name
31506,31506,golden outfit display,same-id-same-name
31507,31507,golden outfit display,same-id-same-name
31508,31508,golden outfit display,same-id-same-name
31509,31509,golden outfit display,same-id-same-name
31510,31510,golden outfit display,same-id-same-name
31511,31511,golden outfit display,same-id-same-name
31512,31512,golden outfit display,same-id-same-name
31513,31513,golden outfit display,same-id-same-name
31514,31514,golden outfit display,same-id-same-name
31515,31515,golden outfit display,same-id-same-name
31516,31516,golden outfit display,same-id-same-name
31517,31517,RESERVED SPRITE,same-id-same-name
31524,31524,dead ogre ruffian,same-id-same-name
31525,31525,dead ogre ruffian,same-id-same-name
31526,31526,dead ogre ruffian,same-id-same-name
31527,31527,dead ogre ruffian,same-id-same-name
31528,31528,dead ogre rowdy,same-id-same-name
31529,31529,dead ogre rowdy,same-id-same-name
31530,31530,dead ogre rowdy,same-id-same-name
31531,31531,dead ogre rowdy,same-id-same-name
31532,31532,dead ogre sage,same-id-same-name
31533,31533,dead ogre sage,same-id-same-name
31534,31534,dead ogre sage,same-id-same-name
31535,31535,dead ogre sage,same-id-same-name
31544,31544,dead cobra assassin,same-id-same-name
31545,31545,dead cobra assassin,same-id-same-name
31546,31546,dead cobra assassin,same-id-same-name
31547,31547,dead cobra assassin,same-id-same-name
31548,31548,dead ugly monster,same-id-same-name
31549,31549,dead ugly monster,same-id-same-name
31550,31550,dead ugly monster,same-id-same-name
31551,31551,dead ugly monster,same-id-same-name
31552,31552,dead azaram's soul,same-id-same-name
31553,31553,dead azaram's soul,same-id-same-name
31554,31554,dead azaram's soul,same-id-same-name
31555,31555,dead azaram's soul,same-id-same-name
31556,31556,rainbow amulet,same-id-same-name
31557,31557,enchanted blister ring,same-id-same-name
31558,31558,red goanna scale,same-id-same-name
31559,31559,blue goanna scale,same-id-same-name
31560,31560,goanna meat,same-id-same-name
31561,31561,goanna claw,same-id-same-name
31562,31562,writings of Iniv II,same-id-same-name
31563,31563,writings of Iniv III,same-id-same-name
31564,31564,writings of Iniv I,same-id-same-name
31565,31565,writings of Iniv III,same-id-same-name
31566,31566,writings of Iniv I,same-id-same-name
31567,31567,the writings of Iniv IV,same-id-same-name
31568,31568,closed door,same-id-same-name
31569,31569,open door,same-id-same-name
31570,31570,closed door,same-id-same-name
31571,31571,open door,same-id-same-name
31572,31572,blue and golden cordon,same-id-same-name
31573,31573,sun medal,same-id-same-name
31574,31574,sunray emblem,same-id-same-name
31575,31575,golden bijou,same-id-same-name
31576,31576,Regalia of Suon,same-id-same-name
31577,31577,terra helmet,same-id-same-name
31578,31578,bear skin,same-id-same-name
31579,31579,embrace of nature,same-id-same-name
31580,31580,mortal mace,same-id-same-name
31581,31581,bow of cataclysm,same-id-same-name
31582,31582,galea mortis,same-id-same-name
31583,31583,toga mortis,same-id-same-name
31587,31587,dead gryphon,same-id-same-name
31588,31588,ancient liche bone,same-id-same-name
31589,31589,rotten heart,same-id-same-name
31590,31590,young lich worm,same-id-same-name
31591,31591,medal of valiance,same-id-same-name
31592,31592,signet ring,same-id-same-name
31593,31593,noble cape,same-id-same-name
31594,31594,token of love,same-id-same-name
31595,31595,noble amulet,same-id-same-name
31596,31596,dead lichwarrior,same-id-same-name
31597,31597,dead lichwarrior,same-id-same-name
31598,31598,dead lichwarrior,same-id-same-name
31599,31599,dead lichwarrior,same-id-same-name
31608,31608,dead king zelos,same-id-same-name
31609,31609,dead king zelos,same-id-same-name
31610,31610,dead king zelos,same-id-same-name
31611,31611,dead king zelos,same-id-same-name
31612,31612,vial of potent holy water,same-id-same-name
31613,31613,pick,same-id-same-name
31614,31614,tagralt blade,same-id-same-name
31615,31615,pick,same-id-same-name
31616,31616,enchanted blister ring,same-id-same-name
31617,31617,winged boots,same-id-same-name
31618,31618,frayed veldt flowers,same-id-same-name
31619,31619,frayed snake maw,same-id-same-name
31620,31620,frayed wild desert rose,same-id-same-name
31621,31621,blister ring,same-id-same-name
31622,31622,Urmahlullu's tail,same-id-same-name
31623,31623,Urmahlullu's mane,same-id-same-name
31624,31624,urmahlullu's paw,same-id-same-name
31625,31625,winged backpack,same-id-same-name
31631,31631,cobra amulet,same-id-same-name
31632,31632,missing piece of the cube,same-id-same-name
31633,31633,supreme cube,same-id-same-name
31634,31634,box with waterproof balm,same-id-same-name
31635,31635,dead cobra scout,same-id-same-name
31636,31636,dead cobra scout,same-id-same-name
31637,31637,dead cobra scout,same-id-same-name
31638,31638,dead cobra scout,same-id-same-name
31639,31639,dead cobra vizier,same-id-same-name
31640,31640,dead cobra vizier,same-id-same-name
31641,31641,dead cobra vizier,same-id-same-name
31642,31642,dead cobra vizier,same-id-same-name
31643,31643,dead burning gladiator,same-id-same-name
31644,31644,dead burning gladiator,same-id-same-name
31645,31645,dead burning gladiator,same-id-same-name
31646,31646,dead burning gladiator,same-id-same-name
31647,31647,dead crypt warden,same-id-same-name
31648,31648,dead crypt warden,same-id-same-name
31649,31649,dead crypt warden,same-id-same-name
31650,31650,dead crypt warden,same-id-same-name
31651,31651,dead Guard Captain Quaid,same-id-same-name
31652,31652,dead Guard Captain Quaid,same-id-same-name
31653,31653,dead Guard Captain Quaid,same-id-same-name
31654,31654,dead Guard Captain Quaid,same-id-same-name
31655,31655,dead feral sphinx,same-id-same-name
31656,31656,dead feral sphinx,same-id-same-name
31657,31657,dead feral sphinx,same-id-same-name
31658,31658,dead feral sphinx,same-id-same-name
31659,31659,dead earworm,same-id-same-name
31660,31660,dead earworm,same-id-same-name
31661,31661,dead eartworm,same-id-same-name
31662,31662,dead earworm,same-id-same-name
31663,31663,closed door,same-id-same-name
31664,31664,open door,same-id-same-name
31665,31665,closed door,same-id-same-name
31666,31666,open door,same-id-same-name
31667,31667,RESERVED SPRITE,same-id-same-name
31673,31673,unknown item,same-id-same-name
31674,31674,omniscient owl,same-id-same-name
31675,31675,omniscient owl,same-id-same-name
31676,31676,note about two souls,same-id-same-name
31677,31677,RESERVED SPRITE,same-id-same-name
31678,31678,cobra crest,same-id-same-name
31679,31679,hrodmiran table,same-id-same-name
31680,31680,baby hedgehog,same-id-same-name
31681,31681,baby hedgehog,same-id-same-name
31682,31682,baby hedgehog,same-id-same-name
31685,31685,reed balls,same-id-same-name
31686,31686,ground reed,same-id-same-name
31687,31687,hrodmiran chest,same-id-same-name
31688,31688,hrodmiran chest,same-id-same-name
31689,31689,hrodmiran chest,same-id-same-name
31690,31690,hrodmiran chest,same-id-same-name
31691,31691,hrodmiran chair,same-id-same-name
31692,31692,hrodmiran chair,same-id-same-name
31693,31693,hrodmiran chair,same-id-same-name
31694,31694,hrodmiran chair,same-id-same-name
31703,31703,baby unicorn,same-id-same-name
31704,31704,baby unicorn,same-id-same-name
31705,31705,hrodmiran cupboard,same-id-same-name
31706,31706,hrodmiran cupboard,same-id-same-name
31707,31707,small pile of book,same-id-same-name
31708,31708,the anuma,same-id-same-name
31709,31709,the kilmar tablets,same-id-same-name
31710,31710,eneneus' book of cerebremancy,same-id-same-name
31711,31711,the dark esoterica,same-id-same-name
31714,31714,Shimun's list,same-id-same-name
31715,31715,Yonan's list,same-id-same-name
31716,31716,Tefrit's list,same-id-same-name
31717,31717,Narsai's list,same-id-same-name
31720,31720,recipe,same-id-same-name
31721,31721,unknown item,same-id-same-name
31722,31722,unknown item,same-id-same-name
31725,31725,greasy wool,same-id-same-name
31726,31726,box with balm,same-id-same-name
31732,31732,unknown item,same-id-same-name
31735,31735,metal grate,same-id-same-name
31736,31736,unknown item,same-id-same-name
31737,31737,shadow cowl,same-id-same-name
31738,31738,final judgement,same-id-same-name
31907,31907,strange stairs,same-id-same-name
31908,31908,Time Distort Almanac,same-id-same-name
31911,31911,golden sea horse figurine,same-id-same-name
31912,31912,RESERVED SPRITE,same-id-same-name
31913,31913,baking tray,same-id-same-name
31914,31914,lump of reed flour dough,same-id-same-name
31915,31915,depot box XVIII,same-id-same-name
31920,31920,dead custodian,same-id-same-name
31921,31921,dead custodian,same-id-same-name
31922,31922,dead custodian,same-id-same-name
31923,31923,dead custodian,same-id-same-name
31924,31924,trap,same-id-same-name
31925,31925,closed trap,same-id-same-name
31926,31926,reserved sprite,same-id-same-name
31927,31927,trap,same-id-same-name
31928,31928,reserved sprite,same-id-same-name
31929,31929,unknown,same-id-same-name
31930,31930,reserved sprite,same-id-same-name
31931,31931,pirate ship ballista,same-id-same-name
31932,31932,pirate ship ballista,same-id-same-name
31933,31933,pirate ship ballista,same-id-same-name
31934,31934,pirate ship ballista,same-id-same-name
31935,31935,pirate treasure chest,same-id-same-name
31936,31936,pirate treasure chest,same-id-same-name
31937,31937,barrel and anchor lamp,same-id-same-name
31938,31938,barrel and anchor lamp,same-id-same-name
31939,31939,barrel and anchor lamp,same-id-same-name
31940,31940,barrel and anchor lamp,same-id-same-name
31941,31941,model ship lamp,same-id-same-name
31942,31942,model ship lamp,same-id-same-name
31943,31943,model ship lamp,same-id-same-name
31944,31944,model ship lamp,same-id-same-name
31945,31945,pirate flag,same-id-same-name
31946,31946,treasure map,same-id-same-name
31947,31947,skeleton in a cage,same-id-same-name
31948,31948,ship's wheel,same-id-same-name
31949,31949,mermaid figure head,same-id-same-name
31950,31950,mermaid figure head,same-id-same-name
31951,31951,white shark trophy,same-id-same-name
31955,31955,monkey,same-id-same-name
31956,31956,monkey,same-id-same-name
31957,31957,unknown,same-id-same-name
31960,31960,reserved sprite,same-id-same-name
31961,31961,red gingerbread heart,same-id-same-name
31962,31962,reserved sprite,same-id-same-name
32009,32009,veal,same-id-same-name
32010,32010,meat hammer,same-id-same-name
32011,32011,milk churn,same-id-same-name
32012,32012,cow bell,same-id-same-name
32013,32013,orc hammer,same-id-same-name
32020,32020,trapdoor,same-id-same-name
32021,32021,burning wall,same-id-same-name
32043,32043,bass,same-id-same-name
32044,32044,small bass,same-id-same-name
32045,32045,tiny bass,same-id-same-name
32064,32064,all knowing sausages,same-id-same-name
32065,32065,reserved sprite,same-id-same-name
32066,32066,green gingerbread heart,same-id-same-name
32067,32067,blue gingerbread heart,same-id-same-name
32068,32068,leberkassemmel,same-id-same-name
32069,32069,candy floss,same-id-same-name
32070,32070,Stockfish,same-id-same-name
32071,32071,empty beer mug,same-id-same-name
32072,32072,beer mug,same-id-same-name
32073,32073,unicorn weisswurst,same-id-same-name
32074,32074,plushie of gaz'Haragoth,same-id-same-name
32075,32075,plushie of devovorga,same-id-same-name
32076,32076,plushie of king tibianus,same-id-same-name
32077,32077,sight of surrender's plushie,same-id-same-name
32088,32088,dead cow,same-id-same-name
32089,32089,dead cow,same-id-same-name
32090,32090,dead cow,same-id-same-name
32091,32091,dead cow,same-id-same-name
32092,32092,reserved sprite,same-id-same-name
32093,32093,schnitzel meat grinder,same-id-same-name
32096,32096,lots,same-id-same-name
32097,32097,lederhosen,same-id-same-name
32098,32098,traditional leather shoes,same-id-same-name
32099,32099,traditional shirt,same-id-same-name
32100,32100,traditional gamsbart hat,same-id-same-name
32101,32101,traditional neckerchief,same-id-same-name
32102,32102,traditional stein,same-id-same-name
32103,32103,decorative blue sheet,same-id-same-name
32104,32104,decorative red sheet,same-id-same-name
32105,32105,decorative green sheet,same-id-same-name
32106,32106,dead orger,same-id-same-name
32107,32107,dead orger,same-id-same-name
32108,32108,dead orger,same-id-same-name
32109,32109,dead orger,same-id-same-name
32110,32110,dead roast pork,same-id-same-name
32111,32111,dead roast pork,same-id-same-name
32112,32112,dead roast pork,same-id-same-name
32113,32113,dead roast pork,same-id-same-name
32114,32114,beer tap,same-id-same-name
32123,32123,blue traditional chair,same-id-same-name
32124,32124,dead rampaging beer elemental,same-id-same-name
32125,32125,dead rampaging beer elemental,same-id-same-name
32126,32126,dead rampaging beer elemental,same-id-same-name
32127,32127,dead rampaging beer elemental,same-id-same-name
32128,32128,blue traditional chair,same-id-same-name
32129,32129,blue traditional chair,same-id-same-name
32130,32130,blue traditional chair,same-id-same-name
32131,32131,green traditional chair,same-id-same-name
32132,32132,green traditional chair,same-id-same-name
32133,32133,green traditional chair,same-id-same-name
32134,32134,green traditional chair,same-id-same-name
32135,32135,red traditional chair,same-id-same-name
32136,32136,red traditional chair,same-id-same-name
32137,32137,red traditional chair,same-id-same-name
32138,32138,red traditional chair,same-id-same-name
32139,32139,blue traditional table,same-id-same-name
32140,32140,green traditional table,same-id-same-name
32141,32141,red traditional table,same-id-same-name
32142,32142,blue traditional rack,same-id-same-name
32143,32143,blue traditional rack,same-id-same-name
32144,32144,green traditional rack,same-id-same-name
32145,32145,green traditional rack,same-id-same-name
32146,32146,red traditional rack,same-id-same-name
32147,32147,red traditional rack,same-id-same-name
32148,32148,beer barrel,same-id-same-name
32149,32149,beer barrel,same-id-same-name
32150,32150,beer barrel,same-id-same-name
32151,32151,beer barrel,same-id-same-name
32152,32152,blue wooden candelabra,same-id-same-name
32153,32153,blue wooden candelabra,same-id-same-name
32154,32154,red wooden candelabra,same-id-same-name
32155,32155,red wooden candelabra,same-id-same-name
32156,32156,green wooden candelabra,same-id-same-name
32157,32157,green wooden candelabra,same-id-same-name
32158,32158,red wooden candelabra,same-id-same-name
32159,32159,red wooden candelabra,same-id-same-name
32160,32160,green wooden candelabra,same-id-same-name
32161,32161,blue wooden candelabra,same-id-same-name
32162,32162,blue wooden candelabra,same-id-same-name
32163,32163,green wooden candelabra,same-id-same-name
32164,32164,blue wall hangings,same-id-same-name
32165,32165,green wall hangings,same-id-same-name
32166,32166,red wall hangings,same-id-same-name
32170,32170,inscribed red heart,same-id-same-name
32171,32171,inscribed green heart,same-id-same-name
32172,32172,inscribed blue heart,same-id-same-name
32176,32176,unknow item,same-id-same-name
32197,32197,ulcer probe,same-id-same-name
32198,32198,filled milk churn,same-id-same-name
32225,32225,scalpel,same-id-same-name
32226,32226,purifier for lost souls,same-id-same-name
32227,32227,lost soul,same-id-same-name
32228,32228,purified soul,same-id-same-name
32263,32263,unknow item,same-id-same-name
32264,32264,unknow item,same-id-same-name
32265,32265,unknow item,same-id-same-name
32266,32266,unknow item,same-id-same-name
32267,32267,unknow item,same-id-same-name
32268,32268,unknow item,same-id-same-name
32269,32269,dead brain head,same-id-same-name
32270,32270,dead brain head,same-id-same-name
32271,32271,dead brain head,same-id-same-name
32272,32272,dead brain head,same-id-same-name
32411,32411,unknown,same-id-same-name
32417,32417,unknow,same-id-same-name
32418,32418,brain head,same-id-same-name
32435,32435,ruined wall,same-id-same-name
32461,32461,ruined wall,same-id-same-name
32473,32473,blue headboard,same-id-same-name
32474,32474,green headboard,same-id-same-name
32475,32475,red headboard,same-id-same-name
32476,32476,yellow headboard,same-id-same-name
32477,32477,cot headboard,same-id-same-name
32478,32478,hammock head section,same-id-same-name
32479,32479,simple headboard,same-id-same-name
32480,32480,straw mat head section,same-id-same-name
32481,32481,canopy headboard,same-id-same-name
32482,32482,blue footboard,same-id-same-name
32483,32483,green footboard,same-id-same-name
32484,32484,red footboard,same-id-same-name
32485,32485,yellow footboard,same-id-same-name
32486,32486,cot footboard,same-id-same-name
32487,32487,hammock foot section,same-id-same-name
32488,32488,simple footboard,same-id-same-name
32489,32489,straw bed foot section,same-id-same-name
32490,32490,canopy footboard,same-id-same-name
32491,32491,blue headboard,same-id-same-name
32492,32492,green headboard,same-id-same-name
32493,32493,red headboard,same-id-same-name
32494,32494,yellow headboard,same-id-same-name
32495,32495,cot headboard,same-id-same-name
32496,32496,hammock head section,same-id-same-name
32497,32497,simple headboard,same-id-same-name
32498,32498,straw mat head section,same-id-same-name
32499,32499,canopy headboard,same-id-same-name
32500,32500,blue footboard,same-id-same-name
32501,32501,green footboard,same-id-same-name
32502,32502,red footboard,same-id-same-name
32503,32503,yellow footboard,same-id-same-name
32504,32504,cot footboard,same-id-same-name
32505,32505,hammock foot section,same-id-same-name
32506,32506,simple footboard,same-id-same-name
32507,32507,straw bed foot section,same-id-same-name
32508,32508,canopy footboard,same-id-same-name
32509,32509,blue headboard,same-id-same-name
32510,32510,green headboard,same-id-same-name
32511,32511,red headboard,same-id-same-name
32512,32512,yellow headboard,same-id-same-name
32513,32513,cot headboard,same-id-same-name
32514,32514,hammock head section,same-id-same-name
32515,32515,simple headboard,same-id-same-name
32516,32516,straw mat head section,same-id-same-name
32517,32517,canopy headboard,same-id-same-name
32518,32518,blue headboard,same-id-same-name
32519,32519,green headboard,same-id-same-name
32520,32520,red headboard,same-id-same-name
32521,32521,yellow headboard,same-id-same-name
32522,32522,cot headboard,same-id-same-name
32523,32523,hammock head section,same-id-same-name
32524,32524,simple headboard,same-id-same-name
32525,32525,straw mat head section,same-id-same-name
32526,32526,canopy headboard,same-id-same-name
32527,32527,blue footboard,same-id-same-name
32528,32528,green footboard,same-id-same-name
32529,32529,red footboard,same-id-same-name
32530,32530,yellow footboard,same-id-same-name
32531,32531,cot footboard,same-id-same-name
32532,32532,hammock foot section,same-id-same-name
32533,32533,simple footboard,same-id-same-name
32534,32534,straw bed foot section,same-id-same-name
32535,32535,canopy footboard,same-id-same-name
32536,32536,blue headboard,same-id-same-name
32541,32541,green headboard,same-id-same-name
32542,32542,red headboard,same-id-same-name
32543,32543,yellow headboard,same-id-same-name
32544,32544,cot headboard,same-id-same-name
32545,32545,hammock head section,same-id-same-name
32546,32546,simple headboard,same-id-same-name
32547,32547,straw bed head section,same-id-same-name
32548,32548,canopy headboard,same-id-same-name
32549,32549,blue headboard,same-id-same-name
32550,32550,green headboard,same-id-same-name
32551,32551,red headboard,same-id-same-name
32552,32552,yellow headboard,same-id-same-name
32553,32553,cot headboard,same-id-same-name
32554,32554,hammock head section,same-id-same-name
32555,32555,simple headboard,same-id-same-name
32556,32556,straw bed head section,same-id-same-name
32557,32557,canopy headboard,same-id-same-name
32558,32558,blue footboard,same-id-same-name
32559,32559,green footboard,same-id-same-name
32560,32560,red footboard,same-id-same-name
32561,32561,yellow footboard,same-id-same-name
32562,32562,cot footboard,same-id-same-name
32563,32563,hammock foot section,same-id-same-name
32564,32564,simple footboard,same-id-same-name
32565,32565,straw bed foot section,same-id-same-name
32566,32566,canopy footboard,same-id-same-name
32567,32567,luminescent crystal,same-id-same-name
32568,32568,unknow,same-id-same-name
32569,32569,unknow,same-id-same-name
32570,32570,unknow,same-id-same-name
32571,32571,unknow,same-id-same-name
32572,32572,cerebellum,same-id-same-name
32573,32573,dead cerebellum,same-id-same-name
32574,32574,dead cerebellum,same-id-same-name
32575,32575,dead cerebellum,same-id-same-name
32576,32576,dead cerebellum,same-id-same-name
32577,32577,unknow,same-id-same-name
32578,32578,brain head's giant neuron,same-id-same-name
32579,32579,brain head's left hemisphere,same-id-same-name
32580,32580,brain head's right hemisphere,same-id-same-name
32581,32581,brain head's brain,same-id-same-name
32582,32582,death knell,same-id-same-name
32583,32583,skull coin,same-id-same-name
32584,32584,vial with a skull cork,same-id-same-name
32585,32585,burial shroud,same-id-same-name
32586,32586,yarn,same-id-same-name
32587,32587,glittering yarn,same-id-same-name
32588,32588,loom,same-id-same-name
32589,32589,angel figurine,same-id-same-name
32590,32590,unknow,same-id-same-name
32591,32591,soulforged lantern,same-id-same-name
32592,32592,unknow,same-id-same-name
32593,32593,grimace,same-id-same-name
32594,32594,bloody tears,same-id-same-name
32595,32595,jagged sickle,same-id-same-name
32596,32596,dark bell,same-id-same-name
32597,32597,ravenous circlet,same-id-same-name
32598,32598,pale worm's scalp,same-id-same-name
32599,32599,writhing heart,same-id-same-name
32600,32600,writhing brain,same-id-same-name
32601,32601,treasure chest,same-id-same-name
32602,32602,bone meal,same-id-same-name
32603,32603,grave flower extract,same-id-same-name
32604,32604,unknow item,same-id-same-name
32605,32605,unknow item,same-id-same-name
32606,32606,unknow item,same-id-same-name
32607,32607,dead lost soul,same-id-same-name
32608,32608,dead lost soul,same-id-same-name
32609,32609,dead lost soul,same-id-same-name
32610,32610,dead lost soul,same-id-same-name
32613,32613,ghostly water,same-id-same-name
32614,32614,unknow item,same-id-same-name
32615,32615,unknow item,same-id-same-name
32616,32616,phantasmal axe,same-id-same-name
32617,32617,fabulous legs,same-id-same-name
32618,32618,soulful legs,same-id-same-name
32619,32619,pair of nightmare boots,same-id-same-name
32620,32620,ghost backpack,same-id-same-name
32621,32621,enchanted ring of souls,same-id-same-name
32622,32622,giant amethyst,same-id-same-name
32623,32623,giant topaz,same-id-same-name
32624,32624,amber with a bug,same-id-same-name
32625,32625,amber with a dragonfly,same-id-same-name
32626,32626,amber,same-id-same-name
32627,32627,slab with a skull,same-id-same-name
32628,32628,ghost chestplate,same-id-same-name
32629,32629,spectral scrap of cloth,same-id-same-name
32630,32630,spooky hood,same-id-same-name
32631,32631,ghost claw,same-id-same-name
32632,32632,raw eye of the chasm,same-id-same-name
32633,32633,eye of the chasm,same-id-same-name
32634,32634,raw crystal deposit,same-id-same-name
32635,32635,enchanted ring of souls,same-id-same-name
32636,32636,ring of souls,same-id-same-name
32637,32637,unknow,same-id-same-name
32638,32638,unknow,same-id-same-name
32639,32639,unknow,same-id-same-name
32694,32694,unknow,same-id-same-name
32695,32695,unknow,same-id-same-name
32696,32696,unknow,same-id-same-name
32697,32697,pilaster,same-id-same-name
32698,32698,ensouled essence,same-id-same-name
32699,32699,dead pale worm,same-id-same-name
32700,32700,dead pale worm,same-id-same-name
32701,32701,dead pale worm,same-id-same-name
32702,32702,dead pale worm,same-id-same-name
32703,32703,death toll,same-id-same-name
32704,32704,phantasmal hair,same-id-same-name
32705,32705,pair of old bracers,same-id-same-name
32706,32706,unknow,same-id-same-name
32707,32707,dead corpse,same-id-same-name
32708,32708,dead corpse,same-id-same-name
32709,32709,dead corpse,same-id-same-name
32710,32710,dead corpse,same-id-same-name
32711,32711,luminescent crystal pickaxe,same-id-same-name
32724,32724,spectral gold nugget,same-id-same-name
32725,32725,spectral silver nugget,same-id-same-name
32726,32726,a weak spot,same-id-same-name
32730,32730,dead wormling,same-id-same-name
32731,32731,dead wormling,same-id-same-name
32732,32732,dead wormling,same-id-same-name
32733,32733,dead wormling,same-id-same-name
32734,32734,dead fear feaster,same-id-same-name
32735,32735,dead fear feaster,same-id-same-name
32736,32736,dead fear feaster,same-id-same-name
32737,32737,dead fear feaster,same-id-same-name
32738,32738,dead unwelcome,same-id-same-name
32739,32739,dead unwelcome,same-id-same-name
32740,32740,dead unwelcome,same-id-same-name
32741,32741,dead unwelcome,same-id-same-name
32742,32742,dead dread maiden,same-id-same-name
32743,32743,dead dread maiden,same-id-same-name
32744,32744,dead dread maiden,same-id-same-name
32745,32745,dead dread maiden,same-id-same-name
32746,32746,santa leech,same-id-same-name
32747,32747,dead corpse,same-id-same-name
32748,32748,dead corpse,same-id-same-name
32749,32749,dead corpse,same-id-same-name
32750,32750,dead corpse,same-id-same-name
32751,32751,gozzler trophy,same-id-same-name
32752,32752,sea serpent trophy,same-id-same-name
32753,32753,hellflayer trophy,same-id-same-name
32754,32754,bronze hunter trophy,same-id-same-name
32755,32755,silver hunter trophy,same-id-same-name
32756,32756,gold hunter trophy,same-id-same-name
32757,32757,luminescent crystal,same-id-same-name
32758,32758,mini NabBot,same-id-same-name
32759,32759,mini NabBot,same-id-same-name
32760,32760,mini NabBot,same-id-same-name
32761,32761,mini NabBot,same-id-same-name
32764,32764,plushie of a deepling,same-id-same-name
32765,32765,plushie of a hydra,same-id-same-name
32767,32767,unknown,same-id-same-name
32768,32768,sandtimer,same-id-same-name
32769,32769,white gem,same-id-same-name
32770,32770,diamond,same-id-same-name
32771,32771,moonstone,same-id-same-name
32772,32772,silver hand mirror,same-id-same-name
32773,32773,ivory comb,same-id-same-name
32774,32774,cursed bone,same-id-same-name
32775,32775,ice cabinet,same-id-same-name
32776,32776,ice cabinet,same-id-same-name
32777,32777,ice table,same-id-same-name
32778,32778,ice stool,same-id-same-name
32779,32779,ice stool,same-id-same-name
32780,32780,ice chest,same-id-same-name
32781,32781,ice chest,same-id-same-name
32782,32782,ice chest,same-id-same-name
32783,32783,ice chest,same-id-same-name
32784,32784,ice chandelier,same-id-same-name
32785,32785,ice chandelier,same-id-same-name
32786,32786,Ferumbras' snowman,same-id-same-name
32787,32787,Ferumbras' snowman,same-id-same-name
32788,32788,baby seal,same-id-same-name
32789,32789,baby seal,same-id-same-name
32790,32790,baby polar bear,same-id-same-name
32791,32791,baby polar bear,same-id-same-name
32792,32792,baby polar bear,same-id-same-name
32793,32793,baby polar bear,same-id-same-name
32794,32794,unknown,same-id-same-name
32795,32795,bone headboard,same-id-same-name
32796,32796,bone footboard,same-id-same-name
32797,32797,bone headboard,same-id-same-name
32798,32798,bone footboard,same-id-same-name
32799,32799,bone bed,same-id-same-name
32800,32800,bone bed,same-id-same-name
32801,32801,bone bed,same-id-same-name
32802,32802,bone bed,same-id-same-name
32803,32803,bone bed,same-id-same-name
32804,32804,bone bed,same-id-same-name
32897,32897,wall lamp,same-id-same-name
32899,32899,wall lamp,same-id-same-name
32907,32907,Guzzlemaw Grub,same-id-same-name
32908,32908,Baby Vulcongra,same-id-same-name
32909,32909,Baby Brain Squid,same-id-same-name
32910,32910,Guzzlemaw Grub,same-id-same-name
32911,32911,Baby Vulcongra,same-id-same-name
32912,32912,Baby Brain Squid,same-id-same-name
32913,32913,column of tournament heroes,same-id-same-name
32914,32914,papyrus deed,same-id-same-name
32915,32915,bronze deed,same-id-same-name
32916,32916,silver deed,same-id-same-name
32917,32917,gold deed,same-id-same-name
32918,32918,Demon Doll,same-id-same-name
32919,32919,bronze cup,same-id-same-name
32920,32920,silver cup,same-id-same-name
32921,32921,gold cup,same-id-same-name
32925,32925,golden crown,same-id-same-name
32943,32943,Vexclaw Doll,same-id-same-name
32944,32944,Ogre Rowdy Doll,same-id-same-name
32945,32945,Retching Horror Doll,same-id-same-name
32946,32946,cozy couch,same-id-same-name
32947,32947,cozy couch,same-id-same-name
32948,32948,cozy couch,same-id-same-name
32949,32949,cozy couch,same-id-same-name
32950,32950,cozy couch,same-id-same-name
32951,32951,cozy couch,same-id-same-name
32952,32952,cozy couch,same-id-same-name
32953,32953,cozy couch,same-id-same-name
32954,32954,cozy couch,same-id-same-name
32955,32955,cozy couch,same-id-same-name
32956,32956,cozy couch,same-id-same-name
32957,32957,cozy couch,same-id-same-name
32958,32958,cozy couch,same-id-same-name
32959,32959,cozy couch,same-id-same-name
32960,32960,cozy couch,same-id-same-name
32961,32961,cozy couch,same-id-same-name
32962,32962,cozy couch,same-id-same-name
32963,32963,cozy couch,same-id-same-name
32964,32964,cozy couch,same-id-same-name
32965,32965,cozy couch,same-id-same-name
32966,32966,carved table,same-id-same-name
32967,32967,carved table,same-id-same-name
32968,32968,carved table,same-id-same-name
32969,32969,carved table,same-id-same-name
32970,32970,carved table,same-id-same-name
32971,32971,carved table,same-id-same-name
32972,32972,carved table,same-id-same-name
32973,32973,carved table,same-id-same-name
32974,32974,carved table,same-id-same-name
32979,32979,fog portal,same-id-same-name
33032,33032,heart cabinet,same-id-same-name
33033,33033,heart cabinet,same-id-same-name
33034,33034,heart table,same-id-same-name
33035,33035,heart table,same-id-same-name
33036,33036,heart chair,same-id-same-name
33037,33037,heart chair,same-id-same-name
33038,33038,heart chair,same-id-same-name
33039,33039,heart chair,same-id-same-name
33040,33040,bat,same-id-same-name
33041,33041,bat,same-id-same-name
33042,33042,bat,same-id-same-name
33043,33043,heart chest,same-id-same-name
33044,33044,heart chest,same-id-same-name
33045,33045,heart chest,same-id-same-name
33046,33046,heart chest,same-id-same-name
33047,33047,heart lamp,same-id-same-name
33048,33048,heart lamp,same-id-same-name
33049,33049,heart lamp,same-id-same-name
33052,33052,wooden plank,same-id-same-name
33149,33149,woode,same-id-same-name
33174,33174,ramp,same-id-same-name
33175,33175,ramp,same-id-same-name
33176,33176,ramp,same-id-same-name
33177,33177,ramp,same-id-same-name
33178,33178,ramp,same-id-same-name
33179,33179,ramp,same-id-same-name
33180,33180,ramp,same-id-same-name
33181,33181,ramp,same-id-same-name
33182,33182,cornerstone,same-id-same-name
33203,33203,ramp,same-id-same-name
33204,33204,ramp,same-id-same-name
33205,33205,ramp,same-id-same-name
33206,33206,ramp,same-id-same-name
33207,33207,ramp,same-id-same-name
33208,33208,ramp,same-id-same-name
33209,33209,ramp,same-id-same-name
33210,33210,ramp,same-id-same-name
33211,33211,cornerstone,same-id-same-name
33232,33232,ramp,same-id-same-name
33233,33233,ramp,same-id-same-name
33234,33234,ramp,same-id-same-name
33235,33235,ramp,same-id-same-name
33236,33236,ramp,same-id-same-name
33237,33237,ramp,same-id-same-name
33238,33238,ramp,same-id-same-name
33239,33239,ramp,same-id-same-name
33240,33240,cornerstone,same-id-same-name
33255,33255,ramp,same-id-same-name
33256,33256,ramp,same-id-same-name
33257,33257,ramp,same-id-same-name
33258,33258,ramp,same-id-same-name
33259,33259,ramp,same-id-same-name
33260,33260,ramp,same-id-same-name
33261,33261,ramp,same-id-same-name
33262,33262,ramp,same-id-same-name
33264,33264,cornerstone,same-id-same-name
33271,33271,closed door,same-id-same-name
33272,33272,open door,same-id-same-name
33273,33273,closed door,same-id-same-name
33274,33274,open door,same-id-same-name
33303,33303,blue marble,same-id-same-name
33304,33304,green marble,same-id-same-name
33305,33305,red marble,same-id-same-name
33306,33306,onyx marble,same-id-same-name
33307,33307,versicoloured marble,same-id-same-name
33308,33308,turquoise marble,same-id-same-name
33309,33309,golden marble,same-id-same-name
33310,33310,orange marble,same-id-same-name
33311,33311,psychedelic marble,same-id-same-name
33313,33313,the supreme cube,same-id-same-name
33317,33317,sulphur puddle,same-id-same-name
33319,33319,old lute,same-id-same-name
33320,33320,old fanfare,same-id-same-name
33330,33330,monolith of the planes kit,same-id-same-name
33331,33331,bard doll,same-id-same-name
33332,33332,bard doll,same-id-same-name
33333,33333,bard doll,same-id-same-name
33334,33334,bard doll,same-id-same-name
33632,33632,closed door,same-id-same-name
33633,33633,closed door,same-id-same-name
33634,33634,closed door,same-id-same-name
33635,33635,closed door,same-id-same-name
33709,33709,pitfall,same-id-same-name
33767,33767,closed door,same-id-same-name
33769,33769,smoke,same-id-same-name
33770,33770,ladder,same-id-same-name
33776,33776,bard doll,same-id-same-name
33777,33777,bard doll,same-id-same-name
33778,33778,raw watermelon tourmaline,same-id-same-name
33779,33779,watermelon tourmaline,same-id-same-name
33780,33780,watermelon tourmaline,same-id-same-name
33781,33781,lion figurine,same-id-same-name
33782,33782,mirror,same-id-same-name
33783,33783,broken mirror,same-id-same-name
33784,33784,mirror,same-id-same-name
33785,33785,broken mirror,same-id-same-name
33790,33790,inactive vortex,same-id-same-name
33791,33791,active spirit vortex,same-id-same-name
33792,33792,condensed remorse,same-id-same-name
33793,33793,sorrow,same-id-same-name
33794,33794,dead bony sea devil,same-id-same-name
33795,33795,dead bony sea devil,same-id-same-name
33796,33796,dead bony sea devil,same-id-same-name
33797,33797,dead bony sea devil,same-id-same-name
33798,33798,dead cloak of terror,same-id-same-name
33799,33799,dead cloak of terror,same-id-same-name
33800,33800,dead cloak of terror,same-id-same-name
33801,33801,dead cloak of terror,same-id-same-name
33802,33802,dead many faces,same-id-same-name
33803,33803,dead many faces,same-id-same-name
33804,33804,dead many faces,same-id-same-name
33805,33805,dead many faces,same-id-same-name
33806,33806,dead branchy crawler,same-id-same-name
33807,33807,dead branchy crawler,same-id-same-name
33808,33808,dead branchy crawler,same-id-same-name
33809,33809,dead branchy crawler,same-id-same-name
33810,33810,dead vibrant phantom,same-id-same-name
33811,33811,dead vibrant phantom,same-id-same-name
33812,33812,dead vibrant phantom,same-id-same-name
33813,33813,dead vibrant phantom,same-id-same-name
33814,33814,dead brachiodemon,same-id-same-name
33815,33815,dead brachiodemon,same-id-same-name
33816,33816,dead brachiodemon,same-id-same-name
33817,33817,dead brachiodemon,same-id-same-name
33818,33818,dead werehyaena,same-id-same-name
33819,33819,dead werehyaena,same-id-same-name
33820,33820,dead werehyaena,same-id-same-name
33821,33821,dead werehyaena,same-id-same-name
33822,33822,dead werelion,same-id-same-name
33823,33823,dead werelion,same-id-same-name
33824,33824,dead werelion,same-id-same-name
33825,33825,dead werelion,same-id-same-name
33854,33854,blood of cloak of Terror,same-id-same-name
33856,33856,dead goshnar's cruelty,same-id-same-name
33857,33857,dead goshnar's cruelty,same-id-same-name
33858,33858,dead goshnar's cruelty,same-id-same-name
33859,33859,dead goshnar's cruelty,same-id-same-name
33860,33860,dead goshnar's greed,same-id-same-name
33861,33861,dead goshnar's greed,same-id-same-name
33862,33862,dead goshnar's greed,same-id-same-name
33863,33863,dead goshnar's greed,same-id-same-name
33864,33864,dead goshnar's spite,same-id-same-name
33865,33865,dead goshnar's spite,same-id-same-name
33866,33866,dead goshnar's spite,same-id-same-name
33867,33867,dead goshnar's spite,same-id-same-name
33868,33868,dead goshnar's malice,same-id-same-name
33869,33869,dead goshnar's malice,same-id-same-name
33870,33870,dead goshnar's malice,same-id-same-name
33871,33871,dead goshnar's malice,same-id-same-name
33872,33872,dead goshnar's hatred,same-id-same-name
33873,33873,dead goshnar's hatred,same-id-same-name
33874,33874,dead goshnar's hatred,same-id-same-name
33875,33875,dead goshnar's hatred,same-id-same-name
33876,33876,dead weeping soul,same-id-same-name
33877,33877,searing fire,same-id-same-name
33886,33886,dead goshnars megalomania,same-id-same-name
33887,33887,dead goshnars megalomania,same-id-same-name
33888,33888,dead goshnars megalomania,same-id-same-name
33889,33889,dead goshnars megalomania,same-id-same-name
33890,33890,greedy maw,same-id-same-name
33891,33891,some mortal essence,same-id-same-name
33892,33892,love elixir,same-id-same-name
33893,33893,love elixir,same-id-same-name
33894,33894,dead rottem golem,same-id-same-name
33895,33895,dead rottem golem,same-id-same-name
33896,33896,dead rottem golem,same-id-same-name
33897,33897,dead rottem golem,same-id-same-name
33898,33898,dead infernal demon,same-id-same-name
33899,33899,dead infernal demon,same-id-same-name
33900,33900,dead infernal demon,same-id-same-name
33901,33901,dead infernal demon,same-id-same-name
33902,33902,dead turbulent elemental,same-id-same-name
33903,33903,dead turbulent elemental,same-id-same-name
33904,33904,dead turbulent elemental,same-id-same-name
33905,33905,dead turbulent elemental,same-id-same-name
33906,33906,dead courage leech,same-id-same-name
33907,33907,dead courage leech,same-id-same-name
33908,33908,dead courage leech,same-id-same-name
33909,33909,dead courage leech,same-id-same-name
33916,33916,salted cave rat,same-id-same-name
33917,33917,empty cask,same-id-same-name
33920,33920,Malice's horn,same-id-same-name
33921,33921,Malice's spine,same-id-same-name
33922,33922,Cruelty's claw,same-id-same-name
33923,33923,Cruelty's chest,same-id-same-name
33924,33924,Greed's arm,same-id-same-name
33925,33925,Megalomania's skull,same-id-same-name
33926,33926,Spite's spirit,same-id-same-name
33927,33927,vial of Hatred,same-id-same-name
33928,33928,Megalomania's essence,same-id-same-name
33929,33929,rod,same-id-same-name
33930,33930,salt,same-id-same-name
33931,33931,cask,same-id-same-name
33932,33932,head,same-id-same-name
33933,33933,apron,same-id-same-name
33934,33934,telescope eye,same-id-same-name
33935,33935,crown,same-id-same-name
33936,33936,hand,same-id-same-name
33937,33937,head,same-id-same-name
33938,33938,roots,same-id-same-name
33939,33939,cask,same-id-same-name
33940,33940,cask,same-id-same-name
33941,33941,cask,same-id-same-name
33942,33942,cask,same-id-same-name
33943,33943,werehyaena nose,same-id-same-name
33944,33944,werehyaena talisman,same-id-same-name
33945,33945,ivory carving,same-id-same-name
33946,33946,cave rat,same-id-same-name
33947,33947,hard-boiled hydra egg,same-id-same-name
33948,33948,cask,same-id-same-name
33949,33949,dead aspect of power,same-id-same-name
33950,33950,cleansed sanity,same-id-same-name
33952,33952,figurine of spite,same-id-same-name
33953,33953,figurine of megalomania,same-id-same-name
33954,33954,dead lion knight,same-id-same-name
33955,33955,dead lion knight,same-id-same-name
33956,33956,dead lion knight,same-id-same-name
33957,33957,dead lion knight,same-id-same-name
33958,33958,dead lion archer,same-id-same-name
33959,33959,dead lion archer,same-id-same-name
33960,33960,dead lion archer,same-id-same-name
33961,33961,dead lion archer,same-id-same-name
33962,33962,dead lion warlock,same-id-same-name
33963,33963,dead lion warlock,same-id-same-name
33964,33964,dead lion warlock,same-id-same-name
33965,33965,dead lion warlock,same-id-same-name
33966,33966,dead lion archer,same-id-same-name
33967,33967,dead lion archer,same-id-same-name
33968,33968,dead lion archer,same-id-same-name
33969,33969,dead lion archer,same-id-same-name
33970,33970,dead drume,same-id-same-name
33971,33971,dead drume,same-id-same-name
33972,33972,dead drume,same-id-same-name
33973,33973,dead drume,same-id-same-name
33974,33974,dead usurper knight,same-id-same-name
33975,33975,dead usurper knight,same-id-same-name
33976,33976,dead usurper knight,same-id-same-name
33977,33977,dead usurper knight,same-id-same-name
33978,33978,dead usurper archer,same-id-same-name
33979,33979,dead usurper archer,same-id-same-name
33980,33980,dead usurper archer,same-id-same-name
33981,33981,dead usurper archer,same-id-same-name
33982,33982,crawler's essence,same-id-same-name
33984,33984,necromantic remains,same-id-same-name
34005,34005,pulsating energy,same-id-same-name
34006,34006,blood of cloak of Terror,same-id-same-name
34007,34007,blood of cloak of Terror,same-id-same-name
34008,34008,white silk flower,same-id-same-name
34014,34014,jaws,same-id-same-name
34015,34015,lion statue,same-id-same-name
34016,34016,lit torch,same-id-same-name
34017,34017,lit torch,same-id-same-name
34018,34018,figurine of malice,same-id-same-name
34019,34019,figurine of cruelty,same-id-same-name
34020,34020,figurine of hatred,same-id-same-name
34021,34021,figurine of Greed,same-id-same-name
34022,34022,goblet of gloom,same-id-same-name
34023,34023,brooch of embracement,same-id-same-name
34024,34024,gruesome fan,same-id-same-name
34025,34025,diabolic skull,same-id-same-name
34026,34026,baby bonelord,same-id-same-name
34027,34027,baby bonelord,same-id-same-name
34028,34028,baby bonelord,same-id-same-name
34029,34029,baby bonelord,same-id-same-name
34030,34030,artist shelf,same-id-same-name
34031,34031,artist shelf,same-id-same-name
34032,34032,artist shelf,same-id-same-name
34033,34033,artist shelf,same-id-same-name
34036,34036,artist chair,same-id-same-name
34037,34037,artist chair,same-id-same-name
34038,34038,artist chair,same-id-same-name
34039,34039,artist chair,same-id-same-name
34040,34040,artist chest,same-id-same-name
34041,34041,artist chest,same-id-same-name
34042,34042,artist chest,same-id-same-name
34043,34043,artist chest,same-id-same-name
34044,34044,sculptor shelf,same-id-same-name
34045,34045,sculptor shelf,same-id-same-name
34046,34046,sculptor shelf,same-id-same-name
34047,34047,sculptor shelf,same-id-same-name
34050,34050,sculptor chair,same-id-same-name
34051,34051,sculptor chair,same-id-same-name
34052,34052,sculptor chair,same-id-same-name
34053,34053,sculptor chair,same-id-same-name
34054,34054,sculptor chest,same-id-same-name
34055,34055,sculptor chest,same-id-same-name
34056,34056,sculptor chest,same-id-same-name
34057,34057,sculptor chest,same-id-same-name
34058,34058,demon statue,same-id-same-name
34059,34059,demon statue,same-id-same-name
34060,34060,sabretooth skull,same-id-same-name
34061,34061,sabretooth skull,same-id-same-name
34062,34062,drawing board,same-id-same-name
34063,34063,drawing board,same-id-same-name
34064,34064,sculpture of a noblewoman,same-id-same-name
34065,34065,sculpture of a noblewoman,same-id-same-name
34066,34066,sculpture of a noblewoman,same-id-same-name
34067,34067,sculpture of a noblewoman,same-id-same-name
34068,34068,sculpture of a noblewoman,same-id-same-name
34069,34069,sculpture of a noblewoman,same-id-same-name
34070,34070,sculpture of a noblewoman,same-id-same-name
34071,34071,sculpture of a noblewoman,same-id-same-name
34072,34072,spectral horseshoe,same-id-same-name
34073,34073,spectral saddle,same-id-same-name
34074,34074,spectral horse tack,same-id-same-name
34075,34075,the skull of a beast,same-id-same-name
34076,34076,bracelet of strengthening,same-id-same-name
34077,34077,chopped lion mane petals,same-id-same-name
34078,34078,cask,same-id-same-name
34079,34079,Seal of Quality,same-id-same-name
34080,34080,lion ring,same-id-same-name
34081,34081,lion statue,same-id-same-name
34082,34082,soulcutter,same-id-same-name
34083,34083,soulshredder,same-id-same-name
34084,34084,soulbiter,same-id-same-name
34085,34085,souleater,same-id-same-name
34086,34086,soulcrusher,same-id-same-name
34087,34087,soulmaimer,same-id-same-name
34088,34088,soulbleeder,same-id-same-name
34089,34089,soulpiercer,same-id-same-name
34090,34090,soultainter,same-id-same-name
34091,34091,soulhexer,same-id-same-name
34092,34092,soulshanks,same-id-same-name
34093,34093,soulstrider,same-id-same-name
34094,34094,soulshell,same-id-same-name
34095,34095,soulmantle,same-id-same-name
34096,34096,soulshroud,same-id-same-name
34097,34097,pair of soulwalkers,same-id-same-name
34098,34098,pair of soulstalkers,same-id-same-name
34099,34099,soulbastion,same-id-same-name
34100,34100,Katex' blood,same-id-same-name
34101,34101,Utua's poison,same-id-same-name
34102,34102,Yirkas' egg,same-id-same-name
34103,34103,Srezz' eye,same-id-same-name
34104,34104,slab with a hyaena,same-id-same-name
34105,34105,slab with a snake,same-id-same-name
34106,34106,slab with a lizard,same-id-same-name
34107,34107,slab with a scorpion,same-id-same-name
34109,34109,bag you desire,same-id-same-name
34110,34110,sandstone statue,same-id-same-name
34111,34111,magic forcefield,same-id-same-name
34118,34118,dead capricious phantom,same-id-same-name
34119,34119,dead capricious phantom,same-id-same-name
34120,34120,dead capricious phantom,same-id-same-name
34121,34121,dead capricious phantom,same-id-same-name
34122,34122,dead infernal phantom,same-id-same-name
34123,34123,dead infernal phantom,same-id-same-name
34124,34124,dead infernal phantom,same-id-same-name
34125,34125,dead infernal phantom,same-id-same-name
34126,34126,dead hazardous phantom,same-id-same-name
34127,34127,dead hazardous phantom,same-id-same-name
34128,34128,dead hazardous phantom,same-id-same-name
34129,34129,dead hazardous phantom,same-id-same-name
34130,34130,dead mould phantom,same-id-same-name
34131,34131,dead mould phantom,same-id-same-name
34132,34132,dead mould phantom,same-id-same-name
34133,34133,dead mould phantom,same-id-same-name
34134,34134,dead distorted phantom,same-id-same-name
34135,34135,dead distorted phantom,same-id-same-name
34136,34136,dead distorted phantom,same-id-same-name
34137,34137,dead distorted phantom,same-id-same-name
34138,34138,capricious heart,same-id-same-name
34139,34139,infernal heart,same-id-same-name
34140,34140,hazardous heart,same-id-same-name
34141,34141,mould heart,same-id-same-name
34142,34142,distorted heart,same-id-same-name
34143,34143,vibrant heart,same-id-same-name
34144,34144,vibrant robe,same-id-same-name
34145,34145,capricious robe,same-id-same-name
34146,34146,infernal robe,same-id-same-name
34147,34147,hazardous robe,same-id-same-name
34148,34148,mould robe,same-id-same-name
34149,34149,distorted robe,same-id-same-name
34150,34150,lion longbow,same-id-same-name
34151,34151,lion rod,same-id-same-name
34152,34152,lion wand,same-id-same-name
34153,34153,lion spellbook,same-id-same-name
34154,34154,lion shield,same-id-same-name
34155,34155,lion longsword,same-id-same-name
34156,34156,lion spangenhelm,same-id-same-name
34157,34157,lion plate,same-id-same-name
34158,34158,lion amulet,same-id-same-name
34160,34160,lion crest,same-id-same-name
34161,34161,broken longbow,same-id-same-name
34162,34162,lion cloak patch,same-id-same-name
34163,34163,lion seal,same-id-same-name
34164,34164,fur shred,same-id-same-name
34165,34165,ramp,same-id-same-name
34166,34166,trapdoor,same-id-same-name
34170,34170,morbid tapestry,same-id-same-name
34173,34173,dead corpse,same-id-same-name
34174,34174,dead corpse,same-id-same-name
34175,34175,dead corpse,same-id-same-name
34176,34176,dead corpse,same-id-same-name
34177,34177,dead corpse,same-id-same-name
34178,34178,dead corpse,same-id-same-name
34179,34179,dead corpse,same-id-same-name
34180,34180,dead corpse,same-id-same-name
34181,34181,dead usurper warlock,same-id-same-name
34182,34182,dead usurper warlock,same-id-same-name
34183,34183,dead usurper warlock,same-id-same-name
34184,34184,dead usurper warlock,same-id-same-name
34185,34185,dead werelioness,same-id-same-name
34186,34186,dead werelioness,same-id-same-name
34187,34187,dead werelioness,same-id-same-name
34188,34188,dead werelioness,same-id-same-name
34189,34189,dead werehyaena shaman,same-id-same-name
34190,34190,dead katex blood tongue,same-id-same-name
34191,34191,dead werehyaena shaman,same-id-same-name
34192,34192,dead werehyaena shaman,same-id-same-name
34193,34193,dead werehyaena shaman,same-id-same-name
34194,34194,dead katex blood tongue,same-id-same-name
34195,34195,dead katex blood tongue,same-id-same-name
34196,34196,dead katex blood tongue,same-id-same-name
34197,34197,dead yirkas blue scales,same-id-same-name
34198,34198,dead yirkas blue scales,same-id-same-name
34199,34199,dead yirkas blue scales,same-id-same-name
34200,34200,dead yirkas blue scales,same-id-same-name
34201,34201,dead utua stone sting,same-id-same-name
34202,34202,dead utua stone sting,same-id-same-name
34203,34203,dead utua stone sting,same-id-same-name
34204,34204,dead utua stone sting,same-id-same-name
34205,34205,dead srezz yellow eyes,same-id-same-name
34206,34206,dead srezz yellow eyes,same-id-same-name
34207,34207,dead srezz yellow eyes,same-id-same-name
34208,34208,dead srezz yellow eyes,same-id-same-name
34209,34209,Fitzwilliam's Special Reserve,same-id-same-name
34210,34210,goromaphone,same-id-same-name
34217,34217,lion mosaic,same-id-same-name
34218,34218,lion mosaic,same-id-same-name
34219,34219,werehyaena trophy,same-id-same-name
34220,34220,grimy wooden plank,same-id-same-name
34221,34221,closed door,same-id-same-name
34222,34222,open door,same-id-same-name
34223,34223,closed door,same-id-same-name
34224,34224,open door,same-id-same-name
34227,34227,blood pagoda,same-id-same-name
34237,34237,dead frog,same-id-same-name
34238,34238,paper,same-id-same-name
34243,34243,ladder,same-id-same-name
34244,34244,dead white lion,same-id-same-name
34245,34245,dead white lion,same-id-same-name
34246,34246,dead white lion,same-id-same-name
34247,34247,dead white lion,same-id-same-name
34249,34249,wooden trash,same-id-same-name
34252,34252,wooden planks,same-id-same-name
34253,34253,lion axe,same-id-same-name
34254,34254,lion hammer,same-id-same-name
34255,34255,trapdoor,same-id-same-name
34256,34256,lion statue,same-id-same-name
34257,34257,lion statue,same-id-same-name
34258,34258,red silk flower,same-id-same-name
34259,34259,ventilation grille,same-id-same-name
34264,34264,Tibiapedia,same-id-same-name
34265,34265,Tibiapedia,same-id-same-name
34266,34266,Tibiapedia,same-id-same-name
34267,34267,Tibiapedia,same-id-same-name
34268,34268,baby Munster,same-id-same-name
34269,34269,baby Munster,same-id-same-name
34272,34272,oven,same-id-same-name
34273,34273,oven,same-id-same-name
34274,34274,oven,same-id-same-name
34275,34275,oven,same-id-same-name
34276,34276,cupboard,same-id-same-name
34278,34278,cupboard,same-id-same-name
34280,34280,wallcupboard,same-id-same-name
34282,34282,kitchen shelf,same-id-same-name
34284,34284,kitchen table,same-id-same-name
34285,34285,kitchen table,same-id-same-name
34286,34286,kitchen table,same-id-same-name
34287,34287,kitchen table,same-id-same-name
34288,34288,kitchen table,same-id-same-name
34289,34289,kitchen table,same-id-same-name
34290,34290,kitchen table,same-id-same-name
34291,34291,kitchen table,same-id-same-name
34292,34292,kitchen chair,same-id-same-name
34293,34293,kitchen chair,same-id-same-name
34294,34294,kitchen chair,same-id-same-name
34295,34295,kitchen chair,same-id-same-name
34296,34296,kitchen chest,same-id-same-name
34297,34297,kitchen chest,same-id-same-name
34298,34298,kitchen chest,same-id-same-name
34299,34299,kitchen chest,same-id-same-name
34302,34302,vegetable basket,same-id-same-name
34303,34303,vegetable basket,same-id-same-name
34309,34309,kitchen clock,same-id-same-name
34312,34312,homely bed,same-id-same-name
34313,34313,homely bed,same-id-same-name
34314,34314,homely bed,same-id-same-name
34315,34315,homely bed,same-id-same-name
34316,34316,homely bed,same-id-same-name
34317,34317,homely bed,same-id-same-name
34318,34318,homely bed,same-id-same-name
34319,34319,homely bed,same-id-same-name
34320,34320,homely bed,same-id-same-name
34321,34321,homely bed,same-id-same-name
34322,34322,homely bed,same-id-same-name
34323,34323,homely bed,same-id-same-name
34324,34324,oven,same-id-same-name
34325,34325,oven,same-id-same-name
34326,34326,wicked witch,same-id-same-name
34327,34327,wicked witch,same-id-same-name
34328,34328,bronze cup,same-id-same-name
34329,34329,silver cup,same-id-same-name
34330,34330,gold cup,same-id-same-name
34331,34331,golden magic longsword,same-id-same-name
34332,34332,gilded crown,same-id-same-name
35095,35095,buttress,same-id-same-name
35153,35153,baby elephant,same-id-same-name
35154,35154,baby elephant,same-id-same-name
35155,35155,forge,same-id-same-name
35156,35156,forge,same-id-same-name
35157,35157,forge,same-id-same-name
35158,35158,forge,same-id-same-name
35159,35159,forge,same-id-same-name
35160,35160,forge,same-id-same-name
35163,35163,workbench,same-id-same-name
35164,35164,workbench,same-id-same-name
35165,35165,workbench,same-id-same-name
35166,35166,workbench,same-id-same-name
35167,35167,wooden stool,same-id-same-name
35168,35168,wooden stool,same-id-same-name
35169,35169,wooden stool,same-id-same-name
35170,35170,wooden stool,same-id-same-name
35171,35171,toolbox,same-id-same-name
35172,35172,toolbox,same-id-same-name
35173,35173,toolbox,same-id-same-name
35174,35174,toolbox,same-id-same-name
35175,35175,wooden cabinet,same-id-same-name
35176,35176,wooden cabinet,same-id-same-name
35177,35177,grinding wheel,same-id-same-name
35178,35178,grinding wheel,same-id-same-name
35179,35179,grinding wheel,same-id-same-name
35180,35180,grinding wheel,same-id-same-name
35181,35181,pair of bellows,same-id-same-name
35182,35182,pair of bellows,same-id-same-name
35183,35183,pair of bellows,same-id-same-name
35184,35184,pair of bellows,same-id-same-name
35189,35189,wrought-iron bed,same-id-same-name
35190,35190,wrought-iron bed,same-id-same-name
35191,35191,wrought-iron bed,same-id-same-name
35192,35192,wrought-iron bed,same-id-same-name
35193,35193,wrought-iron bed,same-id-same-name
35203,35203,wrought-iron bed,same-id-same-name
35204,35204,wrought-iron bed,same-id-same-name
35205,35205,wrought-iron bed,same-id-same-name
35206,35206,wrought-iron bed,same-id-same-name
35207,35207,wrought-iron bed,same-id-same-name
35208,35208,wrought-iron bed,same-id-same-name
35209,35209,wrought-iron bed,same-id-same-name
35226,35226,rascoohan rat revealer,same-id-same-name
35279,35279,durable exercise sword,same-id-same-name
35280,35280,durable exercise axe,same-id-same-name
35281,35281,durable exercise club,same-id-same-name
35282,35282,durable exercise bow,same-id-same-name
35283,35283,durable exercise rod,same-id-same-name
35284,35284,durable exercise wand,same-id-same-name
35285,35285,lasting exercise sword,same-id-same-name
35286,35286,lasting exercise axe,same-id-same-name
35287,35287,lasting exercise club,same-id-same-name
35288,35288,lasting exercise bow,same-id-same-name
35289,35289,lasting exercise rod,same-id-same-name
35290,35290,lasting exercise wand,same-id-same-name
35291,35291,Rita's letter,same-id-same-name
35336,35336,ballistic boulder,same-id-same-name
35337,35337,greenish flintstone,same-id-same-name
35358,35358,dead exotic cave spider,same-id-same-name
35359,35359,dead exotic cave spider,same-id-same-name
35360,35360,dead exotic cave spider,same-id-same-name
35361,35361,dead exotic cave spider,same-id-same-name
35369,35369,dead pirat cutthroat,same-id-same-name
35370,35370,dead pirat cutthroat,same-id-same-name
35371,35371,dead pirat cutthroat,same-id-same-name
35372,35372,dead pirat cutthroat,same-id-same-name
35376,35376,magical water orb,same-id-same-name
35377,35377,dead pirat scoundrel,same-id-same-name
35378,35378,dead pirat scoundrel,same-id-same-name
35379,35379,dead pirat scoundrel,same-id-same-name
35380,35380,dead pirat scoundrel,same-id-same-name
35479,35479,bag of smuggled goods,same-id-same-name
35495,35495,lace-trimmed handkerchief,same-id-same-name
35502,35502,magic portal,same-id-same-name
35508,35508,cheesy key,same-id-same-name
35514,35514,jungle flail,same-id-same-name
35515,35515,throwing axe,same-id-same-name
35516,35516,exotic legs,same-id-same-name
35517,35517,bast legs,same-id-same-name
35518,35518,jungle bow,same-id-same-name
35519,35519,makeshift boots,same-id-same-name
35520,35520,make-do boots,same-id-same-name
35521,35521,jungle rod,same-id-same-name
35522,35522,jungle wand,same-id-same-name
35523,35523,exotic amulet,same-id-same-name
35524,35524,jungle quiver,same-id-same-name
35562,35562,quiver,same-id-same-name
35563,35563,magic shield potion,same-id-same-name
35571,35571,small treasure chest,same-id-same-name
35572,35572,pirate coin,same-id-same-name
35573,35573,pirat's tail,same-id-same-name
35574,35574,shark fins,same-id-same-name
35576,35576,plushie of Tentugly,same-id-same-name
35577,35577,raccoon backpack,same-id-same-name
35578,35578,tiara,same-id-same-name
35579,35579,golden dustbin,same-id-same-name
35580,35580,golden skull,same-id-same-name
35581,35581,golden cheese wedge,same-id-same-name
35582,35582,blue shark trophy,same-id-same-name
35584,35584,striped shark trophy,same-id-same-name
35585,35585,brown shark trophy,same-id-same-name
35586,35586,golden shark trophy,same-id-same-name
35587,35587,shark jaws,same-id-same-name
35588,35588,grappling hook,same-id-same-name
35589,35589,snowbash figurine,same-id-same-name
35590,35590,sandscourge figurine,same-id-same-name
35591,35591,mossmasher figurine,same-id-same-name
35592,35592,bladespark figurine,same-id-same-name
35595,35595,soap,same-id-same-name
35596,35596,mouldy powder,same-id-same-name
35599,35599,hammerhead trophy,same-id-same-name
35604,35604,sapphire necklace,same-id-same-name
35605,35605,emerald necklace,same-id-same-name
35606,35606,garnet necklace,same-id-same-name
35607,35607,diamond necklace,same-id-same-name
35608,35608,rhodolith necklace,same-id-same-name
35609,35609,amethyst necklace,same-id-same-name
35610,35610,Tentugly's eye,same-id-same-name
35611,35611,tentacle of Tentugly,same-id-same-name
35612,35612,Tentugly's jaws,same-id-same-name
35613,35613,Ratmiral's hat,same-id-same-name
35614,35614,cheesy membership card,same-id-same-name
35687,35687,dead exotic bat,same-id-same-name
35688,35688,dead exotic bat,same-id-same-name
35689,35689,dead exotic bat,same-id-same-name
35690,35690,dead exotic bat,same-id-same-name
35692,35692,raccoon santa,same-id-same-name
35695,35695,scrubbing brush,same-id-same-name
35848,35848,blue quiver,same-id-same-name
35849,35849,red quiver,same-id-same-name
35851,35851,magnificent bed,same-id-same-name
35852,35852,magnificent bed,same-id-same-name
35853,35853,magnificent bed,same-id-same-name
35854,35854,magnificent bed,same-id-same-name
35855,35855,magnificent bed,same-id-same-name
35856,35856,magnificent bed,same-id-same-name
35857,35857,magnificent bed,same-id-same-name
35858,35858,magnificent bed,same-id-same-name
35859,35859,magnificent bed,same-id-same-name
35860,35860,magnificent bed,same-id-same-name
35861,35861,magnificent bed,same-id-same-name
35862,35862,magnificent bed,same-id-same-name
35863,35863,ornate bed,same-id-same-name
35864,35864,ornate bed,same-id-same-name
35865,35865,ornate bed,same-id-same-name
35866,35866,ornate bed,same-id-same-name
35867,35867,ornate bed,same-id-same-name
35868,35868,ornate bed,same-id-same-name
35869,35869,ornate bed,same-id-same-name
35870,35870,ornate bed,same-id-same-name
35871,35871,ornate bed,same-id-same-name
35872,35872,ornate bed,same-id-same-name
35873,35873,ornate bed,same-id-same-name
35874,35874,ornate bed,same-id-same-name
35875,35875,vengothic bed,same-id-same-name
35876,35876,vengothic bed,same-id-same-name
35877,35877,vengothic bed,same-id-same-name
35878,35878,vengothic bed,same-id-same-name
35879,35879,vengothic bed,same-id-same-name
35880,35880,vengothic bed,same-id-same-name
35881,35881,vengothic bed,same-id-same-name
35882,35882,vengothic bed,same-id-same-name
35883,35883,vengothic bed,same-id-same-name
35884,35884,vengothic bed,same-id-same-name
35885,35885,vengothic bed,same-id-same-name
35886,35886,vengothic bed,same-id-same-name
35901,35901,diamond arrow,same-id-same-name
35902,35902,spectral bolt,same-id-same-name
35909,35909,chaos critical dice,same-id-same-name
35910,35910,chaos critical dice,same-id-same-name
35911,35911,grandiose cupboard,same-id-same-name
35912,35912,grandiose cupboard,same-id-same-name
35913,35913,grandiose table,same-id-same-name
35914,35914,grandiose table,same-id-same-name
35915,35915,grandiose chair,same-id-same-name
35916,35916,grandiose chair,same-id-same-name
35917,35917,grandiose chair,same-id-same-name
35918,35918,grandiose chair,same-id-same-name
35919,35919,grandiose refined chest,same-id-same-name
35920,35920,grandiose refined chest,same-id-same-name
35921,35921,grandiose refined chest,same-id-same-name
35922,35922,grandiose refined chest,same-id-same-name
35923,35923,grandiose gilded chest,same-id-same-name
35924,35924,grandiose gilded chest,same-id-same-name
35925,35925,grandiose gilded chest,same-id-same-name
35926,35926,grandiose gilded chest,same-id-same-name
35927,35927,grandiose couch,same-id-same-name
35928,35928,grandiose bed,same-id-same-name
35929,35929,grandiose bed,same-id-same-name
35930,35930,grandiose bed,same-id-same-name
35931,35931,grandiose bed,same-id-same-name
35932,35932,grandiose bed,same-id-same-name
35933,35933,grandiose bed,same-id-same-name
35934,35934,grandiose bed,same-id-same-name
35935,35935,grandiose bed,same-id-same-name
35936,35936,grandiose bed,same-id-same-name
35937,35937,grandiose bed,same-id-same-name
35938,35938,grandiose bed,same-id-same-name
35939,35939,grandiose bed,same-id-same-name
35940,35940,grandiose painting,same-id-same-name
35941,35941,grandiose carpet,same-id-same-name
35942,35942,grandiose carpet,same-id-same-name
35949,35949,portable aqueduct,same-id-same-name
35950,35950,portable aqueduct,same-id-same-name
35951,35951,portable aqueduct,same-id-same-name
35952,35952,portable aqueduct,same-id-same-name
35954,35954,grandiose couch,same-id-same-name
35955,35955,grandiose couch,same-id-same-name
35956,35956,grandiose couch,same-id-same-name
35957,35957,grandiose couch,same-id-same-name
35958,35958,grandiose couch,same-id-same-name
35959,35959,grandiose couch,same-id-same-name
35960,35960,grandiose couch,same-id-same-name
35961,35961,grandiose couch,same-id-same-name
35962,35962,grandiose couch,same-id-same-name
35963,35963,grandiose couch,same-id-same-name
35964,35964,grandiose couch,same-id-same-name
35969,35969,portable aqueduct,same-id-same-name
35970,35970,portable aqueduct,same-id-same-name
35971,35971,portable aqueduct,same-id-same-name
35972,35972,portable aqueduct,same-id-same-name
35973,35973,podium of renown,same-id-same-name
35974,35974,podium of renown,same-id-same-name
36019,36019,white lion doll,same-id-same-name
36020,36020,white lion doll,same-id-same-name
36084,36084,sleeping carnisylvan,same-id-same-name
36363,36363,eldritch floor,same-id-same-name
36440,36440,buttress,same-id-same-name
36443,36443,ramp,same-id-same-name
36444,36444,ramp,same-id-same-name
36445,36445,ramp,same-id-same-name
36446,36446,ramp,same-id-same-name
36447,36447,ramp,same-id-same-name
36448,36448,ramp,same-id-same-name
36449,36449,ramp,same-id-same-name
36450,36450,ramp,same-id-same-name
36466,36466,buttress,same-id-same-name
36478,36478,banor doll,same-id-same-name
36479,36479,banor doll,same-id-same-name
36480,36480,banor doll,same-id-same-name
36481,36481,banor doll,same-id-same-name
36496,36496,eldritch carpet,same-id-same-name
36532,36532,white marble floor,same-id-same-name
36543,36543,chisel,same-id-same-name
36544,36544,brush,same-id-same-name
36545,36545,marble floor,same-id-same-name
36586,36586,old parchment,same-id-same-name
36599,36599,fiery gnomish stonesmasher,same-id-same-name
36600,36600,gnomish stonesmasher,same-id-same-name
36601,36601,sacramental wine,same-id-same-name
36605,36605,gnomish lava fishing rod,same-id-same-name
36609,36609,dead the abomination,same-id-same-name
36610,36610,dead the abomination,same-id-same-name
36611,36611,dead the abomination,same-id-same-name
36612,36612,dead the abomination,same-id-same-name
36617,36617,sticky elemental goo,same-id-same-name
36626,36626,volcanic mirror,same-id-same-name
36627,36627,volcanic mirror,same-id-same-name
36628,36628,volcanic mirror,same-id-same-name
36629,36629,volcanic mirror,same-id-same-name
36630,36630,volcanic chest,same-id-same-name
36631,36631,volcanic chest,same-id-same-name
36632,36632,volcanic chest,same-id-same-name
36633,36633,volcanic chest,same-id-same-name
36634,36634,volcanic chair,same-id-same-name
36635,36635,volcanic chair,same-id-same-name
36636,36636,volcanic chair,same-id-same-name
36637,36637,volcanic chair,same-id-same-name
36640,36640,volcanic shelf,same-id-same-name
36641,36641,volcanic shelf,same-id-same-name
36642,36642,volcanic shelf,same-id-same-name
36643,36643,volcanic shelf,same-id-same-name
36644,36644,volcanic shelf,same-id-same-name
36645,36645,volcanic shelf,same-id-same-name
36649,36649,demon baller,same-id-same-name
36650,36650,demon baller,same-id-same-name
36651,36651,demon baller,same-id-same-name
36652,36652,demon baller,same-id-same-name
36656,36656,eldritch shield,same-id-same-name
36657,36657,eldritch claymore,same-id-same-name
36658,36658,gilded eldritch claymore,same-id-same-name
36659,36659,eldritch warmace,same-id-same-name
36660,36660,gilded eldritch warmace,same-id-same-name
36661,36661,eldritch greataxe,same-id-same-name
36662,36662,gilded eldritch greataxe,same-id-same-name
36663,36663,eldritch cuirass,same-id-same-name
36664,36664,eldritch bow,same-id-same-name
36665,36665,gilded eldritch bow,same-id-same-name
36666,36666,eldritch quiver,same-id-same-name
36667,36667,eldritch breeches,same-id-same-name
36668,36668,eldritch wand,same-id-same-name
36669,36669,gilded eldritch wand,same-id-same-name
36670,36670,eldritch cowl,same-id-same-name
36671,36671,eldritch hood,same-id-same-name
36672,36672,eldritch folio,same-id-same-name
36673,36673,eldritch tome,same-id-same-name
36674,36674,eldritch rod,same-id-same-name
36675,36675,gilded eldritch rod,same-id-same-name
36676,36676,dead lavaworm,same-id-same-name
36677,36677,dead lavaworm,same-id-same-name
36678,36678,dead lavaworm,same-id-same-name
36679,36679,dead lavaworm,same-id-same-name
36681,36681,dead tremendous tyrant,same-id-same-name
36682,36682,dead tremendous tyrant,same-id-same-name
36683,36683,dead tremendous tyrant,same-id-same-name
36684,36684,dead tremendous tyrant,same-id-same-name
36685,36685,dead varnished diremaw,same-id-same-name
36686,36686,dead varnished diremaw,same-id-same-name
36687,36687,dead varnished diremaw,same-id-same-name
36688,36688,dead varnished diremaw,same-id-same-name
36689,36689,dead streaked devourer,same-id-same-name
36690,36690,dead streaked devourer,same-id-same-name
36691,36691,dead streaked devourer,same-id-same-name
36692,36692,dead streaked devourer,same-id-same-name
36693,36693,dead eyeless devourer,same-id-same-name
36694,36694,dead eyeless devourer,same-id-same-name
36695,36695,dead eyeless devourer,same-id-same-name
36696,36696,dead eyeless devourer,same-id-same-name
36698,36698,dead blemished spawn,same-id-same-name
36699,36699,dead blemished spawn,same-id-same-name
36700,36700,dead blemished spawn,same-id-same-name
36701,36701,dead blemished spawn,same-id-same-name
36706,36706,red gem,same-id-same-name
36707,36707,eye-shaped frame,same-id-same-name
36708,36708,the eye of suon,same-id-same-name
36715,36715,gnome pick,same-id-same-name
36716,36716,dead afflicted strider,same-id-same-name
36717,36717,dead afflicted strider,same-id-same-name
36718,36718,dead afflicted strider,same-id-same-name
36719,36719,dead afflicted strider,same-id-same-name
36723,36723,kooldown-aid,same-id-same-name
36724,36724,strike enhancement,same-id-same-name
36725,36725,stamina extension,same-id-same-name
36726,36726,charm upgrade,same-id-same-name
36727,36727,wealth duplex,same-id-same-name
36728,36728,bestiary betterment,same-id-same-name
36729,36729,fire resilience,same-id-same-name
36730,36730,ice resilience,same-id-same-name
36731,36731,earth resilience,same-id-same-name
36732,36732,energy resilience,same-id-same-name
36733,36733,holy resilience,same-id-same-name
36734,36734,death resilience,same-id-same-name
36735,36735,physical resilience,same-id-same-name
36736,36736,fire amplification,same-id-same-name
36737,36737,ice amplification,same-id-same-name
36738,36738,earth amplification,same-id-same-name
36739,36739,energy amplification,same-id-same-name
36740,36740,holy amplification,same-id-same-name
36741,36741,death amplification,same-id-same-name
36742,36742,physical amplification,same-id-same-name
36748,36748,brachiodemon trophy,same-id-same-name
36749,36749,many faces trophy,same-id-same-name
36750,36750,falcon pet,same-id-same-name
36751,36751,falcon pet,same-id-same-name
36752,36752,falcon pet,same-id-same-name
36753,36753,falcon pet,same-id-same-name
36754,36754,falcon pet,same-id-same-name
36756,36756,falcon pet,same-id-same-name
36761,36761,dead lavafungus,same-id-same-name
36762,36762,dead lavafungus,same-id-same-name
36763,36763,dead lavafungus,same-id-same-name
36764,36764,dead lavafungus,same-id-same-name
36765,36765,dead cave chimera,same-id-same-name
36766,36766,dead cave chimera,same-id-same-name
36767,36767,dead cave chimera,same-id-same-name
36768,36768,dead cave chimera,same-id-same-name
36769,36769,lavaworm spike roots,same-id-same-name
36770,36770,lavaworm spikes,same-id-same-name
36771,36771,lavaworm jaws,same-id-same-name
36772,36772,streaked devourer eyes,same-id-same-name
36773,36773,streaked devourer maw,same-id-same-name
36774,36774,streaked devourer legs,same-id-same-name
36775,36775,eyeless devourer maw,same-id-same-name
36776,36776,eyeless devourer legs,same-id-same-name
36777,36777,eyeless devourer tongue,same-id-same-name
36778,36778,blemished spawn head,same-id-same-name
36779,36779,blemished spawn abdomen,same-id-same-name
36780,36780,blemished spawn tail,same-id-same-name
36781,36781,varnished diremaw brainpan,same-id-same-name
36782,36782,varnished diremaw legs,same-id-same-name
36783,36783,tremendous tyrant head,same-id-same-name
36784,36784,tremendous tyrant shell,same-id-same-name
36785,36785,lavafungus head,same-id-same-name
36786,36786,lavafungus ring,same-id-same-name
36787,36787,cave chimera head,same-id-same-name
36788,36788,cave chimera leg,same-id-same-name
36789,36789,afflicted strider head,same-id-same-name
36790,36790,afflicted strider worms,same-id-same-name
36791,36791,Abomination's tail,same-id-same-name
36792,36792,Abomination's eye,same-id-same-name
36793,36793,Abomination's tongue,same-id-same-name
36794,36794,Brainstealer's tissue,same-id-same-name
36795,36795,Brainstealer's brain,same-id-same-name
36796,36796,Brainstealer's brainwave,same-id-same-name
36797,36797,dead girtablilu warrior,same-id-same-name
36798,36798,dead girtablilu warrior,same-id-same-name
36799,36799,dead girtablilu warrior,same-id-same-name
36800,36800,dead girtablilu warrior,same-id-same-name
36801,36801,dead bashmu,same-id-same-name
36802,36802,dead bashmu,same-id-same-name
36803,36803,dead bashmu,same-id-same-name
36804,36804,dead bashmu,same-id-same-name
36805,36805,carnisylvan finger,same-id-same-name
36806,36806,carnisylvan bark,same-id-same-name
36807,36807,human teeth,same-id-same-name
36808,36808,old royal diary,same-id-same-name
36809,36809,curl of hair,same-id-same-name
36810,36810,artefact box,same-id-same-name
36811,36811,megasylvan sapling,same-id-same-name
36812,36812,violet tulip,same-id-same-name
36813,36813,Galthen's satchel,same-id-same-name
36820,36820,bashmu fang,same-id-same-name
36821,36821,bashmu tongue,same-id-same-name
36822,36822,scorpion charm,same-id-same-name
36823,36823,bashmu feather,same-id-same-name
36827,36827,drome cube,same-id-same-name
36833,36833,arena badge replica,same-id-same-name
36835,36835,eldritch crystal,same-id-same-name
36836,36836,eldritch casket,same-id-same-name
36837,36837,plushie of lavaworm,same-id-same-name
36838,36838,folded eldritch carpet,same-id-same-name
36840,36840,dead brainstealer,same-id-same-name
36841,36841,dead brainstealer,same-id-same-name
36842,36842,dead brainstealer,same-id-same-name
36843,36843,dead brainstealer,same-id-same-name
36844,36844,dead magma bubble,same-id-same-name
36845,36845,dead magma bubble,same-id-same-name
36846,36846,dead magma bubble,same-id-same-name
36847,36847,dead magma bubble,same-id-same-name
36865,36865,plushie of a murmillion,same-id-same-name
36866,36866,plushie of a scissorion,same-id-same-name
36867,36867,plushie of a hoodinion,same-id-same-name
36868,36868,plushie of a mearidion,same-id-same-name
36869,36869,plushie of a domestikion,same-id-same-name
36875,36875,golden hand mirror,same-id-same-name
36876,36876,blackened hand mirror,same-id-same-name
36877,36877,strange idol,same-id-same-name
36878,36878,dead hulking carnisylvan,same-id-same-name
36879,36879,dead hulking carnisylvan,same-id-same-name
36880,36880,dead hulking carnisylvan,same-id-same-name
36881,36881,dead hulking carnisylvan,same-id-same-name
36882,36882,dead carnisylvan sapling,same-id-same-name
36883,36883,dead carnisylvan sapling,same-id-same-name
36884,36884,dead carnisylvan sapling,same-id-same-name
36885,36885,dead carnisylvan sapling,same-id-same-name
36887,36887,dead poisonous carnisylvan,same-id-same-name
36888,36888,dead poisonous carnisylvan,same-id-same-name
36889,36889,dead poisonous carnisylvan,same-id-same-name
36890,36890,dead poisonous carnisylvan,same-id-same-name
36891,36891,dead dark carnisylvan,same-id-same-name
36892,36892,dead dark carnisylvan,same-id-same-name
36893,36893,dead dark carnisylvan,same-id-same-name
36894,36894,dead dark carnisylvan,same-id-same-name
36895,36895,dead murmillion,same-id-same-name
36896,36896,dead murmillion,same-id-same-name
36897,36897,dead murmillion,same-id-same-name
36898,36898,dead murmillion,same-id-same-name
36899,36899,dead scissorion,same-id-same-name
36900,36900,dead scissorion,same-id-same-name
36901,36901,dead scissorion,same-id-same-name
36902,36902,dead scissorion,same-id-same-name
36903,36903,dead hoodinion,same-id-same-name
36904,36904,dead hoodinion,same-id-same-name
36905,36905,dead hoodinion,same-id-same-name
36906,36906,dead hoodinion,same-id-same-name
36907,36907,dead mearidion,same-id-same-name
36908,36908,dead mearidion,same-id-same-name
36909,36909,dead mearidion,same-id-same-name
36910,36910,dead mearidion,same-id-same-name
36911,36911,dead domestikion,same-id-same-name
36912,36912,dead domestikion,same-id-same-name
36913,36913,dead domestikion,same-id-same-name
36914,36914,dead domestikion,same-id-same-name
36918,36918,miniature of a murmillion,same-id-same-name
36919,36919,miniature of a scissorion,same-id-same-name
36920,36920,miniature of a hoodinion,same-id-same-name
36921,36921,miniature of a mearidion,same-id-same-name
36922,36922,miniature of a domestikion,same-id-same-name
36923,36923,ritual notes,same-id-same-name
36938,36938,fiery horseshoe,same-id-same-name
36939,36939,cloth fragment,same-id-same-name
36940,36940,the sylvan sapling carpet,same-id-same-name
36941,36941,cloth fragment,same-id-same-name
36942,36942,the spatial almanach carpet,same-id-same-name
36943,36943,cloth fragment,same-id-same-name
36944,36944,the book of death carpet,same-id-same-name
36945,36945,cloth fragment,same-id-same-name
36946,36946,the supreme cube carpet,same-id-same-name
36947,36947,cloth fragment,same-id-same-name
36948,36948,the ring of ending carpet,same-id-same-name
36949,36949,cloth fragment,same-id-same-name
36950,36950,the cobra amulet carpet,same-id-same-name
36951,36951,folded artefact carpet I,same-id-same-name
36952,36952,folded artefact carpet II,same-id-same-name
36953,36953,folded artefact carpet III,same-id-same-name
36954,36954,folded artefact carpet IV,same-id-same-name
36955,36955,folded artefact carpet V,same-id-same-name
36956,36956,folded artefact carpet VI,same-id-same-name
36960,36960,megasylvan plant,same-id-same-name
36961,36961,pot with sylvan earth,same-id-same-name
36963,36963,dead venerable girtablilu,same-id-same-name
36964,36964,dead venerable girtablilu,same-id-same-name
36965,36965,dead venerable girtablilu,same-id-same-name
36966,36966,dead venerable girtablilu,same-id-same-name
36967,36967,dead juvenile bashmu,same-id-same-name
36968,36968,dead juvenile bashmu,same-id-same-name
36969,36969,dead juvenile bashmu,same-id-same-name
36970,36970,dead juvenile bashmu,same-id-same-name
36971,36971,girtablilu warrior carapace,same-id-same-name
36972,36972,old girtablilu carapace,same-id-same-name
36973,36973,magic forcefield,same-id-same-name
36980,36980,chest,same-id-same-name
36981,36981,gnome shovel,same-id-same-name
36982,36982,dead Neferi the Spy,same-id-same-name
36983,36983,dead Neferi the Spy,same-id-same-name
36984,36984,dead Neferi the Spy,same-id-same-name
36985,36985,dead Neferi the Spy,same-id-same-name
36991,36991,bronze cup,same-id-same-name
36992,36992,silver cup,same-id-same-name
36993,36993,gold cup,same-id-same-name
36994,36994,golden blessed shield,same-id-same-name
36995,36995,gilded magic longsword,same-id-same-name
36996,36996,Luna,same-id-same-name
36997,36997,Luna,same-id-same-name
36998,36998,Luna,same-id-same-name
36999,36999,Luna,same-id-same-name
37000,37000,magic forcefield,same-id-same-name
37001,37001,magic forcefield,same-id-same-name
37002,37002,tagralt-inlaid scabbard,same-id-same-name
37003,37003,eye-embroidered veil,same-id-same-name
37004,37004,leaf chair,same-id-same-name
37005,37005,leaf chair,same-id-same-name
37006,37006,leaf chair,same-id-same-name
37007,37007,leaf chair,same-id-same-name
37008,37008,stump table,same-id-same-name
37009,37009,shroom cupboard,same-id-same-name
37010,37010,shroom cupboard,same-id-same-name
37011,37011,log chest,same-id-same-name
37012,37012,log chest,same-id-same-name
37013,37013,log chest,same-id-same-name
37014,37014,log chest,same-id-same-name
37021,37021,dragon plant,same-id-same-name
37022,37022,dragon plant,same-id-same-name
37023,37023,log bed,same-id-same-name
37024,37024,log bed,same-id-same-name
37025,37025,log bed,same-id-same-name
37026,37026,log bed,same-id-same-name
37027,37027,log bed,same-id-same-name
37028,37028,log bed,same-id-same-name
37029,37029,log bed,same-id-same-name
37030,37030,log bed,same-id-same-name
37031,37031,log bed,same-id-same-name
37032,37032,log bed,same-id-same-name
37033,37033,log bed,same-id-same-name
37034,37034,log bed,same-id-same-name
37054,37054,Bella Bonecrusher's doll,same-id-same-name
37055,37055,Bella Bonecrusher's doll,same-id-same-name
37056,37056,Bella Bonecrusher's doll,same-id-same-name
37057,37057,Bella Bonecrusher's doll,same-id-same-name
37058,37058,little adventurer doll,same-id-same-name
37059,37059,lucky clover amulet,same-id-same-name
37060,37060,shield of endless search,same-id-same-name
37061,37061,Evora,same-id-same-name
37062,37062,Evora,same-id-same-name
37063,37063,Evora,same-id-same-name
37064,37064,Evora,same-id-same-name
37065,37065,magic forcefield,same-id-same-name
37086,37086,miniature of a murmillion,same-id-same-name
37087,37087,miniature of a scissorion,same-id-same-name
37088,37088,miniature of a hoodinion,same-id-same-name
37089,37089,miniature of a mearidion,same-id-same-name
37090,37090,miniature of a domestikion,same-id-same-name
37109,37109,sliver,same-id-same-name
37110,37110,exalted core,same-id-same-name
37111,37111,armillary sphere,same-id-same-name
37112,37112,armillary sphere,same-id-same-name
37113,37113,armillary sphere,same-id-same-name
37114,37114,armillary sphere,same-id-same-name
37161,37161,bronze cup,same-id-same-name
37162,37162,silver cup,same-id-same-name
37163,37163,gold cup,same-id-same-name
37164,37164,golden horned helmet,same-id-same-name
37165,37165,gilded blessed shield,same-id-same-name
37167,37167,easter egg,same-id-same-name
37168,37168,festival cake,same-id-same-name
37170,37170,unremarkable hammer,same-id-same-name
37171,37171,the ban hammer,same-id-same-name
37174,37174,kraken chair,same-id-same-name
37175,37175,kraken chair,same-id-same-name
37176,37176,kraken chair,same-id-same-name
37177,37177,kraken chair,same-id-same-name
37178,37178,kraken table,same-id-same-name
37179,37179,kraken cabinet,same-id-same-name
37180,37180,kraken cabinet,same-id-same-name
37181,37181,kraken chest,same-id-same-name
37182,37182,kraken chest,same-id-same-name
37183,37183,kraken chest,same-id-same-name
37184,37184,kraken chest,same-id-same-name
37187,37187,kraken buoy lamp,same-id-same-name
37188,37188,kraken tentacle lamp,same-id-same-name
37189,37189,empty kraken shelf,same-id-same-name
37190,37190,empty kraken shelf,same-id-same-name
37191,37191,filled kraken shelf,same-id-same-name
37192,37192,filled kraken shelf,same-id-same-name
37193,37193,kraken bed,same-id-same-name
37194,37194,kraken bed,same-id-same-name
37195,37195,kraken bed,same-id-same-name
37196,37196,kraken bed,same-id-same-name
37197,37197,kraken bed,same-id-same-name
37198,37198,kraken bed,same-id-same-name
37199,37199,kraken bed,same-id-same-name
37200,37200,kraken bed,same-id-same-name
37201,37201,kraken bed,same-id-same-name
37202,37202,kraken bed,same-id-same-name
37203,37203,kraken bed,same-id-same-name
37204,37204,kraken bed,same-id-same-name
37205,37205,sculpture of an octoputz,same-id-same-name
37206,37206,sculpture of an octoputz,same-id-same-name
37207,37207,sculpture of an octoputz,same-id-same-name
37208,37208,sculpture of an octoputz,same-id-same-name
37209,37209,sculpture of an octoputz,same-id-same-name
37210,37210,sculpture of an octoputz,same-id-same-name
37211,37211,octoputz,same-id-same-name
37212,37212,octoputz,same-id-same-name
37213,37213,blue balloon,same-id-same-name
37214,37214,green balloon,same-id-same-name
37215,37215,orange balloon,same-id-same-name
37216,37216,pink balloon,same-id-same-name
37217,37217,purple balloon,same-id-same-name
37218,37218,red balloon,same-id-same-name
37219,37219,teal balloon,same-id-same-name
37220,37220,yellow balloon,same-id-same-name
37221,37221,colourful balloons,same-id-same-name
37222,37222,bonelord balloon,same-id-same-name
37223,37223,cyclops balloon,same-id-same-name
37224,37224,cyclops head balloon,same-id-same-name
37225,37225,dwarf balloon,same-id-same-name
37226,37226,hydra balloon,same-id-same-name
37227,37227,orc balloon,same-id-same-name
37228,37228,orc head balloon,same-id-same-name
37229,37229,Tibianus balloon,same-id-same-name
37230,37230,Eloise balloon,same-id-same-name
37272,37272,confetti cannon,same-id-same-name
37275,37275,festive structure,same-id-same-name
37276,37276,rotworm balloon,same-id-same-name
37277,37277,rotworm head balloon,same-id-same-name
37278,37278,dragon carpet,same-id-same-name
37279,37279,dragon lord carpet,same-id-same-name
37280,37280,elemental carpet,same-id-same-name
37281,37281,Morgaroth carpet,same-id-same-name
37282,37282,Ghazbaran carpet,same-id-same-name
37283,37283,Orshabaal carpet,same-id-same-name
37284,37284,red cake carpet,same-id-same-name
37285,37285,red Tibia carpet,same-id-same-name
37286,37286,orange cake carpet,same-id-same-name
37287,37287,yellow cake carpet,same-id-same-name
37288,37288,green cake carpet,same-id-same-name
37289,37289,sky cake carpet,same-id-same-name
37290,37290,blue cake carpet,same-id-same-name
37291,37291,purple cake carpet,same-id-same-name
37292,37292,pink cake carpet,same-id-same-name
37293,37293,orange Tibia carpet,same-id-same-name
37294,37294,yellow Tibia carpet,same-id-same-name
37295,37295,green Tibia carpet,same-id-same-name
37296,37296,sky Tibia carpet,same-id-same-name
37297,37297,blue Tibia carpet,same-id-same-name
37298,37298,purple Tibia carpet,same-id-same-name
37299,37299,pink Tibia carpet,same-id-same-name
37303,37303,half empty picture album,same-id-same-name
37304,37304,half empty picture album,same-id-same-name
37305,37305,half empty picture album,same-id-same-name
37306,37306,partly empty picture album,same-id-same-name
37307,37307,partly empty picture album,same-id-same-name
37308,37308,partly empty picture album,same-id-same-name
37309,37309,almost full picture album,same-id-same-name
37310,37310,almost full picture album,same-id-same-name
37311,37311,picture album,same-id-same-name
37312,37312,picture of a falcon banner,same-id-same-name
37313,37313,palette and brushes,same-id-same-name
37317,37317,Tibia Coin,same-id-same-name
37321,37321,Halls of Hope picture,same-id-same-name
37333,37333,Adventurers' Guild picture,same-id-same-name
37334,37334,picture of the Colossus,same-id-same-name
37335,37335,black skull,same-id-same-name
37336,37336,bridal wreath,same-id-same-name
37337,37337,white skull,same-id-same-name
37338,37338,red skull,same-id-same-name
37339,37339,yellow skull,same-id-same-name
37340,37340,orange skull,same-id-same-name
37341,37341,green skull,same-id-same-name
37342,37342,bridal black skull,same-id-same-name
37347,37347,yellow 25 years balloon,same-id-same-name
37348,37348,red 25 years balloon,same-id-same-name
37349,37349,teal 25 years balloon,same-id-same-name
37350,37350,green 25 years balloon,same-id-same-name
37351,37351,orange 25 years balloon,same-id-same-name
37352,37352,pink 25 years balloon,same-id-same-name
37353,37353,dragon lord carpet,same-id-same-name
37354,37354,folded dragon lord carpet,same-id-same-name
37355,37355,dragon carpet,same-id-same-name
37356,37356,elemental carpet,same-id-same-name
37357,37357,folded dragon carpet,same-id-same-name
37358,37358,folded elemental carpet,same-id-same-name
37359,37359,Morgaroth carpet,same-id-same-name
37360,37360,folded Morgaroth carpet,same-id-same-name
37361,37361,Ghazbaran carpet,same-id-same-name
37362,37362,folded Ghazbaran carpet,same-id-same-name
37363,37363,Orshabaal carpet,same-id-same-name
37364,37364,folded Orshabaal carpet,same-id-same-name
37365,37365,red cake carpet,same-id-same-name
37366,37366,folded red cake carpet,same-id-same-name
37367,37367,orange cake carpet,same-id-same-name
37368,37368,yellow cake carpet,same-id-same-name
37369,37369,green cake carpet,same-id-same-name
37370,37370,sky cake carpet,same-id-same-name
37371,37371,blue cake carpet,same-id-same-name
37372,37372,purple cake carpet,same-id-same-name
37373,37373,pink cake carpet,same-id-same-name
37374,37374,folded orange cake carpet,same-id-same-name
37375,37375,folded yellow cake carpet,same-id-same-name
37376,37376,folded green cake carpet,same-id-same-name
37377,37377,folded sky cake carpet,same-id-same-name
37378,37378,folded blue cake carpet,same-id-same-name
37379,37379,folded purple cake carpet,same-id-same-name
37380,37380,folded pink cake carpet,same-id-same-name
37381,37381,red Tibia carpet,same-id-same-name
37382,37382,folded red Tibia carpet,same-id-same-name
37383,37383,orange Tibia carpet,same-id-same-name
37384,37384,yellow Tibia carpet,same-id-same-name
37385,37385,green Tibia carpet,same-id-same-name
37386,37386,sky Tibia carpet,same-id-same-name
37387,37387,blue Tibia carpet,same-id-same-name
37388,37388,purple Tibia carpet,same-id-same-name
37389,37389,pink Tibia carpet,same-id-same-name
37390,37390,folded orange Tibia carpet,same-id-same-name
37391,37391,folded yellow Tibia carpet,same-id-same-name
37392,37392,folded green Tibia carpet,same-id-same-name
37393,37393,folded sky Tibia carpet,same-id-same-name
37394,37394,folded blue Tibia carpet,same-id-same-name
37395,37395,folded purple Tibia carpet,same-id-same-name
37396,37396,folded pink Tibia carpet,same-id-same-name
37397,37397,wind-up key,same-id-same-name
37398,37398,wind-up loco,same-id-same-name
37399,37399,painter,same-id-same-name
37406,37406,picture of the Carlin bank,same-id-same-name
37407,37407,picture of an elven house,same-id-same-name
37408,37408,picture of Calcanea,same-id-same-name
37409,37409,picture of Venore's Statue,same-id-same-name
37410,37410,commemorative platinum coin,same-id-same-name
37414,37414,blue balloon,same-id-same-name
37416,37416,green balloon,same-id-same-name
37417,37417,orange balloon,same-id-same-name
37418,37418,pink balloon,same-id-same-name
37419,37419,purple balloon,same-id-same-name
37420,37420,red balloon,same-id-same-name
37421,37421,teal balloon,same-id-same-name
37422,37422,yellow balloon,same-id-same-name
37423,37423,colourful balloons,same-id-same-name
37424,37424,bonelord balloon,same-id-same-name
37425,37425,cyclops balloon,same-id-same-name
37426,37426,cyclops head balloon,same-id-same-name
37427,37427,dwarf balloon,same-id-same-name
37428,37428,hydra balloon,same-id-same-name
37429,37429,orc balloon,same-id-same-name
37430,37430,orc head balloon,same-id-same-name
37431,37431,Tibianus balloon,same-id-same-name
37432,37432,Eloise balloon,same-id-same-name
37433,37433,rotworm balloon,same-id-same-name
37434,37434,rotworm head balloon,same-id-same-name
37435,37435,yellow 25 years balloon,same-id-same-name
37436,37436,red 25 years balloon,same-id-same-name
37437,37437,teal 25 years balloon,same-id-same-name
37438,37438,green 25 years balloon,same-id-same-name
37439,37439,orange 25 years balloon,same-id-same-name
37440,37440,pink 25 years balloon,same-id-same-name
37448,37448,explosive fireworks rocket,same-id-same-name
37450,37450,snapping fireworks rocket,same-id-same-name
37451,37451,magical fireworks rocket,same-id-same-name
37452,37452,electric fireworks rocket,same-id-same-name
37453,37453,splashing fireworks rocket,same-id-same-name
37454,37454,lovely fireworks rocket,same-id-same-name
37455,37455,ghostly fireworks rocket,same-id-same-name
37456,37456,godly fireworks rocket,same-id-same-name
37457,37457,supernatural box,same-id-same-name
37458,37458,sparkling fireworks rocket,same-id-same-name
37459,37459,dazzling fireworks rocket,same-id-same-name
37460,37460,fiery fireworks rocket,same-id-same-name
37461,37461,balloon box,same-id-same-name
37462,37462,special carpet box,same-id-same-name
37463,37463,luminous box,same-id-same-name
37465,37465,box full of presents,same-id-same-name
37466,37466,embroidered box,same-id-same-name
37467,37467,carpet box,same-id-same-name
37468,37468,special fx box,same-id-same-name
37469,37469,special balloon box,same-id-same-name
37471,37471,blue balloon,same-id-same-name
37472,37472,green balloon,same-id-same-name
37491,37491,orange balloon,same-id-same-name
37496,37496,pink balloon,same-id-same-name
37497,37497,purple balloon,same-id-same-name
37498,37498,red balloon,same-id-same-name
37499,37499,teal balloon,same-id-same-name
37500,37500,yellow balloon,same-id-same-name
37501,37501,colourful balloons,same-id-same-name
37502,37502,bonelord balloon,same-id-same-name
37503,37503,cyclops balloon,same-id-same-name
37504,37504,cyclops head balloon,same-id-same-name
37505,37505,dwarf balloon,same-id-same-name
37506,37506,hydra balloon,same-id-same-name
37507,37507,orc balloon,same-id-same-name
37508,37508,orc head balloon,same-id-same-name
37509,37509,Tibianus balloon,same-id-same-name
37510,37510,Eloise balloon,same-id-same-name
37511,37511,rotworm balloon,same-id-same-name
37512,37512,rotworm head balloon,same-id-same-name
37513,37513,yellow 25 years balloon,same-id-same-name
37514,37514,red 25 years balloon,same-id-same-name
37515,37515,teal 25 years balloon,same-id-same-name
37516,37516,green 25 years balloon,same-id-same-name
37517,37517,orange 25 years balloon,same-id-same-name
37518,37518,pink 25 years balloon,same-id-same-name
37519,37519,kraken buoy lamp,same-id-same-name
37520,37520,kraken tentacle lamp,same-id-same-name
37530,37530,bottle of champagne,same-id-same-name
37531,37531,candy floss,same-id-same-name
37532,37532,ice cream cone,same-id-same-name
37533,37533,birthday layer cake,same-id-same-name
37536,37536,changing backpack,same-id-same-name
37539,37539,portrait with Ferumbras,same-id-same-name
37540,37540,blue wallpaper,same-id-same-name
37541,37541,green wallpaper,same-id-same-name
37542,37542,golden wallpaper,same-id-same-name
37546,37546,tapestry of honour,same-id-same-name
37557,37557,dragon pinata,same-id-same-name
37558,37558,dragon pinata,same-id-same-name
37559,37559,dragon pinata,same-id-same-name
37560,37560,dragon pinata,same-id-same-name
37561,37561,exaltation chest,same-id-same-name
37562,37562,pile of presents kit,same-id-same-name
37563,37563,pile of three presents kit,same-id-same-name
37564,37564,green and blue presents kit,same-id-same-name
37565,37565,green and red presents kit,same-id-same-name
37566,37566,blue and red presents kit,same-id-same-name
37567,37567,blue present kit,same-id-same-name
37568,37568,red present kit,same-id-same-name
37569,37569,small blue present kit,same-id-same-name
37570,37570,yellow present kit,same-id-same-name
37571,37571,another yellow present kit,same-id-same-name
37572,37572,vessel of Gaz'haragoth,same-id-same-name
37573,37573,vessel of Ferumbras,same-id-same-name
37574,37574,vessel of the Mad Mage,same-id-same-name
37575,37575,vessel of Horestis,same-id-same-name
37576,37576,vessel of Devovorga,same-id-same-name
37583,37583,slain uninvited,same-id-same-name
37584,37584,slain uninvited,same-id-same-name
37585,37585,slain uninvited,same-id-same-name
37586,37586,slain uninvited,same-id-same-name
37587,37587,slain unexpected,same-id-same-name
37588,37588,slain unexpected,same-id-same-name
37589,37589,slain unexpected,same-id-same-name
37590,37590,slain unexpected,same-id-same-name
37591,37591,dead unwanted,same-id-same-name
37592,37592,dead unwanted,same-id-same-name
37593,37593,dead unwanted,same-id-same-name
37594,37594,dead unwanted,same-id-same-name
37595,37595,dead unsolicited,same-id-same-name
37596,37596,dead unsolicited,same-id-same-name
37597,37597,dead unsolicited,same-id-same-name
37598,37598,dead unsolicited,same-id-same-name
37603,37603,divining rod,same-id-same-name
37604,37604,brass button,same-id-same-name
37605,37605,decorative plume,same-id-same-name
37607,37607,green demon legs,same-id-same-name
37608,37608,green demon armor,same-id-same-name
37609,37609,green demon helmet,same-id-same-name
37610,37610,green demon slippers,same-id-same-name
37611,37611,Morshabaal's mask,same-id-same-name
37613,37613,Morshabaal's brain,same-id-same-name
37614,37614,box full of decoration,same-id-same-name
37700,37700,kraken watcher lamp,same-id-same-name
37702,37702,insertion slot,same-id-same-name
37703,37703,iron wall,same-id-same-name
37704,37704,dead Morshabaal,same-id-same-name
37705,37705,dead Morshabaal,same-id-same-name
37706,37706,dead Morshabaal,same-id-same-name
37708,37708,old health potion,same-id-same-name
37710,37710,50 Theons,same-id-same-name
37711,37711,7197 Theons,same-id-same-name
37712,37712,200 Theons,same-id-same-name
37717,37717,dragon pinata kit,same-id-same-name
37743,37743,draptor doll,same-id-same-name
37744,37744,draptor doll,same-id-same-name
37745,37745,draptor doll,same-id-same-name
37746,37746,draptor doll,same-id-same-name
37775,37775,Zaoan panel base,same-id-same-name
37776,37776,Zaoan panel,same-id-same-name
37777,37777,blank Zaoan panel,same-id-same-name
37778,37778,Zaoan hassock,same-id-same-name
37779,37779,Zaoan hassock,same-id-same-name
37780,37780,Zaoan hassock,same-id-same-name
37781,37781,Zaoan hassock,same-id-same-name
37782,37782,Zaoan cabinet,same-id-same-name
37783,37783,Zaoan cabinet,same-id-same-name
37784,37784,Zaoan paravent,same-id-same-name
37785,37785,Zaoan paravent,same-id-same-name
37786,37786,sleeping mat,same-id-same-name
37787,37787,sleeping mat,same-id-same-name
37788,37788,sleeping mat,same-id-same-name
37789,37789,sleeping mat,same-id-same-name
37790,37790,sleeping mat,same-id-same-name
37791,37791,sleeping mat,same-id-same-name
37792,37792,sleeping mat,same-id-same-name
37793,37793,sleeping mat,same-id-same-name
37794,37794,sleeping mat,same-id-same-name
37795,37795,sleeping mat,same-id-same-name
37796,37796,sleeping mat,same-id-same-name
37797,37797,sleeping mat,same-id-same-name
37798,37798,Zaoan bonsai,same-id-same-name
37799,37799,Zaoan pot bamboo,same-id-same-name
37800,37800,Zaoan drawing,same-id-same-name
37801,37801,wooden sandals,same-id-same-name
37802,37802,wooden sandals,same-id-same-name
37803,37803,Zaoan side table,same-id-same-name
37804,37804,katana display,same-id-same-name
37805,37805,katana display,same-id-same-name
37810,37810,Morshabaal's extract,same-id-same-name
37813,37813,sculpture of a fox,same-id-same-name
37814,37814,sculpture of a fox,same-id-same-name
37815,37815,Zaoan divider,same-id-same-name
37816,37816,Zaoan divider,same-id-same-name
37963,37963,ramp,same-id-same-name
37964,37964,ramp,same-id-same-name
37965,37965,ramp,same-id-same-name
37966,37966,ramp,same-id-same-name
37967,37967,ramp,same-id-same-name
37968,37968,ramp,same-id-same-name
37969,37969,ramp,same-id-same-name
37970,37970,ramp,same-id-same-name
37981,37981,closed door,same-id-same-name
37982,37982,closed door,same-id-same-name
37983,37983,closed door,same-id-same-name
37984,37984,closed door,same-id-same-name
38001,38001,ruined column,same-id-same-name
38004,38004,ruined column,same-id-same-name
38010,38010,ruined column,same-id-same-name
38013,38013,ruined column,same-id-same-name
38054,38054,water vortex,same-id-same-name
38290,38290,star blossom,same-id-same-name
38474,38474,snake statue,same-id-same-name
38477,38477,small tree,same-id-same-name
38478,38478,water,same-id-same-name
38526,38526,basin with a glowing flower,same-id-same-name
38528,38528,basin with flower,same-id-same-name
38529,38529,wall lamp,same-id-same-name
38530,38530,lit wall lamp,same-id-same-name
38531,38531,wall lamp,same-id-same-name
38532,38532,lit wall lamp,same-id-same-name
38533,38533,wall lamp,same-id-same-name
38534,38534,lit wall lamp,same-id-same-name
38535,38535,wall lamp,same-id-same-name
38536,38536,lit wall lamp,same-id-same-name
38623,38623,wall lamp,same-id-same-name
38624,38624,lit wall lamp,same-id-same-name
38625,38625,wall lamp,same-id-same-name
38626,38626,lit wall lamp,same-id-same-name
38633,38633,peacock feather,same-id-same-name
38634,38634,flamingo feather,same-id-same-name
38635,38635,swan feather,same-id-same-name
38637,38637,bronze cup,same-id-same-name
38638,38638,silver cup,same-id-same-name
38639,38639,gold cup,same-id-same-name
38640,38640,gilded horned helmet,same-id-same-name
38641,38641,dawnfire flowers,same-id-same-name
38642,38642,golden warlord sword,same-id-same-name
38644,38644,dawnfire flowers,same-id-same-name
38649,38649,silver hand,same-id-same-name
38650,38650,golden hand,same-id-same-name
38651,38651,bronze hand,same-id-same-name
38677,38677,beaver of wisdom,same-id-same-name
38678,38678,lianas,same-id-same-name
38680,38680,beaver of wisdom,same-id-same-name
38704,38704,beaver of wisdom,same-id-same-name
38705,38705,beaver of wisdom,same-id-same-name
38706,38706,observer tapestry,same-id-same-name
38707,38707,podium of vigour,same-id-same-name
38736,38736,trapped water,same-id-same-name
38749,38749,shallow water,same-id-same-name
38751,38751,crystal desk,same-id-same-name
38754,38754,crystal handcart,same-id-same-name
38755,38755,quarry workplace,same-id-same-name
38756,38756,crystal box,same-id-same-name
38757,38757,fossile skull,same-id-same-name
38822,38822,fossile skull,same-id-same-name
38823,38823,pineapple fern,same-id-same-name
38824,38824,limb tree,same-id-same-name
38825,38825,spire palm,same-id-same-name
38826,38826,volcano barbecue,same-id-same-name
38843,38843,silver and a golden hand,same-id-same-name
38844,38844,asuri talisman,same-id-same-name
38845,38845,fence,same-id-same-name
38846,38846,naga boat,same-id-same-name
38851,38851,closed door,same-id-same-name
38875,38875,shallow water,same-id-same-name
38876,38876,basket full of star leaves,same-id-same-name
38877,38877,basket full of lily pads,same-id-same-name
38878,38878,empty basket,same-id-same-name
38934,38934,handwritten message,same-id-same-name
39003,39003,tentugly,same-id-same-name
39036,39036,rainbow opal,same-id-same-name
39037,39037,cobalt ridge,same-id-same-name
39038,39038,royal almandine,same-id-same-name
39039,39039,cerulean abyss,same-id-same-name
39040,39040,fiery tear,same-id-same-name
39107,39107,delicate vase,same-id-same-name
39116,39116,shallow water,same-id-same-name
39131,39131,moon mint,same-id-same-name
39132,39132,moon mint,same-id-same-name
39133,39133,jungle moa nest,same-id-same-name
39134,39134,moonshine pearl,same-id-same-name
39135,39135,shimmering pearl,same-id-same-name
39136,39136,celestial chart,same-id-same-name
39137,39137,burning splint,same-id-same-name
39138,39138,brightly burning flames,same-id-same-name
39140,39140,coral vow flower,same-id-same-name
39141,39141,coral vow flower,same-id-same-name
39144,39144,splint,same-id-same-name
39145,39145,blessed water,same-id-same-name
39146,39146,blessed pound,same-id-same-name
39147,39147,spiritthorn armor,same-id-same-name
39148,39148,spiritthorn helmet,same-id-same-name
39149,39149,alicorn headguard,same-id-same-name
39150,39150,alicorn quiver,same-id-same-name
39151,39151,arcanomancer regalia,same-id-same-name
39152,39152,arcanomancer folio,same-id-same-name
39153,39153,arboreal crown,same-id-same-name
39154,39154,arboreal tome,same-id-same-name
39155,39155,naga sword,same-id-same-name
39156,39156,naga axe,same-id-same-name
39157,39157,naga club,same-id-same-name
39158,39158,frostflower boots,same-id-same-name
39159,39159,naga crossbow,same-id-same-name
39160,39160,naga quiver,same-id-same-name
39161,39161,feverbloom boots,same-id-same-name
39162,39162,naga wand,same-id-same-name
39163,39163,naga rod,same-id-same-name
39164,39164,dawnfire sherwani,same-id-same-name
39165,39165,midnight tunic,same-id-same-name
39166,39166,dawnfire pantaloons,same-id-same-name
39167,39167,midnight sarong,same-id-same-name
39168,39168,heated crystal,same-id-same-name
39169,39169,cooled crystal,same-id-same-name
39176,39176,primal pod,free-crystal-id-preserved
39177,39177,charged spiritthorn ring,same-id-same-name
39178,39178,charged spiritthorn ring,same-id-same-name
39179,39179,spiritthorn ring,same-id-same-name
39180,39180,charged alicorn ring,same-id-same-name
39181,39181,charged alicorn ring,same-id-same-name
39182,39182,alicorn ring,same-id-same-name
39183,39183,charged arcanomancer sigil,same-id-same-name
39184,39184,charged arcanomancer sigil,same-id-same-name
39185,39185,arcanomancer sigil,same-id-same-name
39186,39186,charged arboreal ring,same-id-same-name
39187,39187,charged arboreal ring,same-id-same-name
39188,39188,arboreal ring,same-id-same-name
39201,39201,dead parder,same-id-same-name
39202,39202,dead parder,same-id-same-name
39203,39203,dead parder,same-id-same-name
39204,39204,dead parder,same-id-same-name
39205,39205,dead jungle moa,same-id-same-name
39206,39206,dead jungle moa,same-id-same-name
39207,39207,dead jungle moa,same-id-same-name
39208,39208,dead jungle moa,same-id-same-name
39209,39209,dead two-headed turtle,same-id-same-name
39210,39210,dead two-headed turtle,same-id-same-name
39211,39211,dead two-headed turtle,same-id-same-name
39212,39212,dead two-headed turtle,same-id-same-name
39214,39214,dead corrupt naga,same-id-same-name
39215,39215,dead corrupt naga,same-id-same-name
39216,39216,dead corrupt naga,same-id-same-name
39217,39217,dead corrupt naga,same-id-same-name
39218,39218,dead rogue naga,same-id-same-name
39219,39219,dead rogue naga,same-id-same-name
39220,39220,dead rogue naga,same-id-same-name
39221,39221,dead rogue naga,same-id-same-name
39222,39222,dead naga archer,same-id-same-name
39223,39223,dead naga archer,same-id-same-name
39224,39224,dead naga archer,same-id-same-name
39225,39225,dead naga archer,same-id-same-name
39226,39226,dead naga warrior,same-id-same-name
39227,39227,dead naga warrior,same-id-same-name
39228,39228,dead naga warrior,same-id-same-name
39229,39229,dead naga warrior,same-id-same-name
39230,39230,charged flame,same-id-same-name
39232,39232,charged flame,same-id-same-name
39233,39233,enchanted turtle amulet,same-id-same-name
39234,39234,enchanted turtle amulet,same-id-same-name
39235,39235,turtle amulet,same-id-same-name
39238,39238,portal without energy,same-id-same-name
39239,39239,burnt coral vow flower,same-id-same-name
39240,39240,foam stalker spume,same-id-same-name
39241,39241,glass lens,same-id-same-name
39242,39242,empty bucket,same-id-same-name
39243,39243,bucket full of water,same-id-same-name
39244,39244,bucket full of sparkles,same-id-same-name
39272,39272,dead sulphider,same-id-same-name
39273,39273,dead sulphider,same-id-same-name
39274,39274,dead sulphider,same-id-same-name
39275,39275,dead sulphider,same-id-same-name
39276,39276,dead sulphur spouter,same-id-same-name
39277,39277,dead sulphur spouter,same-id-same-name
39278,39278,dead sulphur spouter,same-id-same-name
39279,39279,dead sulphur spouter,same-id-same-name
39280,39280,dead gore horn,same-id-same-name
39281,39281,dead gore horn,same-id-same-name
39282,39282,dead gore horn,same-id-same-name
39283,39283,dead gore horn,same-id-same-name
39284,39284,dead sabretooth,same-id-same-name
39285,39285,dead sabretooth,same-id-same-name
39286,39286,dead sabretooth,same-id-same-name
39287,39287,dead sabretooth,same-id-same-name
39288,39288,dead emerald tortoise,same-id-same-name
39289,39289,dead emerald tortoise,same-id-same-name
39290,39290,dead emerald tortoise,same-id-same-name
39291,39291,dead emerald tortoise,same-id-same-name
39292,39292,dead undertaker,same-id-same-name
39293,39293,dead undertaker,same-id-same-name
39294,39294,dead undertaker,same-id-same-name
39295,39295,dead undertaker,same-id-same-name
39296,39296,dead nighthunter,same-id-same-name
39297,39297,dead nighthunter,same-id-same-name
39298,39298,dead nighthunter,same-id-same-name
39299,39299,dead nighthunter,same-id-same-name
39300,39300,dead hulking prehemoth,same-id-same-name
39301,39301,dead hulking prehemoth,same-id-same-name
39302,39302,dead hulking prehemoth,same-id-same-name
39303,39303,dead hulking prehemoth,same-id-same-name
39304,39304,dead stalking stalk,same-id-same-name
39305,39305,dead stalking stalk,same-id-same-name
39306,39306,dead stalking stalk,same-id-same-name
39307,39307,dead stalking stalk,same-id-same-name
39308,39308,dead fungosaurus,same-id-same-name
39309,39309,dead fungosaurus,same-id-same-name
39310,39310,dead fungosaurus,same-id-same-name
39311,39311,dead fungosaurus,same-id-same-name
39312,39312,dead mantosaurus,same-id-same-name
39313,39313,dead mantosaurus,same-id-same-name
39314,39314,dead mantosaurus,same-id-same-name
39315,39315,dead mantosaurus,same-id-same-name
39316,39316,dead headpecker,same-id-same-name
39317,39317,dead headpecker,same-id-same-name
39318,39318,dead headpecker,same-id-same-name
39319,39319,dead headpecker,same-id-same-name
39320,39320,dead noxious ripptor,same-id-same-name
39321,39321,dead noxious ripptor,same-id-same-name
39322,39322,dead noxious ripptor,same-id-same-name
39323,39323,dead noxious ripptor,same-id-same-name
39324,39324,dead gorerilla,same-id-same-name
39325,39325,dead gorerilla,same-id-same-name
39326,39326,dead gorerilla,same-id-same-name
39327,39327,dead gorerilla,same-id-same-name
39328,39328,dead shrieking cry-stal,same-id-same-name
39329,39329,dead shrieking cry-stal,same-id-same-name
39330,39330,dead shrieking cry-stal,same-id-same-name
39331,39331,dead shrieking cry-stal,same-id-same-name
39332,39332,dead mercurial menace,same-id-same-name
39333,39333,dead mercurial menace,same-id-same-name
39334,39334,dead mercurial menace,same-id-same-name
39335,39335,dead mercurial menace,same-id-same-name
39336,39336,damselfly wing,same-id-same-name
39337,39337,damselfly eye,same-id-same-name
39338,39338,flask of mango juice,same-id-same-name
39339,39339,flask of mango honey juice,same-id-same-name
39340,39340,butterfly conservation kit,same-id-same-name
39341,39341,dead foam stalker,same-id-same-name
39342,39342,dead foam stalker,same-id-same-name
39343,39343,dead foam stalker,same-id-same-name
39344,39344,dead foam stalker,same-id-same-name
39363,39363,dead makara,same-id-same-name
39364,39364,dead makara,same-id-same-name
39365,39365,dead makara,same-id-same-name
39366,39366,dead makara,same-id-same-name
39375,39375,sulphider shell,same-id-same-name
39376,39376,sulphur powder,same-id-same-name
39377,39377,gore horn,same-id-same-name
39378,39378,sabretooth fur,same-id-same-name
39379,39379,emerald tortoise shell,same-id-same-name
39380,39380,undertaker fangs,same-id-same-name
39381,39381,nighthunter wing,same-id-same-name
39382,39382,prehemoth horns,same-id-same-name
39383,39383,prehemoth claw,same-id-same-name
39384,39384,stalking seeds,same-id-same-name
39385,39385,fungal blister,same-id-same-name
39386,39386,mantosaurus jaw,same-id-same-name
39387,39387,headpecker beak,same-id-same-name
39388,39388,headpecker feather,same-id-same-name
39389,39389,ripptor claw,same-id-same-name
39390,39390,ornamented chest,same-id-same-name
39391,39391,ripptor scales,same-id-same-name
39392,39392,gorerilla mane,same-id-same-name
39393,39393,gorerilla tail,same-id-same-name
39394,39394,cry-stal,same-id-same-name
39395,39395,mercurial wing,same-id-same-name
39396,39396,ornamented chest,same-id-same-name
39397,39397,coral powder,same-id-same-name
39398,39398,cure for sick beavers,same-id-same-name
39399,39399,one of Timira's many heads,same-id-same-name
39400,39400,piece of Timira's sensors,same-id-same-name
39401,39401,makara fin,same-id-same-name
39402,39402,makara tongue,same-id-same-name
39403,39403,jungle moa feather,same-id-same-name
39404,39404,jungle moa claw,same-id-same-name
39405,39405,jungle moa egg,same-id-same-name
39406,39406,coral branch,same-id-same-name
39407,39407,flotsam,same-id-same-name
39408,39408,small tropical fish,same-id-same-name
39409,39409,two-headed turtle heads,same-id-same-name
39410,39410,hydrophytes,same-id-same-name
39411,39411,naga armring,same-id-same-name
39412,39412,naga earring,same-id-same-name
39413,39413,naga archer scales,same-id-same-name
39414,39414,naga warrior scales,same-id-same-name
39415,39415,corrupt naga scales,same-id-same-name
39416,39416,rogue naga scales,same-id-same-name
39417,39417,parder tooth,same-id-same-name
39418,39418,parder fur,same-id-same-name
39419,39419,knightly chair,same-id-same-name
39420,39420,knightly chair,same-id-same-name
39421,39421,knightly chair,same-id-same-name
39422,39422,knightly chair,same-id-same-name
39423,39423,knightly table,same-id-same-name
39424,39424,knightly table,same-id-same-name
39425,39425,well-laid knightly table,same-id-same-name
39426,39426,well-laid knightly table,same-id-same-name
39427,39427,knightly chess table,same-id-same-name
39428,39428,knightly chess table,same-id-same-name
39429,39429,knightly bed,same-id-same-name
39430,39430,knightly bed,same-id-same-name
39431,39431,knightly bed,same-id-same-name
39432,39432,knightly bed,same-id-same-name
39433,39433,knightly bed,same-id-same-name
39434,39434,knightly bed,same-id-same-name
39435,39435,knightly bed,same-id-same-name
39436,39436,knightly bed,same-id-same-name
39437,39437,knightly bed,same-id-same-name
39438,39438,knightly bed,same-id-same-name
39439,39439,knightly bed,same-id-same-name
39440,39440,knightly bed,same-id-same-name
39441,39441,knightly cabinet,same-id-same-name
39442,39442,knightly cabinet,same-id-same-name
39443,39443,knightly fire bowl,same-id-same-name
39444,39444,knightly fire bowl,same-id-same-name
39445,39445,knightly fire bowl,same-id-same-name
39446,39446,knightly wall lamp,same-id-same-name
39447,39447,knightly wall lamp,same-id-same-name
39496,39496,knightly sword lamp,same-id-same-name
39497,39497,knightly sword lamp,same-id-same-name
39498,39498,knightly candelabra,same-id-same-name
39499,39499,knightly candelabra,same-id-same-name
39500,39500,knightly candle holder,same-id-same-name
39501,39501,knightly candle holder,same-id-same-name
39502,39502,knightly decorative shield,same-id-same-name
39504,39504,knightly chest,same-id-same-name
39505,39505,knightly chest,same-id-same-name
39506,39506,knightly chest,same-id-same-name
39507,39507,knightly chest,same-id-same-name
39508,39508,knightly guard,same-id-same-name
39509,39509,knightly guard,same-id-same-name
39510,39510,knightly guard,same-id-same-name
39517,39517,knightly bench,same-id-same-name
39518,39518,knightly bench,same-id-same-name
39519,39519,knightly bench,same-id-same-name
39520,39520,knightly bench,same-id-same-name
39521,39521,knightly bench,same-id-same-name
39522,39522,knightly bench,same-id-same-name
39523,39523,knightly bench,same-id-same-name
39524,39524,knightly bench,same-id-same-name
39525,39525,knightly bench,same-id-same-name
39526,39526,knightly bench,same-id-same-name
39527,39527,dead the primal menace,same-id-same-name
39528,39528,dead the primal menace,same-id-same-name
39529,39529,dead the primal menace,same-id-same-name
39530,39530,dead the primal menace,same-id-same-name
39531,39531,omnious device,same-id-same-name
39532,39532,large crystal plate,same-id-same-name
39536,39536,candy lure,same-id-same-name
39537,39537,lazyfairy,same-id-same-name
39538,39538,dead plunder patriarch,same-id-same-name
39539,39539,dead plunder patriarch,same-id-same-name
39540,39540,dead plunder patriarch,same-id-same-name
39541,39541,dead plunder patriarch,same-id-same-name
39542,39542,water wheel,same-id-same-name
39543,39543,smoldering eye,same-id-same-name
39544,39544,firefighting axe,same-id-same-name
39545,39545,portable flame,same-id-same-name
39546,39546,primal bag,same-id-same-name
39547,39547,energy vein,same-id-same-name
39548,39548,colourful water lily,same-id-same-name
39549,39549,stony face,same-id-same-name
39550,39550,alga,same-id-same-name
39551,39551,seaweed,same-id-same-name
39552,39552,small coral,same-id-same-name
39555,39555,small coral,same-id-same-name
39556,39556,palm lettuce coral,same-id-same-name
39557,39557,bubbles,same-id-same-name
39558,39558,sponge,same-id-same-name
39559,39559,tree coral,same-id-same-name
39560,39560,large coral,same-id-same-name
39563,39563,lava hole,same-id-same-name
39565,39565,lava hole,same-id-same-name
39570,39570,stony face,same-id-same-name
39571,39571,canary feather,same-id-same-name
39572,39572,birdcage,same-id-same-name
39573,39573,gemmed lotus brooch,same-id-same-name
39574,39574,clinker wall,same-id-same-name
39577,39577,bag with naga eggs,same-id-same-name
39578,39578,icicle chisel,same-id-same-name
39579,39579,marvelous ice flowers,same-id-same-name
39580,39580,beautiful ice flowers,same-id-same-name
39581,39581,pretty ice flower,same-id-same-name
39582,39582,puny ice flower,same-id-same-name
39668,39668,knightly guard,same-id-same-name
39669,39669,purple 25 years balloon,same-id-same-name
39670,39670,blue 25 years balloon,same-id-same-name
39671,39671,balloon no.0,same-id-same-name
39672,39672,balloon no.1,same-id-same-name
39673,39673,balloon no.2,same-id-same-name
39674,39674,balloon no.3,same-id-same-name
39675,39675,balloon no.4,same-id-same-name
39676,39676,balloon no.5,same-id-same-name
39677,39677,balloon no.6,same-id-same-name
39678,39678,balloon no.7,same-id-same-name
39679,39679,balloon no.8,same-id-same-name
39680,39680,balloon no.9,same-id-same-name
39681,39681,purple 25 years balloon,same-id-same-name
39682,39682,blue 25 years balloon,same-id-same-name
39683,39683,balloon no.0,same-id-same-name
39684,39684,balloon no.1,same-id-same-name
39685,39685,balloon no.2,same-id-same-name
39686,39686,balloon no.3,same-id-same-name
39687,39687,balloon no.4,same-id-same-name
39688,39688,balloon no.5,same-id-same-name
39689,39689,balloon no.6,same-id-same-name
39690,39690,balloon no.7,same-id-same-name
39691,39691,balloon no.8,same-id-same-name
39692,39692,balloon no.9,same-id-same-name
39693,39693,25 years backpack,same-id-same-name
39694,39694,lucky dragon,same-id-same-name
39695,39695,lucky dragon kit,same-id-same-name
39696,39696,lucky dragon,same-id-same-name
39697,39697,rainbow torch,same-id-same-name
39698,39698,lit rainbow torch,same-id-same-name
39699,39699,rainbow torch,same-id-same-name
39700,39700,lit rainbow torch,same-id-same-name
39701,39701,rainbow torch,same-id-same-name
39702,39702,lit rainbow torch,same-id-same-name
39703,39703,burnt down rainbow torch,same-id-same-name
39704,39704,small reward box,same-id-same-name
39705,39705,reward box,same-id-same-name
39706,39706,box full of balloons,same-id-same-name
39707,39707,Pantibian Amphora,same-id-same-name
39710,39710,big reward box,same-id-same-name
39712,39712,Timira's Skin,same-id-same-name
39721,39721,ramp,same-id-same-name
39722,39722,ramp,same-id-same-name
39723,39723,depot box XIX,same-id-same-name
39724,39724,depot box XX,same-id-same-name
39725,39725,water vortex,same-id-same-name
39753,39753,spring board,same-id-same-name
39754,39754,lilypad backpack,same-id-same-name
39755,39755,naga basin,same-id-same-name
39756,39756,naga boat,same-id-same-name
39757,39757,yeti doll,same-id-same-name
39758,39758,yeti doll,same-id-same-name
39759,39759,the gods' twilight doll,same-id-same-name
39760,39760,the gods' twilight doll,same-id-same-name
39761,39761,the gods' twilight doll,same-id-same-name
39762,39762,the gods' twilight doll,same-id-same-name
39763,39763,huge lilypad,same-id-same-name
39767,39767,gilded warlord sword,same-id-same-name
39768,39768,flower chair,same-id-same-name
39769,39769,flower chair,same-id-same-name
39770,39770,flower chair,same-id-same-name
39771,39771,flower chair,same-id-same-name
39772,39772,flower table,same-id-same-name
39773,39773,flower table,same-id-same-name
39774,39774,flower table,same-id-same-name
39775,39775,flower cabinet,same-id-same-name
39776,39776,flower cabinet,same-id-same-name
39777,39777,flower chest,same-id-same-name
39778,39778,flower chest,same-id-same-name
39779,39779,flower chest,same-id-same-name
39780,39780,flower chest,same-id-same-name
39781,39781,flower bed,same-id-same-name
39782,39782,flower bed,same-id-same-name
39783,39783,flower bed,same-id-same-name
39784,39784,flower bed,same-id-same-name
39785,39785,flower bed,same-id-same-name
39786,39786,flower bed,same-id-same-name
39787,39787,flower bed,same-id-same-name
39788,39788,flower bed,same-id-same-name
39789,39789,flower bed,same-id-same-name
39790,39790,flower bed,same-id-same-name
39791,39791,flower bed,same-id-same-name
39792,39792,flower bed,same-id-same-name
39799,39799,wall flowers,same-id-same-name
39800,39800,wall fern,same-id-same-name
39801,39801,wall leaves,same-id-same-name
39802,39802,flowering wall leaves,same-id-same-name
39803,39803,tendrils,same-id-same-name
39804,39804,blooming tendrils,same-id-same-name
39805,39805,water nymph,same-id-same-name
39806,39806,water nymph,same-id-same-name
39807,39807,water nymph,same-id-same-name
39808,39808,water nymph,same-id-same-name
39809,39809,water nymph,same-id-same-name
39810,39810,water nymph,same-id-same-name
39919,39919,stairs,same-id-same-name
39921,39921,stairs,same-id-same-name
39923,39923,stairs,same-id-same-name
39925,39925,stairs,same-id-same-name
40262,40262,stairs,same-id-same-name
40263,40263,stairs,same-id-same-name
40279,40279,stairs,same-id-same-name
40281,40281,stairs,same-id-same-name
40296,40296,stairs,same-id-same-name
40298,40298,stairs,same-id-same-name
40302,40302,stairs,same-id-same-name
40428,40428,stairs,same-id-same-name
40430,40430,stairs,same-id-same-name
40432,40432,stairs,same-id-same-name
40434,40434,stairs,same-id-same-name
40530,40530,broken macuahuitl,same-id-same-name
40531,40531,broken Iks faulds,same-id-same-name
40532,40532,broken Iks headpiece,same-id-same-name
40533,40533,broken Iks cuirass,same-id-same-name
40534,40534,broken Iks sandals,same-id-same-name
40535,40535,broken Iks spear,same-id-same-name
40578,40578,the living idol of tukh,same-id-same-name
40582,40582,crab man claws,same-id-same-name
40583,40583,liodile fang,same-id-same-name
40584,40584,boar man hoof,same-id-same-name
40585,40585,harpy feathers,same-id-same-name
40586,40586,carnivostrich feather,same-id-same-name
40587,40587,rhindeer antlers,same-id-same-name
40588,40588,antler-horn helmet,same-id-same-name
40589,40589,stitched mutant hide legs,same-id-same-name
40590,40590,mutated skin legs,same-id-same-name
40591,40591,mutated skin armor,same-id-same-name
40592,40592,alchemist's boots,same-id-same-name
40593,40593,mutant bone boots,same-id-same-name
40594,40594,alchemist's notepad,same-id-same-name
40595,40595,mutant bone kilt,same-id-same-name
42050,42050,dead iks,same-id-same-name
42051,42051,dead iks,same-id-same-name
42052,42052,dead iks,same-id-same-name
42053,42053,dead iks,same-id-same-name
42054,42054,dead iks,same-id-same-name
42055,42055,dead iks,same-id-same-name
42056,42056,dead iks,same-id-same-name
42057,42057,dead iks,same-id-same-name
42058,42058,dead iks,same-id-same-name
42059,42059,dead iks,same-id-same-name
42060,42060,dead iks,same-id-same-name
42061,42061,dead iks,same-id-same-name
42062,42062,dead iks,same-id-same-name
42063,42063,dead iks,same-id-same-name
42064,42064,dead iks,same-id-same-name
42065,42065,dead iks,same-id-same-name
42066,42066,Ahau's remains,same-id-same-name
42067,42067,Ahau's remains,same-id-same-name
42068,42068,Ahau's remains,same-id-same-name
42069,42069,Ahau's remains,same-id-same-name
42070,42070,dead cursed ape,same-id-same-name
42071,42071,dead cursed ape,same-id-same-name
42072,42072,dead cursed ape,same-id-same-name
42073,42073,dead cursed ape,same-id-same-name
42075,42075,puddle of goo,same-id-same-name
42207,42207,dead crape man,same-id-same-name
42208,42208,dead crape man,same-id-same-name
42209,42209,dead crape man,same-id-same-name
42210,42210,dead crape man,same-id-same-name
42211,42211,dead liodile,same-id-same-name
42212,42212,dead liodile,same-id-same-name
42213,42213,dead liodile,same-id-same-name
42214,42214,dead liodile,same-id-same-name
42215,42215,dead boar man,same-id-same-name
42216,42216,dead boar man,same-id-same-name
42217,42217,dead boar man,same-id-same-name
42218,42218,dead boar man,same-id-same-name
42219,42219,dead harpy,same-id-same-name
42220,42220,dead harpy,same-id-same-name
42221,42221,dead harpy,same-id-same-name
42222,42222,dead harpy,same-id-same-name
42223,42223,dead carnivostrich,same-id-same-name
42224,42224,dead carnivostrich,same-id-same-name
42225,42225,dead carnivostrich,same-id-same-name
42226,42226,dead carnivostrich,same-id-same-name
42227,42227,dead rhindeer,same-id-same-name
42228,42228,dead rhindeer,same-id-same-name
42229,42229,dead rhindeer,same-id-same-name
42230,42230,dead rhindeer,same-id-same-name
42247,42247,dead monster,same-id-same-name
42248,42248,dead monster,same-id-same-name
42249,42249,dead monster,same-id-same-name
42267,42267,seafarer chair,same-id-same-name
42268,42268,seafarer chair,same-id-same-name
42269,42269,seafarer chair,same-id-same-name
42270,42270,seafarer chair,same-id-same-name
42271,42271,seafarer table,same-id-same-name
42272,42272,seafarer table,same-id-same-name
42273,42273,seafarer cabinet,same-id-same-name
42274,42274,seafarer cabinet,same-id-same-name
42275,42275,seafarer chest,same-id-same-name
42276,42276,seafarer chest,same-id-same-name
42277,42277,seafarer chest,same-id-same-name
42278,42278,seafarer chest,same-id-same-name
42279,42279,seafarer bed,same-id-same-name
42280,42280,seafarer bed,same-id-same-name
42281,42281,seafarer bed,same-id-same-name
42282,42282,seafarer bed,same-id-same-name
42283,42283,seafarer bed,same-id-same-name
42284,42284,seafarer bed,same-id-same-name
42285,42285,seafarer bed,same-id-same-name
42286,42286,seafarer bed,same-id-same-name
42287,42287,seafarer bed,same-id-same-name
42288,42288,seafarer bed,same-id-same-name
42289,42289,seafarer bed,same-id-same-name
42290,42290,seafarer bed,same-id-same-name
42291,42291,seashell lamp,same-id-same-name
42292,42292,seashell lamp,same-id-same-name
42293,42293,seashell lamp,same-id-same-name
42294,42294,seashell lamp,same-id-same-name
42295,42295,tentacle lamp,same-id-same-name
42296,42296,tentacle lamp,same-id-same-name
42297,42297,tentacle lamp,same-id-same-name
42298,42298,tentacle lamp,same-id-same-name
42303,42303,ship bell,same-id-same-name
42304,42304,fish hook board,same-id-same-name
42305,42305,life buoy,same-id-same-name
42320,42320,opulent chair,same-id-same-name
42321,42321,opulent chair,same-id-same-name
42322,42322,opulent chair,same-id-same-name
42323,42323,opulent chair,same-id-same-name
42324,42324,opulent table,same-id-same-name
42325,42325,opulent table,same-id-same-name
42326,42326,opulent table,same-id-same-name
42327,42327,opulent table,same-id-same-name
42328,42328,opulent chest,same-id-same-name
42329,42329,opulent chest,same-id-same-name
42330,42330,opulent chest,same-id-same-name
42331,42331,opulent chest,same-id-same-name
42332,42332,opulent book case,same-id-same-name
42333,42333,opulent book case,same-id-same-name
42334,42334,opulent spice rack,same-id-same-name
42335,42335,opulent spice rack,same-id-same-name
42336,42336,opulent wood floor planks,same-id-same-name
42337,42337,opulent wood floor,same-id-same-name
42338,42338,loose opulent floor intarsia,same-id-same-name
42339,42339,opulent floor intarsia,same-id-same-name
42340,42340,rolled-up opulent carpet,same-id-same-name
42341,42341,opulent carpet,same-id-same-name
42342,42342,pile of riches,same-id-same-name
42343,42343,merchant portrait,same-id-same-name
42344,42344,scales wall lamp,same-id-same-name
42345,42345,scales wall lamp,same-id-same-name
42346,42346,opulent floor lamp,same-id-same-name
42347,42347,opulent floor lamp,same-id-same-name
42348,42348,opulent floor lamp,same-id-same-name
42349,42349,opulent floor lamp,same-id-same-name
42350,42350,opulent item stand,same-id-same-name
42351,42351,opulent kline,same-id-same-name
42352,42352,opulent kline,same-id-same-name
42353,42353,opulent kline,same-id-same-name
42354,42354,opulent kline,same-id-same-name
42355,42355,opulent kline,same-id-same-name
42356,42356,opulent kline,same-id-same-name
42357,42357,opulent kline,same-id-same-name
42358,42358,opulent kline,same-id-same-name
42359,42359,opulent kline,same-id-same-name
42360,42360,opulent kline,same-id-same-name
42361,42361,opulent kline,same-id-same-name
42362,42362,opulent kline,same-id-same-name
42363,42363,djinn lamp,same-id-same-name
42364,42364,djinn lamp,same-id-same-name
42365,42365,djinn lamp,same-id-same-name
42366,42366,djinn lamp,same-id-same-name
42367,42367,podium of tenacity,same-id-same-name
42368,42368,podium of tenacity,same-id-same-name
42390,42390,stairs,same-id-same-name
42391,42391,stairs,same-id-same-name
42392,42392,stairs,same-id-same-name
42393,42393,stairs,same-id-same-name
42394,42394,stairs,same-id-same-name
42395,42395,stairs,same-id-same-name
42396,42396,stairs,same-id-same-name
42397,42397,stairs,same-id-same-name
42618,42618,stairs,same-id-same-name
42619,42619,stairs,same-id-same-name
42620,42620,stairs,same-id-same-name
42621,42621,stairs,same-id-same-name
42622,42622,stairs,same-id-same-name
42623,42623,stairs,same-id-same-name
42624,42624,closed door,same-id-same-name
42625,42625,closed door,same-id-same-name
42626,42626,closed door,same-id-same-name
42627,42627,closed door,same-id-same-name
42628,42628,open door,same-id-same-name
42629,42629,open door,same-id-same-name
42632,42632,stairs,same-id-same-name
42744,42744,closed door,same-id-same-name
42745,42745,open door,same-id-same-name
42964,42964,stairs,same-id-same-name
42965,42965,stairs,same-id-same-name
42966,42966,stairs,same-id-same-name
42967,42967,stairs,same-id-same-name
42968,42968,stairs,same-id-same-name
42969,42969,stairs,same-id-same-name
42970,42970,stairs,same-id-same-name
42971,42971,stairs,same-id-same-name
43129,43129,stairs,same-id-same-name
43130,43130,stairs,same-id-same-name
43131,43131,stairs,same-id-same-name
43132,43132,stairs,same-id-same-name
43133,43133,stairs,same-id-same-name
43134,43134,stairs,same-id-same-name
43294,43294,spore tracks,free-crystal-id-preserved
43295,43295,volatile funghi,free-crystal-id-preserved
43297,43297,agony field,free-crystal-id-preserved
43372,43372,hole,same-id-same-name
43374,43374,vine,same-id-same-name
43501,43501,the essence of Murcion,free-crystal-id-preserved
43502,43502,the essence of Ichgahal,free-crystal-id-preserved
43503,43503,the essence of Vemiath,free-crystal-id-preserved
43504,43504,the essence of Chagorz,free-crystal-id-preserved
43510,43510,tibiora's box,same-id-same-name
43511,43511,citizen doll,same-id-same-name
43517,43517,shield of destiny,same-id-same-name
43552,43552,dead mycobiontic beetle,same-id-same-name
43553,43553,dead mycobiontic beetle,same-id-same-name
43554,43554,dead mycobiontic beetle,same-id-same-name
43555,43555,dead mycobiontic beetle,same-id-same-name
43556,43556,dead meandering mushroom,same-id-same-name
43557,43557,dead meandering mushroom,same-id-same-name
43558,43558,dead meandering mushroom,same-id-same-name
43559,43559,dead meandering mushroom,same-id-same-name
43560,43560,dead darklight construct,same-id-same-name
43561,43561,dead darklight construct,same-id-same-name
43562,43562,dead darklight construct,same-id-same-name
43563,43563,dead darklight construct,same-id-same-name
43564,43564,dead converter,same-id-same-name
43565,43565,dead converter,same-id-same-name
43566,43566,dead converter,same-id-same-name
43567,43567,dead converter,same-id-same-name
43568,43568,dead darklight matter,same-id-same-name
43569,43569,dead darklight matter,same-id-same-name
43570,43570,dead darklight matter,same-id-same-name
43571,43571,dead darklight matter,same-id-same-name
43572,43572,dead oozing corpus,same-id-same-name
43573,43573,dead oozing corpus,same-id-same-name
43574,43574,dead oozing corpus,same-id-same-name
43575,43575,dead oozing corpus,same-id-same-name
43576,43576,dead oozing carcass,same-id-same-name
43577,43577,dead oozing carcass,same-id-same-name
43578,43578,dead oozing carcass,same-id-same-name
43579,43579,dead oozing carcass,same-id-same-name
43580,43580,dead darklight emitter,same-id-same-name
43581,43581,dead darklight emitter,same-id-same-name
43582,43582,dead darklight emitter,same-id-same-name
43583,43583,dead darklight emitter,same-id-same-name
43667,43667,dead elder bloodjaw,same-id-same-name
43668,43668,dead elder bloodjaw,same-id-same-name
43669,43669,dead elder bloodjaw,same-id-same-name
43729,43729,werecrocodile tongue,same-id-same-name
43730,43730,weretiger tooth,same-id-same-name
43731,43731,werepanther claw,same-id-same-name
43732,43732,silver moon coin,same-id-same-name
43733,43733,silver foxmouse coin,same-id-same-name
43734,43734,golden sun coin,same-id-same-name
43735,43735,golden tiger coin,same-id-same-name
43736,43736,moon pin,same-id-same-name
43737,43737,sun brooch,same-id-same-name
43740,43740,scarab ocarina,same-id-same-name
43744,43744,rotten mushroom,free-crystal-id-preserved
43751,43751,dead werecrocodile,same-id-same-name
43752,43752,dead werecrocodile,same-id-same-name
43753,43753,dead werecrocodile,same-id-same-name
43754,43754,dead werecrocodile,same-id-same-name
43755,43755,dead werepanther,same-id-same-name
43756,43756,dead werepanther,same-id-same-name
43757,43757,dead werepanther,same-id-same-name
43758,43758,dead werepanther,same-id-same-name
43764,43764,dead feral werecrocodile,same-id-same-name
43765,43765,dead feral werecrocodile,same-id-same-name
43766,43766,dead feral werecrocodile,same-id-same-name
43767,43767,dead feral werecrocodile,same-id-same-name
43786,43786,rotten mushroom,free-crystal-id-preserved
43787,43787,rotten mushroom,free-crystal-id-preserved
43788,43788,rotten mushroom,free-crystal-id-preserved
43789,43789,rotten mushroom,free-crystal-id-preserved
43790,43790,rotten mushroom,free-crystal-id-preserved
43792,43792,rotten crystal,free-crystal-id-preserved
43793,43793,broken rotten crystal,free-crystal-id-preserved
43794,43794,rotten crystal,free-crystal-id-preserved
43795,43795,broken rotten crystal,free-crystal-id-preserved
43796,43796,rotten crystal,free-crystal-id-preserved
43797,43797,broken rotten crystal,free-crystal-id-preserved
43798,43798,rotten crystal,free-crystal-id-preserved
43799,43799,broken rotten crystal,free-crystal-id-preserved
43800,43800,rotten crystal,free-crystal-id-preserved
43801,43801,broken rotten crystal,free-crystal-id-preserved
43810,43810,large seashell,free-crystal-id-preserved
43811,43811,large seashell,free-crystal-id-preserved
43813,43813,dead bloated man-maggot,same-id-same-name
43814,43814,dead bloated man-maggot,same-id-same-name
43815,43815,dead bloated man-maggot,same-id-same-name
43816,43816,dead bloated man-maggot,same-id-same-name
43817,43817,dead rotten man-maggots,same-id-same-name
43818,43818,dead rotten man-maggots,same-id-same-name
43819,43819,dead rotten man-maggots,same-id-same-name
43820,43820,dead rotten man-maggots,same-id-same-name
43821,43821,dead walking pillar,same-id-same-name
43822,43822,dead walking pillar,same-id-same-name
43823,43823,dead walking pillar,same-id-same-name
43824,43824,dead walking pillar,same-id-same-name
43825,43825,dead wandering pillar,same-id-same-name
43826,43826,dead wandering pillar,same-id-same-name
43827,43827,dead wandering pillar,same-id-same-name
43828,43828,dead wandering pillar,same-id-same-name
43829,43829,dead sopping carcass,same-id-same-name
43830,43830,dead sopping carcass,same-id-same-name
43831,43831,dead sopping carcass,same-id-same-name
43832,43832,dead sopping carcass,same-id-same-name
43833,43833,dead sopping corpus,same-id-same-name
43834,43834,dead sopping corpus,same-id-same-name
43835,43835,dead sopping corpus,same-id-same-name
43836,43836,dead sopping corpus,same-id-same-name
43837,43837,dead darklight source,same-id-same-name
43838,43838,dead darklight source,same-id-same-name
43839,43839,dead darklight source,same-id-same-name
43840,43840,dead darklight source,same-id-same-name
43841,43841,dead darklight striker,same-id-same-name
43842,43842,dead darklight striker,same-id-same-name
43843,43843,dead darklight striker,same-id-same-name
43844,43844,dead darklight striker,same-id-same-name
43846,43846,decayed finger bone,same-id-same-name
43849,43849,rotten roots,same-id-same-name
43850,43850,dark obsidian splinter,same-id-same-name
43851,43851,darklight matter,same-id-same-name
43852,43852,darklight basalt chunk,same-id-same-name
43853,43853,darklight core,same-id-same-name
43854,43854,tainted heart,free-crystal-id-preserved
43855,43855,darklight heart,free-crystal-id-preserved
43863,43863,conch shell horn,same-id-same-name
43864,43864,sanguine blade,same-id-same-name
43865,43865,grand sanguine blade,same-id-same-name
43866,43866,sanguine cudgel,same-id-same-name
43867,43867,grand sanguine cudgel,same-id-same-name
43868,43868,sanguine hatchet,same-id-same-name
43869,43869,grand sanguine hatchet,same-id-same-name
43870,43870,sanguine razor,same-id-same-name
43871,43871,grand sanguine razor,same-id-same-name
43872,43872,sanguine bludgeon,same-id-same-name
43873,43873,grand sanguine bludgeon,same-id-same-name
43874,43874,sanguine battleaxe,same-id-same-name
43875,43875,grand sanguine battleaxe,same-id-same-name
43876,43876,sanguine legs,same-id-same-name
43877,43877,sanguine bow,same-id-same-name
43878,43878,grand sanguine bow,same-id-same-name
43879,43879,sanguine crossbow,same-id-same-name
43880,43880,grand sanguine crossbow,same-id-same-name
43881,43881,sanguine greaves,same-id-same-name
43882,43882,sanguine coil,same-id-same-name
43883,43883,grand sanguine coil,same-id-same-name
43884,43884,sanguine boots,same-id-same-name
43885,43885,sanguine rod,same-id-same-name
43886,43886,grand sanguine rod,same-id-same-name
43887,43887,sanguine galoshes,same-id-same-name
43891,43891,sacrificial plate,same-id-same-name
43895,43895,bag you covet,same-id-same-name
43899,43899,cursed wood,free-crystal-id-preserved
43900,43900,darklight geode,free-crystal-id-preserved
43901,43901,toy ball,same-id-same-name
43902,43902,crack,same-id-same-name
43915,43915,weretiger trophy,same-id-same-name
43916,43916,werecrocodile trophy,same-id-same-name
43917,43917,werepanther trophy,same-id-same-name
43952,43952,closed door,same-id-same-name
43953,43953,closed door,same-id-same-name
43954,43954,open door,same-id-same-name
43955,43955,open door,same-id-same-name
44012,54275,dead bakragore,new-free-id
44013,54276,dead bakragore,new-free-id
44014,54277,dead bakragore,new-free-id
44015,54278,dead murcion,new-free-id
44016,54279,dead murcion,new-free-id
44017,54280,dead murcion,new-free-id
44018,54281,dead Ichgahal,new-free-id
44019,54282,dead Ichgahal,new-free-id
44020,54283,dead Ichgahal,new-free-id
44021,54284,dead vemiath,new-free-id
44022,54285,dead vemiath,new-free-id
44023,54286,dead vemiath,new-free-id
44024,54287,dead chagorz,new-free-id
44025,54288,dead chagorz,new-free-id
44026,54289,dead chagorz,new-free-id
44036,44036,dead ayana the crimson curse,same-id-same-name
44037,44037,dead ayana the crimson curse,same-id-same-name
44038,44038,dead ayana the crimson curse,same-id-same-name
44039,44039,dead ayana the crimson curse,same-id-same-name
44064,44064,training shield,same-id-same-name
44065,44065,exercise shield,same-id-same-name
44066,44066,durable exercise shield,same-id-same-name
44067,44067,lasting exercise shield,same-id-same-name
44158,44158,dragon trophy,free-crystal-id-preserved
44529,44529,slits,free-crystal-id-preserved
44530,44530,blades,free-crystal-id-preserved
44602,44602,lesser guardian gem,same-id-same-name
44603,44603,guardian gem,same-id-same-name
44604,44604,greater guardian gem,same-id-same-name
44605,44605,lesser marksman gem,same-id-same-name
44606,44606,marksman gem,same-id-same-name
44607,44607,greater marksman gem,same-id-same-name
44608,44608,lesser sage gem,same-id-same-name
44609,44609,sage gem,same-id-same-name
44610,44610,greater sage gem,same-id-same-name
44611,44611,lesser mystic gem,same-id-same-name
44612,44612,mystic gem,same-id-same-name
44613,44613,greater mystic gem,same-id-same-name
44619,44619,stoic iks cuirass,same-id-same-name
44620,44620,stoic iks chestplate,same-id-same-name
44621,44621,dauntless dragon scale armor,same-id-same-name
44622,44622,unerring dragon scale armor,same-id-same-name
44623,44623,arcane dragon robe,same-id-same-name
44624,44624,mystical dragon robe,same-id-same-name
44636,44636,stoic iks casque,same-id-same-name
44637,44637,stoic iks headpiece,same-id-same-name
44638,44638,knight pedestal,same-id-same-name
44639,44639,paladin pedestal,same-id-same-name
44640,44640,sorcerer pedestal,same-id-same-name
44641,44641,druid pedestal,same-id-same-name
44642,44642,stoic iks culet,same-id-same-name
44643,44643,stoic iks faulds,same-id-same-name
44648,44648,stoic iks boots,same-id-same-name
44649,44649,stoic iks sandals,same-id-same-name
44651,44651,dead dragolisk,same-id-same-name
44652,44652,dead dragolisk,same-id-same-name
44653,44653,dead dragolisk,same-id-same-name
44654,44654,dead dragolisk,same-id-same-name
44656,44656,dead wardragon,same-id-same-name
44657,44657,dead wardragon,same-id-same-name
44658,44658,dead wardragon,same-id-same-name
44659,44659,dead wardragon,same-id-same-name
44660,44660,dead mega dragon,same-id-same-name
44661,44661,dead mega dragon,same-id-same-name
44662,44662,dead mega dragon,same-id-same-name
44663,44663,dead mega dragon,same-id-same-name
44706,44706,dead bulltaur brute,same-id-same-name
44707,44707,dead bulltaur brute,same-id-same-name
44708,44708,dead bulltaur brute,same-id-same-name
44710,44710,dead bulltaur alchemist,same-id-same-name
44711,44711,dead bulltaur alchemist,same-id-same-name
44712,44712,dead bulltaur alchemist,same-id-same-name
44714,44714,dead bulltaur forgepriest,same-id-same-name
44715,44715,dead bulltaur forgepriest,same-id-same-name
44716,44716,dead bulltaur forgepriest,same-id-same-name
44743,44743,Nimmersatt's seal,same-id-same-name
44744,44744,molten dragon essence,same-id-same-name
44745,44745,mega dragon heart,same-id-same-name
44746,44746,dragolisk eye,same-id-same-name
44747,44747,dragolisk poison gland,same-id-same-name
44748,44748,wardragon claw,same-id-same-name
44749,44749,wardragon tooth,same-id-same-name
44750,44750,exalted seal,same-id-same-name
44751,44751,gold-scaled sentinel,same-id-same-name
44752,44752,crystallized blood,same-id-same-name
44753,44753,herald's insignia ,same-id-same-name
44754,44754,herald's wings,same-id-same-name
44758,44758,dragon hoard,same-id-same-name
44895,44895,ramp,same-id-same-name
44896,44896,ramp,same-id-same-name
44897,44897,ramp,same-id-same-name
44898,44898,ramp,same-id-same-name
44899,44899,ramp,same-id-same-name
44900,44900,ramp,same-id-same-name
44901,44901,ramp,same-id-same-name
44902,44902,ramp,same-id-same-name
44913,44913,closed door,same-id-same-name
44914,44914,closed door,same-id-same-name
44915,44915,closed door,same-id-same-name
44916,44916,closed door,same-id-same-name
44917,44917,open door,same-id-same-name
44918,44918,open door,same-id-same-name
44941,44941,ramp,same-id-same-name
44942,44942,ramp,same-id-same-name
44943,44943,ramp,same-id-same-name
44944,44944,ramp,same-id-same-name
44945,44945,ramp,same-id-same-name
44946,44946,ramp,same-id-same-name
44947,44947,ramp,same-id-same-name
44948,44948,ramp,same-id-same-name
45153,45153,ramp,same-id-same-name
45154,45154,ramp,same-id-same-name
45155,45155,ramp,same-id-same-name
45156,45156,ramp,same-id-same-name
45157,45157,ramp,same-id-same-name
45158,45158,ramp,same-id-same-name
45159,45159,ramp,same-id-same-name
45160,45160,ramp,same-id-same-name
45639,45639,cocoa grimoire,same-id-same-name
45640,45640,creamy grimoire,same-id-same-name
45641,45641,candy necklace,same-id-same-name
45642,45642,ring of temptation,same-id-same-name
45643,45643,biscuit barrier,same-id-same-name
45644,45644,candy-coated quiver,same-id-same-name
45652,45652,preserved pink seed,same-id-same-name
45653,45653,preserved red seed,same-id-same-name
45654,45654,preserved light blue seed,same-id-same-name
45655,45655,preserved violet seed,same-id-same-name
45656,45656,preserved purple seed,same-id-same-name
45657,45657,preserved yellow seed,same-id-same-name
46625,46625,lesser fragment,free-crystal-id-preserved
46626,46626,greater fragment,free-crystal-id-preserved
46627,46627,crusher,same-id-same-name
46628,46628,amber crusher,same-id-same-name
47367,47367,large obelisk,same-id-same-name
47368,47368,amber slayer,same-id-same-name
47369,47369,amber greataxe,same-id-same-name
47370,47370,amber bludgeon,same-id-same-name
47371,47371,amber bow,same-id-same-name
47372,47372,amber wand,same-id-same-name
47373,47373,amber rod,same-id-same-name
47374,47374,amber sabre,same-id-same-name
47375,47375,amber axe,same-id-same-name
47376,47376,amber cudgel,same-id-same-name
47377,47377,amber crossbow,same-id-same-name
47379,47379,large obelisk,same-id-same-name
47381,47381,orc warlord soul core,same-id-same-name
47383,47383,orc rider soul core,same-id-same-name
47384,47384,orc soul core,same-id-same-name
47385,47385,orc shaman soul core,same-id-same-name
47386,47386,orc warrior soul core,same-id-same-name
47387,47387,orc berserker soul core,same-id-same-name
47388,47388,necromancer soul core,same-id-same-name
47390,47390,hunter soul core,same-id-same-name
47392,47392,sheep soul core,same-id-same-name
47394,47394,bear soul core,same-id-same-name
47395,47395,bonelord soul core,same-id-same-name
47396,47396,ghoul soul core,same-id-same-name
47397,47397,slime soul core,same-id-same-name
47398,47398,rat soul core,same-id-same-name
47399,47399,cyclops soul core,same-id-same-name
47400,47400,minotaur mage soul core,same-id-same-name
47401,47401,minotaur archer soul core,same-id-same-name
47402,47402,minotaur soul core,same-id-same-name
47403,47403,rotworm soul core,same-id-same-name
47405,47405,snake soul core,same-id-same-name
47406,47406,minotaur guard soul core,same-id-same-name
47407,47407,spider soul core,same-id-same-name
47408,47408,deer soul core,same-id-same-name
47409,47409,dog soul core,same-id-same-name
47410,47410,skeleton soul core,same-id-same-name
47411,47411,dragon soul core,same-id-same-name
47412,47412,demon soul core,same-id-same-name
47413,47413,poison spider soul core,same-id-same-name
47414,47414,demon skeleton soul core,same-id-same-name
47415,47415,giant spider soul core,same-id-same-name
47416,47416,dragon lord soul core,same-id-same-name
47417,47417,fire devil soul core,same-id-same-name
47418,47418,lion soul core,same-id-same-name
47419,47419,polar bear soul core,same-id-same-name
47420,47420,scorpion soul core,same-id-same-name
47422,47422,bug soul core,same-id-same-name
47424,47424,ghost soul core,same-id-same-name
47425,47425,fire elemental soul core,same-id-same-name
47426,47426,orc spearman soul core,same-id-same-name
47427,47427,green djinn soul core,same-id-same-name
47429,47429,frost troll soul core,same-id-same-name
47431,47431,behemoth soul core,same-id-same-name
47432,47432,cave rat soul core,same-id-same-name
47433,47433,monk soul core,same-id-same-name
47434,47434,priestess soul core,same-id-same-name
47435,47435,orc leader soul core,same-id-same-name
47436,47436,pig soul core,same-id-same-name
47437,47437,goblin soul core,same-id-same-name
47438,47438,elf soul core,same-id-same-name
47439,47439,elf arcanist soul core,same-id-same-name
47440,47440,elf scout soul core,same-id-same-name
47441,47441,mummy soul core,same-id-same-name
47442,47442,dwarf geomancer soul core,same-id-same-name
47443,47443,stone golem soul core,same-id-same-name
47445,47445,dwarf soul core,same-id-same-name
47446,47446,dwarf guard soul core,same-id-same-name
47447,47447,dwarf soldier soul core,same-id-same-name
47448,47448,stalker soul core,same-id-same-name
47449,47449,hero soul core,same-id-same-name
47450,47450,rabbit soul core,same-id-same-name
47451,47451,swamp troll soul core,same-id-same-name
47452,47452,amazon soul core,same-id-same-name
47453,47453,banshee soul core,same-id-same-name
47454,47454,ancient scarab soul core,same-id-same-name
47455,47455,blue djinn soul core,same-id-same-name
47456,47456,cobra soul core,same-id-same-name
47457,47457,larva soul core,same-id-same-name
47458,47458,scarab soul core,same-id-same-name
47459,47459,hyaena soul core,same-id-same-name
47460,47460,gargoyle soul core,same-id-same-name
47461,47461,lich soul core,same-id-same-name
47462,47462,crypt shambler soul core,same-id-same-name
47463,47463,bonebeast soul core,same-id-same-name
47465,47465,efreet soul core,same-id-same-name
47466,47466,marid soul core,same-id-same-name
47467,47467,badger soul core,same-id-same-name
47468,47468,skunk soul core,same-id-same-name
47470,47470,elder bonelord soul core,same-id-same-name
47471,47471,gazer soul core,same-id-same-name
47473,47473,chicken soul core,same-id-same-name
47474,47474,crab soul core,same-id-same-name
47475,47475,lizard templar soul core,same-id-same-name
47476,47476,lizard sentinel soul core,same-id-same-name
47477,47477,lizard snakecharmer soul core,same-id-same-name
47478,47478,kongra soul core,same-id-same-name
47479,47479,merlkin soul core,same-id-same-name
47480,47480,sibang soul core,same-id-same-name
47481,47481,crocodile soul core,same-id-same-name
47482,47482,carniphila soul core,same-id-same-name
47483,47483,hydra soul core,same-id-same-name
47484,47484,bat soul core,same-id-same-name
47485,47485,panda soul core,same-id-same-name
47486,47486,centipede soul core,same-id-same-name
47488,47488,elephant soul core,same-id-same-name
47489,47489,flamingo soul core,same-id-same-name
47490,47490,butterfly soul core (purple),same-id-same-name
47491,47491,dworc voodoomaster soul core,same-id-same-name
47492,47492,dworc fleshhunter soul core,same-id-same-name
47493,47493,dworc venomsniper soul core,same-id-same-name
47494,47494,parrot soul core,same-id-same-name
47496,47496,tarantula soul core,same-id-same-name
47497,47497,serpent spawn soul core,same-id-same-name
47498,47498,spit nettle soul core,same-id-same-name
47499,47499,smuggler soul core,same-id-same-name
47500,47500,bandit soul core,same-id-same-name
47501,47501,assassin soul core,same-id-same-name
47502,47502,dark monk soul core,same-id-same-name
47503,47503,butterfly soul core (blue),same-id-same-name
47504,47504,butterfly soul core (red),same-id-same-name
47506,47506,quara predator soul core,same-id-same-name
47507,47507,quara predator scout soul core,same-id-same-name
47508,47508,quara constrictor soul core,same-id-same-name
47509,47509,quara constrictor scout soul core,same-id-same-name
47510,47510,quara mantassin soul core,same-id-same-name
47511,47511,quara mantassin scout soul core,same-id-same-name
47512,47512,quara hydromancer soul core,same-id-same-name
47513,47513,quara hydromancer scout soul core,same-id-same-name
47514,47514,quara pincher soul core,same-id-same-name
47515,47515,quara pincher scout soul core,same-id-same-name
47516,47516,pirate marauder soul core,same-id-same-name
47517,47517,pirate cutthroat soul core,same-id-same-name
47518,47518,pirate buccaneer soul core,same-id-same-name
47519,47519,pirate corsair soul core,same-id-same-name
47520,47520,carrion worm soul core,same-id-same-name
47521,47521,enlightened of the cult soul core,same-id-same-name
47522,47522,acolyte of the cult soul core,same-id-same-name
47523,47523,adept of the cult soul core,same-id-same-name
47524,47524,novice of the cult soul core,same-id-same-name
47525,47525,pirate skeleton soul core,same-id-same-name
47526,47526,pirate ghost soul core,same-id-same-name
47529,47529,mammoth soul core,same-id-same-name
47530,47530,blood crab soul core,same-id-same-name
47532,47532,seagull soul core,same-id-same-name
47533,47533,son of verminor soul core,same-id-same-name
47534,47534,green frog soul core,same-id-same-name
47535,47535,azure frog soul core,same-id-same-name
47536,47536,coral frog soul core,same-id-same-name
47537,47537,crimson frog soul core,same-id-same-name
47538,47538,orchid frog soul core,same-id-same-name
47539,47539,island troll soul core,same-id-same-name
47540,47540,massive water elemental soul core,same-id-same-name
47541,47541,hand of cursed fate soul core,same-id-same-name
47543,47543,lost soul soul core,same-id-same-name
47544,47544,betrayed wraith soul core,same-id-same-name
47545,47545,dark torturer soul core,same-id-same-name
47546,47546,spectre soul core,same-id-same-name
47547,47547,destroyer soul core,same-id-same-name
47548,47548,diabolic imp soul core,same-id-same-name
47549,47549,defiler soul core,same-id-same-name
47551,47551,fury soul core,same-id-same-name
47552,47552,phantasm soul core,same-id-same-name
47553,47553,hellhound soul core,same-id-same-name
47554,47554,hellfire fighter soul core,same-id-same-name
47555,47555,juggernaut soul core,same-id-same-name
47556,47556,blightwalker soul core,same-id-same-name
47557,47557,nightmare soul core,same-id-same-name
47558,47558,nomad soul core (basic),same-id-same-name
47559,47559,massive fire elemental soul core,same-id-same-name
47560,47560,plaguesmith soul core,same-id-same-name
47561,47561,frost dragon soul core,same-id-same-name
47562,47562,penguin soul core,same-id-same-name
47563,47563,chakoya tribewarden soul core,same-id-same-name
47564,47564,braindeath soul core,same-id-same-name
47565,47565,barbarian skullhunter soul core,same-id-same-name
47566,47566,barbarian bloodwalker soul core,same-id-same-name
47567,47567,frost giant soul core,same-id-same-name
47568,47568,ice golem soul core,same-id-same-name
47569,47569,silver rabbit soul core,same-id-same-name
47570,47570,chakoya toolshaper soul core,same-id-same-name
47571,47571,chakoya windcaller soul core,same-id-same-name
47572,47572,crystal spider soul core,same-id-same-name
47573,47573,ice witch soul core,same-id-same-name
47574,47574,barbarian brutetamer soul core,same-id-same-name
47575,47575,barbarian headsplitter soul core,same-id-same-name
47576,47576,frost giantess soul core,same-id-same-name
47577,47577,dire penguin soul core,same-id-same-name
47578,47578,dark magician soul core,same-id-same-name
47579,47579,dark apprentice soul core,same-id-same-name
47580,47580,poacher soul core,same-id-same-name
47581,47581,goblin leader soul core,same-id-same-name
47582,47582,dwarf henchman soul core,same-id-same-name
47583,47583,dryad soul core,same-id-same-name
47584,47584,squirrel soul core,same-id-same-name
47585,47585,dragon hatchling soul core,same-id-same-name
47586,47586,dragon lord hatchling soul core,same-id-same-name
47587,47587,cat soul core,same-id-same-name
47589,47589,cyclops smith soul core,same-id-same-name
47590,47590,cyclops drone soul core,same-id-same-name
47592,47592,grynch clan goblin soul core,same-id-same-name
47593,47593,frost dragon hatchling soul core,same-id-same-name
47594,47594,deepsea blood crab soul core,same-id-same-name
47595,47595,sea serpent soul core,same-id-same-name
47598,47598,skeleton warrior soul core,same-id-same-name
47600,47600,massive earth elemental soul core,same-id-same-name
47601,47601,energy elemental soul core,same-id-same-name
47602,47602,earth elemental soul core,same-id-same-name
47603,47603,bog raider soul core,same-id-same-name
47606,47606,goblin assassin soul core,same-id-same-name
47607,47607,goblin scavenger soul core,same-id-same-name
47608,47608,grim reaper soul core,same-id-same-name
47619,47619,mutated rat soul core,same-id-same-name
47622,47622,mutated bat soul core,same-id-same-name
47624,47624,haunted treeling soul core,same-id-same-name
47626,47626,acid blob soul core,same-id-same-name
47627,47627,death blob soul core,same-id-same-name
47628,47628,mercury blob soul core,same-id-same-name
47629,47629,mutated tiger soul core,same-id-same-name
47631,47631,nightmare scion soul core,same-id-same-name
47632,47632,hellspawn soul core,same-id-same-name
47633,47633,nightstalker soul core,same-id-same-name
47634,47634,mutated human soul core,same-id-same-name
47635,47635,gozzler soul core,same-id-same-name
47636,47636,damaged worker golem soul core,same-id-same-name
47637,47637,crazed beggar soul core,same-id-same-name
47638,47638,gang member soul core,same-id-same-name
47639,47639,gladiator soul core,same-id-same-name
47640,47640,mad scientist soul core,same-id-same-name
47641,47641,infernalist soul core,same-id-same-name
47643,47643,furious troll soul core,same-id-same-name
47645,47645,evil sheep soul core,same-id-same-name
47646,47646,medusa soul core,same-id-same-name
47653,47653,acolyte of darkness soul core,same-id-same-name
47654,47654,nightslayer soul core,same-id-same-name
47655,47655,bane of light soul core,same-id-same-name
47656,47656,duskbringer soul core,same-id-same-name
47657,47657,shadow hound soul core,same-id-same-name
47658,47658,doomsday cultist soul core,same-id-same-name
47659,47659,midnight spawn soul core,same-id-same-name
47660,47660,midnight warrior soul core,same-id-same-name
47661,47661,herald of gloom soul core,same-id-same-name
47662,47662,bride of night soul core,same-id-same-name
47667,47667,orc marauder soul core,same-id-same-name
47668,47668,eternal guardian soul core,same-id-same-name
47669,47669,lizard zaogun soul core,same-id-same-name
47670,47670,draken warmaster soul core,same-id-same-name
47671,47671,draken spellweaver soul core,same-id-same-name
47672,47672,lizard chosen soul core,same-id-same-name
47673,47673,insect swarm soul core,same-id-same-name
47674,47674,lizard dragon priest soul core,same-id-same-name
47675,47675,lizard legionnaire soul core,same-id-same-name
47676,47676,lizard high guard soul core,same-id-same-name
47677,47677,killer caiman soul core,same-id-same-name
47678,47678,gnarlhound soul core,same-id-same-name
47681,47681,lancer beetle soul core,same-id-same-name
47682,47682,sandcrawler soul core,same-id-same-name
47683,47683,ghastly dragon soul core,same-id-same-name
47684,47684,lizard magistratus soul core,same-id-same-name
47685,47685,lizard noble soul core,same-id-same-name
47686,47686,draken elite soul core,same-id-same-name
47687,47687,draken abomination soul core,same-id-same-name
47688,47688,brimstone bug soul core,same-id-same-name
47689,47689,souleater soul core,same-id-same-name
47690,47690,bane bringer soul core,same-id-same-name
47691,47691,cake golem soul core,same-id-same-name
47697,47697,berrypest soul core,same-id-same-name
47698,47698,boar soul core,same-id-same-name
47699,47699,stampor soul core,same-id-same-name
47700,47700,draptor soul core,same-id-same-name
47702,47702,crustacea gigantica soul core,same-id-same-name
47703,47703,midnight panther soul core,same-id-same-name
47704,47704,iron servant soul core,same-id-same-name
47705,47705,golden servant soul core,same-id-same-name
47706,47706,diamond servant soul core,same-id-same-name
47707,47707,clay guardian soul core,same-id-same-name
47709,47709,shaburak demon soul core,same-id-same-name
47710,47710,askarak demon soul core,same-id-same-name
47712,47712,slug soul core,same-id-same-name
47713,47713,dromedary soul core,same-id-same-name
47714,47714,deepling scout soul core,same-id-same-name
47715,47715,bog frog soul core,same-id-same-name
47717,47717,crystal wolf soul core,same-id-same-name
47718,47718,elf overseer soul core,same-id-same-name
47722,47722,deepling warrior soul core,same-id-same-name
47723,47723,deepling guard soul core,same-id-same-name
47724,47724,deepling spellsinger soul core,same-id-same-name
47725,47725,shark soul core,same-id-same-name
47726,47726,fish soul core,same-id-same-name
47727,47727,crawler soul core,same-id-same-name
47729,47729,swarmer soul core,same-id-same-name
47730,47730,spitter soul core,same-id-same-name
47732,47732,deepling worker soul core,same-id-same-name
47733,47733,insectoid worker soul core,same-id-same-name
47734,47734,crystalcrusher soul core,same-id-same-name
47735,47735,mushroom sniffer soul core,same-id-same-name
47738,47738,enraged crystal golem soul core,same-id-same-name
47739,47739,drillworm soul core,same-id-same-name
47740,47740,humongous fungus soul core,same-id-same-name
47741,47741,magma crawler soul core,same-id-same-name
47742,47742,enslaved dwarf soul core,same-id-same-name
47743,47743,lost berserker soul core,same-id-same-name
47744,47744,hideous fungus soul core,same-id-same-name
47747,47747,emerald damselfly soul core,same-id-same-name
47748,47748,salamander soul core,same-id-same-name
47749,47749,marsh stalker soul core,same-id-same-name
47750,47750,corym charlatan soul core,same-id-same-name
47751,47751,corym skirmisher soul core,same-id-same-name
47752,47752,corym vanguard soul core,same-id-same-name
47753,47753,swampling soul core,same-id-same-name
47754,47754,adventurer soul core,same-id-same-name
47755,47755,lost husher soul core,same-id-same-name
47756,47756,lost basher soul core,same-id-same-name
47757,47757,lost thrower soul core,same-id-same-name
47760,47760,shadow pupil soul core,same-id-same-name
47761,47761,blood priest soul core,same-id-same-name
47763,47763,elder wyrm soul core,same-id-same-name
47764,47764,nightfiend soul core,same-id-same-name
47765,47765,blood hand soul core,same-id-same-name
47766,47766,gravedigger soul core,same-id-same-name
47767,47767,tarnished spirit soul core,same-id-same-name
47768,47768,rorc soul core,same-id-same-name
47769,47769,leaf golem soul core,same-id-same-name
47770,47770,forest fury soul core,same-id-same-name
47771,47771,roaring lion soul core,same-id-same-name
47773,47773,furious fire elemental soul core,same-id-same-name
47774,47774,shock head soul core,same-id-same-name
47775,47775,sight of surrender soul core,same-id-same-name
47776,47776,guzzlemaw soul core,same-id-same-name
47777,47777,silencer soul core,same-id-same-name
47778,47778,choking fear soul core,same-id-same-name
47780,47780,retching horror soul core,same-id-same-name
47781,47781,demon outcast soul core,same-id-same-name
47783,47783,feversleep soul core,same-id-same-name
47784,47784,frazzlemaw soul core,same-id-same-name
47786,47786,glooth golem soul core,same-id-same-name
47787,47787,metal gargoyle soul core,same-id-same-name
47788,47788,blood beast soul core,same-id-same-name
47789,47789,rustheap golem soul core,same-id-same-name
47790,47790,glooth anemone soul core,same-id-same-name
47791,47791,moohtant soul core,same-id-same-name
47792,47792,minotaur amazon soul core,same-id-same-name
47793,47793,execowtioner soul core,same-id-same-name
47794,47794,mooh'tah warrior soul core,same-id-same-name
47795,47795,minotaur hunter soul core,same-id-same-name
47797,47797,glooth blob soul core,same-id-same-name
47798,47798,rot elemental soul core,same-id-same-name
47799,47799,devourer soul core,same-id-same-name
47810,47810,abyssal calamary soul core,same-id-same-name
47812,47812,high voltage elemental soul core,same-id-same-name
47813,47813,glooth bandit soul core,same-id-same-name
47814,47814,glooth brigand soul core,same-id-same-name
47815,47815,raging fire soul core,same-id-same-name
47816,47816,dawnfire asura soul core,same-id-same-name
47817,47817,midnight asura soul core,same-id-same-name
47818,47818,tainted soul soul core,same-id-same-name
47819,47819,omnivora soul core,same-id-same-name
47824,47824,renegade knight soul core,same-id-same-name
47826,47826,ogre brute soul core,same-id-same-name
47827,47827,ogre savage soul core,same-id-same-name
47828,47828,ogre shaman soul core,same-id-same-name
47829,47829,clomp soul core,same-id-same-name
47830,47830,grimeleech soul core,same-id-same-name
47832,47832,hellflayer soul core,same-id-same-name
47838,47838,reality reaver soul core,same-id-same-name
47839,47839,sparkion soul core,same-id-same-name
47840,47840,breach brood soul core,same-id-same-name
47842,47842,dread intruder soul core,same-id-same-name
47844,47844,instable sparkion soul core,same-id-same-name
47845,47845,instable breach brood soul core,same-id-same-name
47846,47846,stabilizing reality reaver soul core,same-id-same-name
47847,47847,stabilizing dread intruder soul core,same-id-same-name
47848,47848,cave parrot soul core,same-id-same-name
47849,47849,orclops doomhauler soul core,same-id-same-name
47850,47850,orclops ravager soul core,same-id-same-name
47851,47851,broken shaper soul core,same-id-same-name
47853,47853,iron servant replica soul core,same-id-same-name
47854,47854,shaper matriarch soul core,same-id-same-name
47855,47855,misguided bully soul core,same-id-same-name
47856,47856,misguided thief soul core,same-id-same-name
47857,47857,putrid mummy soul core,same-id-same-name
47858,47858,faun soul core,same-id-same-name
47859,47859,pooka soul core,same-id-same-name
47861,47861,pixie soul core,same-id-same-name
47862,47862,boogy soul core,same-id-same-name
47864,47864,enfeebled silencer soul core,same-id-same-name
47865,47865,nymph soul core,same-id-same-name
47866,47866,barkless devotee soul core,same-id-same-name
47867,47867,barkless fanatic soul core,same-id-same-name
47868,47868,dark faun soul core,same-id-same-name
47869,47869,orc cult inquisitor soul core,same-id-same-name
47870,47870,orc cult minion soul core,same-id-same-name
47871,47871,minotaur cult follower soul core,same-id-same-name
47872,47872,minotaur cult prophet soul core,same-id-same-name
47873,47873,minotaur cult zealot soul core,same-id-same-name
47874,47874,cult believer soul core,same-id-same-name
47875,47875,cult enforcer soul core,same-id-same-name
47876,47876,stonerefiner soul core,same-id-same-name
47877,47877,lost exile soul core,same-id-same-name
47878,47878,deepworm soul core,same-id-same-name
47879,47879,diremaw soul core,same-id-same-name
47880,47880,cave devourer soul core,same-id-same-name
47882,47882,chasm spawn soul core,same-id-same-name
47883,47883,fox soul core,same-id-same-name
47886,47886,lava lurker soul core,same-id-same-name
47888,47888,ravenous lava lurker soul core,same-id-same-name
47890,47890,frost flower asura soul core,same-id-same-name
47896,47896,floating savant soul core,same-id-same-name
47899,47899,falcon knight soul core,same-id-same-name
47900,47900,falcon paladin soul core,same-id-same-name
47901,47901,brain squid soul core,same-id-same-name
47902,47902,biting book soul core,same-id-same-name
47903,47903,ink blob soul core,same-id-same-name
47904,47904,burning book soul core,same-id-same-name
47905,47905,icecold book soul core,same-id-same-name
47906,47906,energetic book soul core,same-id-same-name
47907,47907,energuardian of tales soul core,same-id-same-name
47908,47908,deathling scout soul core,same-id-same-name
47909,47909,rage squid soul core,same-id-same-name
47910,47910,squid warden soul core,same-id-same-name
47911,47911,animated feather soul core,same-id-same-name
47913,47913,skeleton elite warrior soul core,same-id-same-name
47915,47915,deathling spellsinger soul core,same-id-same-name
47916,47916,lumbering carnivor soul core,same-id-same-name
47917,47917,spiky carnivor soul core,same-id-same-name
47918,47918,menacing carnivor soul core,same-id-same-name
47919,47919,ripper spectre soul core,same-id-same-name
47920,47920,gazer spectre soul core,same-id-same-name
47921,47921,burster spectre soul core,same-id-same-name
47923,47923,arachnophobica soul core,same-id-same-name
47924,47924,crazed winter vanguard soul core,same-id-same-name
47925,47925,crazed winter rearguard soul core,same-id-same-name
47926,47926,crazed summer vanguard soul core,same-id-same-name
47927,47927,crazed summer rearguard soul core,same-id-same-name
47928,47928,soul-broken harbinger soul core,same-id-same-name
47929,47929,insane siren soul core,same-id-same-name
47930,47930,cobra assassin soul core,same-id-same-name
47931,47931,cobra scout soul core,same-id-same-name
47933,47933,burning gladiator soul core,same-id-same-name
47934,47934,priestess of the wild sun soul core,same-id-same-name
47935,47935,black sphinx acolyte soul core,same-id-same-name
47936,47936,crypt warden soul core,same-id-same-name
47937,47937,lamassu soul core,same-id-same-name
47938,47938,feral sphinx soul core,same-id-same-name
47939,47939,sphinx soul core,same-id-same-name
47940,47940,manticore soul core,same-id-same-name
47942,47942,adult goanna soul core,same-id-same-name
47943,47943,ogre ruffian soul core,same-id-same-name
47944,47944,ogre rowdy soul core,same-id-same-name
47945,47945,ogre sage soul core,same-id-same-name
47946,47946,cobra vizier soul core,same-id-same-name
47947,47947,flimsy lost soul soul core,same-id-same-name
47948,47948,mean lost soul soul core,same-id-same-name
47949,47949,freakish lost soul soul core,same-id-same-name
47950,47950,cursed prospector soul core,same-id-same-name
47951,47951,evil prospector soul core,same-id-same-name
47952,47952,bony sea devil soul core,same-id-same-name
47953,47953,many faces soul core,same-id-same-name
47954,47954,cloak of terror soul core,same-id-same-name
47956,47956,brachiodemon soul core,same-id-same-name
47957,47957,branchy crawler soul core,same-id-same-name
47958,47958,capricious phantom soul core,same-id-same-name
47959,47959,infernal phantom soul core,same-id-same-name
47961,47961,infernal demon soul core,same-id-same-name
47962,47962,rotten golem soul core,same-id-same-name
47964,47964,courage leech soul core,same-id-same-name
47965,47965,mould phantom soul core,same-id-same-name
47966,47966,druid's apparition soul core,same-id-same-name
47967,47967,knight's apparition soul core,same-id-same-name
47968,47968,paladin's apparition soul core,same-id-same-name
47969,47969,sorcerer's apparition soul core,same-id-same-name
47973,47973,distorted phantom soul core,same-id-same-name
47981,47981,agrestic chicken soul core,same-id-same-name
47984,47984,crypt warrior soul core,same-id-same-name
47985,47985,exotic cave spider soul core,same-id-same-name
47986,47986,pirat cutthroat soul core,same-id-same-name
47987,47987,pirat scoundrel soul core,same-id-same-name
47988,47988,pirat bombardier soul core,same-id-same-name
47989,47989,pirat mate soul core,same-id-same-name
47990,47990,exotic bat soul core,same-id-same-name
47991,47991,lavaworm soul core,same-id-same-name
47994,47994,streaked devourer soul core,same-id-same-name
47995,47995,eyeless devourer soul core,same-id-same-name
47996,47996,blemished spawn soul core,same-id-same-name
47997,47997,afflicted strider soul core,same-id-same-name
47998,47998,lavafungus soul core,same-id-same-name
47999,47999,cave chimera soul core,same-id-same-name
48001,48001,girtablilu warrior soul core,same-id-same-name
48002,48002,bashmu soul core,same-id-same-name
48003,48003,juvenile bashmu soul core,same-id-same-name
48004,48004,hulking carnisylvan soul core,same-id-same-name
48005,48005,poisonous carnisylvan soul core,same-id-same-name
48006,48006,dark carnisylvan soul core,same-id-same-name
48032,48032,parder soul core,same-id-same-name
48033,48033,jungle moa soul core,same-id-same-name
48035,48035,foam stalker soul core,same-id-same-name
48036,48036,naga archer soul core,same-id-same-name
48037,48037,naga warrior soul core,same-id-same-name
48038,48038,makara soul core,same-id-same-name
48039,48039,sulphider soul core,same-id-same-name
48040,48040,sulphur spouter soul core,same-id-same-name
48041,48041,gore horn soul core,same-id-same-name
48042,48042,sabretooth soul core,same-id-same-name
48043,48043,emerald tortoise soul core,same-id-same-name
48045,48045,nighthunter soul core,same-id-same-name
48046,48046,hulking prehemoth soul core,same-id-same-name
48047,48047,stalking stalk soul core,same-id-same-name
48048,48048,mantosaurus soul core,same-id-same-name
48049,48049,headpecker soul core,same-id-same-name
48050,48050,noxious ripptor soul core,same-id-same-name
48051,48051,gorerilla soul core,same-id-same-name
48052,48052,shrieking cry-stal soul core,same-id-same-name
48053,48053,mercurial menace soul core,same-id-same-name
48054,48054,crape man soul core,same-id-same-name
48055,48055,liodile soul core,same-id-same-name
48056,48056,boar man soul core,same-id-same-name
48057,48057,harpy soul core,same-id-same-name
48058,48058,carnivostrich soul core,same-id-same-name
48059,48059,rhindeer soul core,same-id-same-name
48060,48060,iks pututu soul core,same-id-same-name
48061,48061,iks aucar soul core,same-id-same-name
48062,48062,iks chuka soul core,same-id-same-name
48063,48063,cursed ape soul core,same-id-same-name
48064,48064,iks ahpututu soul core,same-id-same-name
48065,48065,mycobiontic beetle soul core,same-id-same-name
48066,48066,meandering mushroom soul core,same-id-same-name
48067,48067,oozing carcass soul core,same-id-same-name
48068,48068,darklight construct soul core,same-id-same-name
48069,48069,converter soul core,same-id-same-name
48070,48070,darklight matter soul core,same-id-same-name
48071,48071,oozing corpus soul core,same-id-same-name
48072,48072,darklight emitter soul core,same-id-same-name
48076,48076,feral werecrocodile soul core,same-id-same-name
48079,48079,bloated man-maggot soul core,same-id-same-name
48080,48080,rotten man-maggot soul core,same-id-same-name
48083,48083,sopping carcass soul core,same-id-same-name
48084,48084,sopping corpus soul core,same-id-same-name
48085,48085,darklight source soul core,same-id-same-name
48086,48086,darklight striker soul core,same-id-same-name
48087,48087,cunning werepanther soul core,same-id-same-name
48089,48089,albino dragon soul core,same-id-same-name
48091,48091,iks yapunac soul core,same-id-same-name
48092,48092,bulltaur brute soul core,same-id-same-name
48093,48093,bulltaur alchemist soul core,same-id-same-name
48094,48094,bulltaur forgepriest soul core,same-id-same-name
48095,48095,dragolisk soul core,same-id-same-name
48097,48097,mega dragon soul core,same-id-same-name
48098,48098,mitmah scout soul core,same-id-same-name
48099,48099,mitmah seer soul core,same-id-same-name
48114,48114,peppermint backpack,same-id-same-name
48116,48116,gummy rotworm,same-id-same-name
48249,48249,milk chocolate coin,same-id-same-name
48250,48250,dark chocolate coin,same-id-same-name
48251,48251,wafer paper flower,same-id-same-name
48252,48252,brigadeiro,same-id-same-name
48254,48254,churro heart,same-id-same-name
48255,48255,lime tart,same-id-same-name
48256,48256,pastry dragon,same-id-same-name
48257,48257,dead nibblemaw,free-crystal-id-preserved
48258,48258,dead nibblemaw,free-crystal-id-preserved
48259,48259,dead nibblemaw,free-crystal-id-preserved
48260,48260,dead nibblemaw,free-crystal-id-preserved
48261,48261,dead gingerbread man,same-id-same-name
48262,48262,dead gingerbread man,same-id-same-name
48263,48263,dead gingerbread man,same-id-same-name
48264,48264,dead gingerbread man,same-id-same-name
48265,48265,dead candy horror,same-id-same-name
48266,48266,dead candy horror,same-id-same-name
48267,48267,dead candy horror,same-id-same-name
48268,48268,dead candy horror,same-id-same-name
48273,48273,taiyaki ice cream,same-id-same-name
48274,48274,dead quara looter,same-id-same-name
48275,48275,dead quara looter,same-id-same-name
48276,48276,dead quara looter,same-id-same-name
48277,48277,dead quara looter,same-id-same-name
48343,48343,dead candy floss elemental,same-id-same-name
48344,48344,dead candy floss elemental,same-id-same-name
48345,48345,dead candy floss elemental,same-id-same-name
48346,48346,dead candy floss elemental,same-id-same-name
48360,48360,dead sugar cube,same-id-same-name
48361,48361,dead sugar cube,same-id-same-name
48362,48362,dead sugar cube,same-id-same-name
48363,48363,dead sugar cube,same-id-same-name
48376,48376,dead sugar cube worker,same-id-same-name
48377,48377,dead sugar cube worker,same-id-same-name
48378,48378,dead sugar cube worker,same-id-same-name
48379,48379,dead sugar cube worker,same-id-same-name
48386,48386,dead quara plunderer,same-id-same-name
48387,48387,dead quara plunderer,same-id-same-name
48388,48388,dead quara plunderer,same-id-same-name
48389,48389,dead quara plunderer,same-id-same-name
48390,48390,dead quara raider,same-id-same-name
48391,48391,dead quara raider,same-id-same-name
48392,48392,dead quara raider,same-id-same-name
48393,48393,dead quara raider,same-id-same-name
48413,48413,amber sickle,same-id-same-name
48424,48424,pegasus feather,same-id-same-name
48441,48441,bed,same-id-same-name
48442,48442,bed,free-crystal-id-preserved
48443,48443,bed,free-crystal-id-preserved
48444,48444,bed,free-crystal-id-preserved
48449,48449,bed,free-crystal-id-preserved
48450,48450,bed,free-crystal-id-preserved
48451,48451,bed,free-crystal-id-preserved
48452,48452,bed,free-crystal-id-preserved
48457,48457,candy cushion,free-crystal-id-preserved
48467,48467,candy cushion,free-crystal-id-preserved
48493,48493,ladder,same-id-same-name
48494,48494,ladder,same-id-same-name
48495,48495,closed door,same-id-same-name
48496,48496,closed door,same-id-same-name
48497,48497,open door,same-id-same-name
48498,48498,open door,same-id-same-name
48499,48499,closed door,same-id-same-name
48500,48500,closed door,same-id-same-name
48501,48501,open door,same-id-same-name
48502,48502,open door,same-id-same-name
48505,48505,preserved dark seed,same-id-same-name
48508,48508,amber souvenir,same-id-same-name
48509,48509,resinous fish fin,same-id-same-name
48510,48510,demon root,same-id-same-name
48511,48511,resin parasite,same-id-same-name
48514,48514,strange inedible fruit,same-id-same-name
48515,48515,petrified leaf,same-id-same-name
48516,48516,root tentacle,same-id-same-name
48517,48517,fish eye,same-id-same-name
48520,48520,closed door,same-id-same-name
48521,48521,closed door,same-id-same-name
48522,48522,closed door,same-id-same-name
48523,48523,closed door,same-id-same-name
48524,48524,open door,same-id-same-name
48525,48525,open door,same-id-same-name
48526,48526,open door,same-id-same-name
48527,48527,open door,same-id-same-name
48528,48528,closed door,same-id-same-name
48529,48529,closed door,same-id-same-name
48530,48530,open door,same-id-same-name
48531,48531,open door,same-id-same-name
48544,48544,wad of fairy floss,same-id-same-name
48929,48929,black sheep soul core,same-id-same-name
48930,48930,squidgy slime soul core,same-id-same-name
48931,48931,husky soul core,same-id-same-name
48932,48932,massive energy elemental soul core,same-id-same-name
48933,48933,evil sheep lord soul core,same-id-same-name
48934,48934,hot dog soul core,same-id-same-name
48936,48936,doom deer soul core,same-id-same-name
48937,48937,killer rabbit soul core,same-id-same-name
48938,48938,berserker chicken soul core,same-id-same-name
48939,48939,demon parrot soul core,same-id-same-name
48940,48940,infernal frog soul core,same-id-same-name
48943,48943,ghoulish hyaena soul core,same-id-same-name
48944,48944,sandstone scorpion soul core,same-id-same-name
48945,48945,grave guard soul core,same-id-same-name
48947,48947,sacred spider soul core,same-id-same-name
48948,48948,death priest soul core,same-id-same-name
48949,48949,elder mummy soul core,same-id-same-name
48950,48950,honour guard soul core,same-id-same-name
48951,48951,feverish citizen soul core,same-id-same-name
48953,48953,starving wolf soul core,same-id-same-name
48954,48954,shaburak lord soul core,same-id-same-name
48955,48955,shaburak prince soul core,same-id-same-name
48956,48956,askarak lord soul core,same-id-same-name
48957,48957,askarak prince soul core,same-id-same-name
48958,48958,insectoid scout soul core,same-id-same-name
48959,48959,filth toad soul core,same-id-same-name
48960,48960,firestarter soul core,same-id-same-name
48961,48961,horse soul core (taupe),same-id-same-name
48962,48962,horse soul core (brown),same-id-same-name
48963,48963,horse soul core (gray),same-id-same-name
48965,48965,nomad soul core (blue),same-id-same-name
48966,48966,nomad soul core (female),same-id-same-name
48967,48967,ladybug soul core,same-id-same-name
48968,48968,manta ray soul core,same-id-same-name
48969,48969,calamary soul core,same-id-same-name
48970,48970,jellyfish soul core,same-id-same-name
48971,48971,northern pike soul core,same-id-same-name
48972,48972,spidris soul core,same-id-same-name
48973,48973,kollos soul core,same-id-same-name
48974,48974,spidris elite soul core,same-id-same-name
48975,48975,hive overseer soul core,same-id-same-name
48976,48976,deepling brawler soul core,same-id-same-name
48977,48977,deepling master librarian soul core,same-id-same-name
48978,48978,deepling tyrant soul core,same-id-same-name
48979,48979,deepling elite soul core,same-id-same-name
48980,48980,grave robber soul core,same-id-same-name
48981,48981,crypt defiler soul core,same-id-same-name
48982,48982,damaged crystal golem soul core,same-id-same-name
48983,48983,modified gnarlhound soul core,same-id-same-name
48984,48984,stone devourer soul core,same-id-same-name
48985,48985,armadile soul core,same-id-same-name
48987,48987,orewalker soul core,same-id-same-name
48988,48988,lava golem soul core,same-id-same-name
48989,48989,cliff strider soul core,same-id-same-name
48990,48990,ironblight soul core,same-id-same-name
48991,48991,dragonling soul core,same-id-same-name
48992,48992,infected weeper soul core,same-id-same-name
48993,48993,pigeon soul core,same-id-same-name
48994,48994,little corym charlatan soul core,same-id-same-name
48996,48996,seacrest serpent soul core,same-id-same-name
48997,48997,renegade quara constrictor soul core,same-id-same-name
48998,48998,renegade quara hydromancer soul core,same-id-same-name
48999,48999,renegade quara mantassin soul core,same-id-same-name
49000,49000,renegade quara pincher soul core,same-id-same-name
49001,49001,renegade quara predator soul core,same-id-same-name
49002,49002,minotaur invader soul core,same-id-same-name
49003,49003,noble lion soul core,same-id-same-name
49004,49004,redeemed soul soul core,same-id-same-name
49005,49005,gloom wolf soul core,same-id-same-name
49006,49006,ghost wolf soul core,same-id-same-name
49007,49007,elder forest fury soul core,same-id-same-name
49008,49008,diamond servant replica soul core,same-id-same-name
49009,49009,golden servant replica soul core,same-id-same-name
49010,49010,haunted dragon soul core,same-id-same-name
49011,49011,ice dragon soul core,same-id-same-name
49012,49012,stone rhino soul core,same-id-same-name
49013,49013,swan maiden soul core,same-id-same-name
49014,49014,goldhanded cultist soul core,same-id-same-name
49015,49015,goldhanded cultist bride soul core,same-id-same-name
49016,49016,orc cultist soul core,same-id-same-name
49017,49017,orc cult priest soul core,same-id-same-name
49018,49018,orc cult fanatic soul core,same-id-same-name
49019,49019,cult scholar soul core,same-id-same-name
49020,49020,mole soul core,same-id-same-name
49021,49021,arctic faun soul core,same-id-same-name
49022,49022,flying book soul core,same-id-same-name
49023,49023,cursed book soul core,same-id-same-name
49024,49024,guardian of tales soul core,same-id-same-name
49025,49025,knowledge elemental soul core,same-id-same-name
49026,49026,lacewing moth soul core,same-id-same-name
49027,49027,hibernal moth soul core,same-id-same-name
49028,49028,percht soul core,same-id-same-name
49029,49029,schiach soul core,same-id-same-name
49030,49030,baleful bunny soul core,same-id-same-name
49031,49031,animated snowman soul core,same-id-same-name
49032,49032,gryphon soul core,same-id-same-name
49033,49033,orger soul core,same-id-same-name
49034,49034,roast pork soul core,same-id-same-name
49035,49035,cow soul core,same-id-same-name
49036,49036,loricate orger soul core,same-id-same-name
49037,49037,bellicose orger soul core,same-id-same-name
49039,49039,iks churrascan soul core,same-id-same-name
49040,49040,rabid wolf soul core,same-id-same-name
49041,49041,ragged rabid wolf soul core,same-id-same-name
49073,49073,nibblemaw soul core,same-id-same-name
49074,49074,candy floss elemental soul core,same-id-same-name
49075,49075,goggle cake soul core,same-id-same-name
49076,49076,candy horror soul core,same-id-same-name
49077,49077,rootthing bug tracker soul core,same-id-same-name
49078,49078,rootthing amber shaper soul core,same-id-same-name
49079,49079,rootthing nutshell soul core,same-id-same-name
49080,49080,quara raider soul core,same-id-same-name
49081,49081,quara plunderer soul core,same-id-same-name
49082,49082,quara looter soul core,same-id-same-name
49085,49085,sugar cube soul core,same-id-same-name
49086,49086,gingerbread man soul core,same-id-same-name
49087,49087,chocolate blob soul core,same-id-same-name
49088,49088,honey elemental soul core,same-id-same-name
49089,49089,angry sugar fairy soul core,same-id-same-name
49092,49092,fruit drop soul core,same-id-same-name
49094,49094,sugar cube worker soul core,same-id-same-name
49095,49095,cream blob soul core,same-id-same-name
49147,49147,dead rootthing,free-crystal-id-preserved
49148,49148,dead rootthing,free-crystal-id-preserved
49149,49149,dead rootthing,free-crystal-id-preserved
49150,49150,dead rootthing,free-crystal-id-preserved
49161,49161,trapdoor,free-crystal-id-preserved
49163,49163,ominous soul core,same-id-same-name
49164,49164,soul prism,same-id-same-name
49271,49271,transcendence potion,same-id-same-name
49371,49371,lesser spiritualist gem,same-id-same-name
49372,49372,spiritualist gem,same-id-same-name
49373,49373,greater spiritualist gem,same-id-same-name
49407,49407,sacrificial altar,free-crystal-id-preserved
49520,49520,inferniarch bow,same-id-same-name
49522,49522,inferniarch arbalest,same-id-same-name
49523,49523,inferniarch battleaxe,same-id-same-name
49524,49524,inferniarch greataxe,same-id-same-name
49525,49525,inferniarch flail,same-id-same-name
49526,49526,inferniarch warhammer,same-id-same-name
49527,49527,inferniarch blade,same-id-same-name
49528,49528,inferniarch wand,same-id-same-name
49529,49529,inferniarch rod,same-id-same-name
49530,49530,inferniarch slayer,same-id-same-name
49531,49531,maliceforged helmet,same-id-same-name
49532,49532,hellstalker visor,same-id-same-name
49533,49533,dreadfire headpiece,same-id-same-name
49534,49534,demonfang mask,same-id-same-name
49656,54290,stairs,new-free-id
49657,54291,stairs,new-free-id
49658,54292,stairs,new-free-id
49659,54293,stairs,new-free-id
49660,54294,stairs,new-free-id
49661,54295,stairs,new-free-id
49662,49662,stairs,free-crystal-id-preserved
49663,49663,stairs,free-crystal-id-preserved
49678,54296,closed gate,new-free-id
49679,54297,closed gate,new-free-id
49680,54298,closed gate,new-free-id
49681,49681,closed door,same-id-same-name
49682,54299,open gate,new-free-id
49683,54300,open gate,new-free-id
49684,54301,closed gate,new-free-id
49685,54302,closed gate,new-free-id
49686,54303,closed gate,new-free-id
49687,54304,closed gate,new-free-id
49688,54305,open gate,new-free-id
49689,54306,open gate,new-free-id
49731,49731,closed door,free-crystal-id-preserved
49732,49732,closed door,free-crystal-id-preserved
49733,49733,closed door,free-crystal-id-preserved
49734,49734,closed door,free-crystal-id-preserved
49739,49739,stained glass window,free-crystal-id-preserved
49742,49742,stained glass window,free-crystal-id-preserved
49845,49845,statue of a warrior monk depicting the cobra,free-crystal-id-preserved
49846,49846,statue of a warrior monk depicting the rotworm,free-crystal-id-preserved
49847,49847,statue of a warrior monk depicting the frog,free-crystal-id-preserved
49848,49848,statue of a warrior monk depicting the cat,free-crystal-id-preserved
49849,49849,statue of a warrior monk depicting the dragon,free-crystal-id-preserved
49858,49858,rending inferniarch bow,same-id-same-name
49859,49859,draining inferniarch bow,same-id-same-name
49860,49860,siphoning inferniarch bow,same-id-same-name
49861,49861,rending inferniarch arbalest,same-id-same-name
49862,49862,draining inferniarch arbalest,same-id-same-name
49863,49863,siphoning inferniarch arbalest,same-id-same-name
49864,49864,rending inferniarch battleaxe,same-id-same-name
49865,49865,draining inferniarch battleaxe,same-id-same-name
49866,49866,siphoning inferniarch battleaxe,same-id-same-name
49867,49867,rending inferniarch greataxe,same-id-same-name
49868,49868,draining inferniarch greataxe,same-id-same-name
49869,49869,siphoning inferniarch greataxe,same-id-same-name
49870,49870,rending inferniarch flail,same-id-same-name
49871,49871,draining inferniarch flail,same-id-same-name
49872,49872,siphoning inferniarch flail,same-id-same-name
49873,49873,rending inferniarch warhammer,same-id-same-name
49874,49874,draining inferniarch warhammer,same-id-same-name
49875,49875,siphoning inferniarch warhammer,same-id-same-name
49876,49876,rending inferniarch blade,same-id-same-name
49877,49877,draining inferniarch blade,same-id-same-name
49878,49878,siphoning inferniarch blade,same-id-same-name
49879,49879,rending inferniarch slayer,same-id-same-name
49880,49880,draining inferniarch slayer,same-id-same-name
49881,49881,siphoning inferniarch slayer,same-id-same-name
49882,49882,rending inferniarch wand,same-id-same-name
49883,49883,draining inferniarch wand,same-id-same-name
49884,49884,siphoning inferniarch wand,same-id-same-name
49885,49885,rending inferniarch rod,same-id-same-name
49886,49886,draining inferniarch rod,same-id-same-name
49887,49887,siphoning inferniarch rod,same-id-same-name
49891,49891,skin of Twisterror,free-crystal-id-preserved
49892,49892,skin of Gralvalon,free-crystal-id-preserved
49893,49893,skin of Malvaroth,free-crystal-id-preserved
49894,49894,demonic matter,free-crystal-id-preserved
49904,49904,some troll food,free-crystal-id-preserved
49908,49908,mummified demon finger,free-crystal-id-preserved
49909,49909,demonic core essence,free-crystal-id-preserved
49912,49912,incense,free-crystal-id-preserved
49913,49913,incense,free-crystal-id-preserved
49914,49914,incense,free-crystal-id-preserved
49915,49915,incense,free-crystal-id-preserved
49936,49936,ramp,free-crystal-id-preserved
49937,49937,ramp,same-id-same-name
49938,49938,ramp,free-crystal-id-preserved
49939,49939,ramp,free-crystal-id-preserved
49940,49940,ramp,free-crystal-id-preserved
49941,49941,ramp,free-crystal-id-preserved
49942,49942,ramp,free-crystal-id-preserved
49943,49943,ramp,free-crystal-id-preserved
49948,49948,guarded crystal sphere,free-crystal-id-preserved
49987,49987,dead spellreaper inferniarch,free-crystal-id-preserved
49988,49988,dead spellreaper inferniarch,free-crystal-id-preserved
49989,49989,dead spellreaper inferniarch,free-crystal-id-preserved
49990,49990,dead spellreaper inferniarch,free-crystal-id-preserved
49991,49991,dead hellhunter inferniarch,free-crystal-id-preserved
49992,49992,dead hellhunter inferniarch,free-crystal-id-preserved
49993,49993,dead hellhunter inferniarch,free-crystal-id-preserved
49994,49994,dead hellhunter inferniarch,free-crystal-id-preserved
49995,49995,dead brinebrute inferniarch,same-id-same-name
49996,49996,dead brinebrute inferniarch,same-id-same-name
49997,49997,dead brinebrute inferniarch,same-id-same-name
49998,49998,dead brinebrute inferniarch,same-id-same-name
49999,49999,dead sineater inferniarch,same-id-same-name
50000,50000,dead sineater inferniarch,same-id-same-name
50001,50001,dead sineater inferniarch,same-id-same-name
50002,50002,dead sineater inferniarch,same-id-same-name
50003,50003,dead broodrider inferniarch,same-id-same-name
50004,50004,dead broodrider inferniarch,same-id-same-name
50005,50005,dead broodrider inferniarch,same-id-same-name
50006,50006,dead broodrider inferniarch,same-id-same-name
50007,50007,dead gorger inferniarch,same-id-same-name
50008,50008,dead gorger inferniarch,same-id-same-name
50009,50009,dead gorger inferniarch,same-id-same-name
50010,50010,dead gorger inferniarch,same-id-same-name
50027,54307,dead arbaziloth,new-free-id
50028,54308,dead arbaziloth,new-free-id
50029,54309,dead arbaziloth,new-free-id
50039,50039,dead twisterror,free-crystal-id-preserved
50040,50040,dead twisterror,free-crystal-id-preserved
50041,50041,dead twisterror,free-crystal-id-preserved
50042,50042,dead twisterror,free-crystal-id-preserved
50043,50043,dead gralvalon,free-crystal-id-preserved
50044,50044,dead gralvalon,free-crystal-id-preserved
50045,50045,dead gralvalon,free-crystal-id-preserved
50046,50046,dead gralvalon,free-crystal-id-preserved
50047,50047,dead malvaroth,free-crystal-id-preserved
50048,50048,dead malvaroth,free-crystal-id-preserved
50049,50049,dead malvaroth,free-crystal-id-preserved
50050,50050,dead malvaroth,free-crystal-id-preserved
50054,50054,spellreaper staff totem,same-id-same-name
50055,50055,hellhunter eye,same-id-same-name
50056,50056,brinebrute claw,same-id-same-name
50057,50057,sineater wing,same-id-same-name
50058,50058,broodrider saddle,same-id-same-name
50059,50059,gorger antlers,same-id-same-name
50060,50060,demon claws,same-id-same-name
50061,50061,demon skull,same-id-same-name
50064,50064,demon in a green box,same-id-same-name
50067,50067,Arbaziloth shoulder piece,same-id-same-name
50096,50096,ticket forge,free-crystal-id-preserved
50101,50101,bloodstained scythe,same-id-same-name
50102,54310,dead corpse,new-free-id
50103,50103,spellreaper inferniarch soul core,same-id-same-name
50104,50104,hellhunter inferniarch soul core,same-id-same-name
50105,50105,brinebrute inferniarch soul core,same-id-same-name
50106,50106,sineater inferniarch soul core,same-id-same-name
50107,50107,broodrider inferniarch soul core,same-id-same-name
50108,50108,gorger inferniarch soul core,same-id-same-name
50121,50121,water trapdoor,same-id-same-name
50122,50122,ladder,same-id-same-name
50123,50123,ladder,same-id-same-name
50124,50124,arbaziloth santa,same-id-same-name
50131,50131,huge ancient stone sphere,free-crystal-id-preserved
50132,50132,small ancient stone sphere,free-crystal-id-preserved
50139,50139,small training log,free-crystal-id-preserved
50143,50143,large training log,free-crystal-id-preserved
50146,50146,sanguine trousers,same-id-same-name
50147,50147,charged ethereal ring,same-id-same-name
50148,50148,charged ethereal ring,same-id-same-name
50149,50149,ethereal ring,same-id-same-name
50150,50150,ring of orange plasma,same-id-same-name
50151,50151,ring of orange plasma,same-id-same-name
50152,50152,collar of orange plasma,same-id-same-name
50153,50153,collar of orange plasma,same-id-same-name
50154,50154,enchanted merudri brooch,same-id-same-name
50155,50155,enchanted merudri brooch,same-id-same-name
50156,50156,merudri brooch,same-id-same-name
50157,50157,sanguine claws,same-id-same-name
50158,50158,grand sanguine claws,same-id-same-name
50159,50159,soulkamas,same-id-same-name
50160,50160,naga katar,same-id-same-name
50161,50161,falcon sai,same-id-same-name
50162,50162,lion claws,same-id-same-name
50163,50163,crude umbral katar,same-id-same-name
50164,50164,umbral katar,same-id-same-name
50165,50165,umbral master katar,same-id-same-name
50166,50166,light jo staff,same-id-same-name
50167,50167,cobra bo,same-id-same-name
50168,50168,nunchaku of destruction,same-id-same-name
50169,50169,eldritch crescent moon spade,same-id-same-name
50170,50170,gilded eldritch crescent moon spade,same-id-same-name
50171,50171,jo staff,same-id-same-name
50176,50176,depth claws,same-id-same-name
50181,50181,pair of monk fists,same-id-same-name
50182,50182,nunchaku,same-id-same-name
50183,54311,sai,new-free-id
50184,50184,mutant hide trousers,same-id-same-name
50185,50185,jade legs,same-id-same-name
50186,50186,jungle survivor legs,same-id-same-name
50187,50187,legs of wisdom,same-id-same-name
50188,50188,ethereal coned hat,same-id-same-name
50189,50189,demon mengu,same-id-same-name
50190,50190,dark vision bandana,same-id-same-name
50191,50191,enchanted werewolf helmet,same-id-same-name
50192,50192,enchanted werewolf helmet,same-id-same-name
50193,50193,jade conical hat,same-id-same-name
50194,50194,light bandana,same-id-same-name
50195,50195,harmony amulet,same-id-same-name
50227,50227,guarded crystal sphere,free-crystal-id-preserved
50228,50228,statue of a gorilla,free-crystal-id-preserved
50229,50229,statue of a locust,free-crystal-id-preserved
50230,50230,statue of a demon,free-crystal-id-preserved
50231,50231,statue of a crane,free-crystal-id-preserved
50232,50232,statue of a cobra,free-crystal-id-preserved
50233,50233,moonhunter figurine,free-crystal-id-preserved
50239,50239,amber kusarigama,same-id-same-name
50240,50240,soulsoles,same-id-same-name
50242,50242,ancient shrine,free-crystal-id-preserved
50243,50243,ancient shrine,free-crystal-id-preserved
50244,50244,ancient shrine,free-crystal-id-preserved
50245,50245,ancient shrine,free-crystal-id-preserved
50248,50248,comfy cushion,free-crystal-id-preserved
50249,50249,merudri writing easel,free-crystal-id-preserved
50250,50250,inferniarch claws,same-id-same-name
50251,50251,rending inferniarch claws,same-id-same-name
50252,50252,draining inferniarch claws,same-id-same-name
50253,50253,siphoning inferniarch claws,same-id-same-name
50254,50254,soulgarb,same-id-same-name
50255,50255,stoic iks robe,same-id-same-name
50257,50257,plain monk robe,same-id-same-name
50258,50258,monk robe,same-id-same-name
50259,50259,zaoan monk robe,same-id-same-name
50260,50260,death oyoroi,same-id-same-name
50261,50261,merudri nanbando,same-id-same-name
50262,50262,naga tanko,same-id-same-name
50263,50263,merudri scale mail,same-id-same-name
50264,50264,merudri battle mail,same-id-same-name
50266,50266,eldritch monk boots,same-id-same-name
50267,50267,boots of enlightenment,same-id-same-name
50268,50268,robe of enlightenment,same-id-same-name
50269,50269,legs of enlightenment,same-id-same-name
50270,50270,bambus jo,same-id-same-name
50271,50271,fists of enlightenment,same-id-same-name
50272,50272,sai of enlightenment,same-id-same-name
50273,50273,nunchaku of enlightenment,same-id-same-name
50274,50274,coned hat of enlightenment,same-id-same-name
50275,50275,ghazbaran oyoroi,same-id-same-name
50276,50276,gnomish cuirass,same-id-same-name
50277,50277,leaf robe,same-id-same-name
50278,50278,magma robe,same-id-same-name
50279,50279,energy robe,same-id-same-name
50280,50280,ice robe,same-id-same-name
50289,50289,yalahari footwraps,same-id-same-name
50290,50290,gnomish footwraps,same-id-same-name
50291,50291,iks footwraps,same-id-same-name
50292,50292,training wraps,same-id-same-name
50293,50293,exercise wraps,same-id-same-name
50294,50294,durable exercise wraps,same-id-same-name
50295,50295,lasting exercise wraps,same-id-same-name
50296,50296,skill trainer,same-id-same-name
50308,50308,monk pedestal,same-id-same-name
50309,50309,monk pedestal,free-crystal-id-preserved
50310,50310,enhanced guarded crystal sphere,free-crystal-id-preserved
50311,50311,good remains of a merudri,free-crystal-id-preserved
50313,50313,sensing crown,free-crystal-id-preserved
50314,50314,your magical tree,free-crystal-id-preserved
50315,50315,ornate candle,free-crystal-id-preserved
50318,50318,paper light,free-crystal-id-preserved
50321,50321,lampion,free-crystal-id-preserved
50322,50322,lampion,free-crystal-id-preserved
50330,50330,monk's apparition soul core,same-id-same-name
50334,50334,zaoan sauce,free-crystal-id-preserved
50435,50435,wooden dummy,free-crystal-id-preserved
50436,50436,wooden dummy,free-crystal-id-preserved
50547,50547,stairs,free-crystal-id-preserved
50551,50551,stairs,free-crystal-id-preserved
50553,50553,stairs,free-crystal-id-preserved
50555,50555,stairs,free-crystal-id-preserved
51119,51119,simple jo staff,free-crystal-id-preserved
51186,51186,voodoo chair,free-crystal-id-preserved
51188,51188,voodoo chair,free-crystal-id-preserved
51189,51189,voodoo chair,free-crystal-id-preserved
51190,51190,voodoo chair,free-crystal-id-preserved
51196,51196,voodoo chest,free-crystal-id-preserved
51197,51197,voodoo chest,free-crystal-id-preserved
51198,51198,voodoo chest,free-crystal-id-preserved
51199,51199,voodoo chest,free-crystal-id-preserved
51204,51204,voodoo table,free-crystal-id-preserved
51205,51205,voodoo table,free-crystal-id-preserved
51206,51206,voodoo cabinet,free-crystal-id-preserved
51207,51207,voodoo cabinet,free-crystal-id-preserved
51208,51208,voodoo bed,free-crystal-id-preserved
51209,51209,voodoo bed,free-crystal-id-preserved
51210,51210,voodoo bed,free-crystal-id-preserved
51211,51211,voodoo bed,free-crystal-id-preserved
51212,51212,voodoo bed,free-crystal-id-preserved
51213,51213,voodoo bed,free-crystal-id-preserved
51214,51214,voodoo bed,free-crystal-id-preserved
51215,51215,voodoo bed,free-crystal-id-preserved
51216,51216,voodoo bed,free-crystal-id-preserved
51217,51217,voodoo bed,free-crystal-id-preserved
51218,51218,voodoo bed,free-crystal-id-preserved
51219,51219,voodoo bed,free-crystal-id-preserved
51220,51220,voodoo lamp,free-crystal-id-preserved
51221,51221,voodoo lamp,free-crystal-id-preserved
51222,51222,rolled-up voodoo carpet,free-crystal-id-preserved
51223,51223,voodoo carpet,free-crystal-id-preserved
51237,51237,voodoo mask,free-crystal-id-preserved
51259,51259,reality splinter,same-id-same-name
51260,51260,norcferatu skullguard,free-crystal-id-preserved
51261,51261,norcferatu bonehood,free-crystal-id-preserved
51262,51262,norcferatu tuskplate,free-crystal-id-preserved
51263,51263,norcferatu bloodhide,free-crystal-id-preserved
51264,51264,norcferatu bonecloak,free-crystal-id-preserved
51265,51265,norcferatu thornwraps,free-crystal-id-preserved
51266,51266,norcferatu bloodstrider,free-crystal-id-preserved
51267,51267,norcferatu fleshguards,free-crystal-id-preserved
51268,51268,norcferatu goretrampers,free-crystal-id-preserved
51269,51269,norcferatu fangstompers,free-crystal-id-preserved
51270,51270,ink blade,free-crystal-id-preserved
51271,51271,ink quill,free-crystal-id-preserved
51272,51272,ink claw,free-crystal-id-preserved
51273,51273,ink vine,free-crystal-id-preserved
51274,51274,ink brush,free-crystal-id-preserved
51275,51275,greater garlic necklace,free-crystal-id-preserved
51294,51294,spirit bind,same-id-same-name
51419,51419,paper plane,free-crystal-id-preserved
51420,51420,paper boat,free-crystal-id-preserved
51421,51421,colourful quill,free-crystal-id-preserved
51422,51422,star ink,free-crystal-id-preserved
51423,51423,book with a dragon,free-crystal-id-preserved
51425,51425,book with an hourglass,free-crystal-id-preserved
51426,51426,sealing wax,free-crystal-id-preserved
51427,51427,torn page,free-crystal-id-preserved
51442,51442,blank imbuement scroll,free-crystal-id-preserved
51443,51443,etcher,free-crystal-id-preserved
51444,51444,powerful bash scroll,free-crystal-id-preserved
51445,51445,powerful blockade scroll,free-crystal-id-preserved
51446,51446,powerful chop scroll,free-crystal-id-preserved
51447,51447,powerful cloud fabric scroll,free-crystal-id-preserved
51448,51448,powerful demon presence scroll,free-crystal-id-preserved
51449,51449,powerful dragon hide scroll,free-crystal-id-preserved
51450,51450,powerful electrify scroll,free-crystal-id-preserved
51451,51451,powerful epiphany scroll,free-crystal-id-preserved
51452,51452,powerful featherweight scroll,free-crystal-id-preserved
51453,51453,powerful frost scroll,free-crystal-id-preserved
51454,51454,powerful lich shroud scroll,free-crystal-id-preserved
51455,51455,powerful precision scroll,free-crystal-id-preserved
51456,51456,powerful punch scroll,free-crystal-id-preserved
51457,51457,powerful quara scale scroll,free-crystal-id-preserved
51458,51458,powerful reap scroll,free-crystal-id-preserved
51459,51459,powerful scorch scroll,free-crystal-id-preserved
51460,51460,powerful slash scroll,free-crystal-id-preserved
51461,51461,powerful snake skin scroll,free-crystal-id-preserved
51462,51462,powerful strike scroll,free-crystal-id-preserved
51463,51463,powerful swiftness scroll,free-crystal-id-preserved
51464,51464,powerful vampirism scroll,free-crystal-id-preserved
51465,51465,powerful venom scroll,free-crystal-id-preserved
51466,51466,powerful vibrancy scroll,free-crystal-id-preserved
51467,51467,powerful void scroll,free-crystal-id-preserved
51468,51468,dread doll,free-crystal-id-preserved
51470,51470,tiny bat coffin,free-crystal-id-preserved
51471,51471,tiny bat coffin,free-crystal-id-preserved
51472,51472,chain leash,free-crystal-id-preserved
51473,51473,blood amulet,free-crystal-id-preserved
51474,51474,piece of frozen night,free-crystal-id-preserved
51475,51475,ritual bone knife,free-crystal-id-preserved
51476,51476,pot of orcish warpaint,free-crystal-id-preserved
51477,51477,orcish toothbrush,free-crystal-id-preserved
51478,51478,bone rattle,free-crystal-id-preserved
51479,51479,spiked bracers,free-crystal-id-preserved
51480,51480,blood hood,free-crystal-id-preserved
51481,51481,blood sceptre,free-crystal-id-preserved
51482,51482,bloodshot giant eye,free-crystal-id-preserved
51483,51483,blood crown,free-crystal-id-preserved
51484,51484,heart amphora,free-crystal-id-preserved
51485,51485,bone fibula,free-crystal-id-preserved
51486,51486,spiked gorget,free-crystal-id-preserved
51487,51487,norcferatu talisman,free-crystal-id-preserved
51494,51494,slain crusader,free-crystal-id-preserved
51495,51495,slain crusader,free-crystal-id-preserved
51496,51496,slain crusader,free-crystal-id-preserved
51497,51497,slain crusader,free-crystal-id-preserved
51498,51498,slain bramble wyrmling,free-crystal-id-preserved
51499,51499,slain bramble wyrmling,free-crystal-id-preserved
51500,51500,slain bramble wyrmling,free-crystal-id-preserved
51501,51501,slain bramble wyrmling,free-crystal-id-preserved
51504,51504,slain bluebeak,free-crystal-id-preserved
51505,51505,slain bluebeak,free-crystal-id-preserved
51506,51506,slain cinder wyrmling,free-crystal-id-preserved
51507,51507,slain cinder wyrmling,free-crystal-id-preserved
51508,51508,slain cinder wyrmling,free-crystal-id-preserved
51509,51509,slain cinder wyrmling,free-crystal-id-preserved
51510,51510,painted healing herbs,free-crystal-id-preserved
51511,51511,painted bandages,free-crystal-id-preserved
51512,51512,saturated painted bandages,free-crystal-id-preserved
51526,51526,special bat coffin,free-crystal-id-preserved
51527,51527,special bat coffin,free-crystal-id-preserved
51529,51529,slain norcferatu nightweaver,free-crystal-id-preserved
51530,51530,slain norcferatu nightweaver,free-crystal-id-preserved
51531,51531,slain norcferatu nightweaver,free-crystal-id-preserved
51532,51532,slain norcferatu nightweaver,free-crystal-id-preserved
51533,51533,slain norcferatu heartless,free-crystal-id-preserved
51534,51534,slain norcferatu heartless,free-crystal-id-preserved
51535,51535,slain norcferatu heartless,free-crystal-id-preserved
51536,51536,slain norcferatu heartless,free-crystal-id-preserved
51537,51537,slain dworc shadowstalker,free-crystal-id-preserved
51538,51538,slain orclops bloodbreaker,free-crystal-id-preserved
51540,51540,slain dworc shadowstalker,free-crystal-id-preserved
51541,51541,slain dworc shadowstalker,free-crystal-id-preserved
51542,51542,slain dworc shadowstalker,free-crystal-id-preserved
51543,51543,slain orclops bloodbreaker,free-crystal-id-preserved
51544,51544,slain orclops bloodbreaker,free-crystal-id-preserved
51545,51545,slain orclops bloodbreaker,free-crystal-id-preserved
51546,51546,slain varg,free-crystal-id-preserved
51547,51547,slain varg,free-crystal-id-preserved
51548,51548,slain varg,free-crystal-id-preserved
51549,51549,slain headwalker,free-crystal-id-preserved
51550,51550,slain headwalker,free-crystal-id-preserved
51551,51551,slain headwalker,free-crystal-id-preserved
51552,51552,slain headwalker,free-crystal-id-preserved
51553,51553,slain shell drake,free-crystal-id-preserved
51554,51554,slain shell drake,free-crystal-id-preserved
51555,51555,slain shell drake,free-crystal-id-preserved
51556,51556,slain shell drake,free-crystal-id-preserved
51561,51561,slain lion hydra,free-crystal-id-preserved
51562,51562,slain lion hydra,free-crystal-id-preserved
51563,51563,slain lion hydra,free-crystal-id-preserved
51564,51564,slain lion hydra,free-crystal-id-preserved
51568,51568,boat ticket,free-crystal-id-preserved
51569,51569,slain vladrukh,free-crystal-id-preserved
51570,51570,slain vladrukh,free-crystal-id-preserved
51571,51571,slain vladrukh,free-crystal-id-preserved
51572,51572,slain vladrukh,free-crystal-id-preserved
51584,51584,slain gloom maw,free-crystal-id-preserved
51585,51585,slain gloom maw,free-crystal-id-preserved
51586,51586,slain gloom maw,free-crystal-id-preserved
51587,51587,slain gloom maw,free-crystal-id-preserved
51588,51588,proficiency catalyst,free-crystal-id-preserved
51589,51589,greater proficiency catalyst,free-crystal-id-preserved
51592,51592,slain vampiric maessencew,free-crystal-id-preserved
51593,51593,slain vampiric essence,free-crystal-id-preserved
51594,51594,slain vampiric essence,free-crystal-id-preserved
51595,51595,slain vampiric essence,free-crystal-id-preserved
51623,51623,deer fur brush,free-crystal-id-preserved
51641,51641,norcferatu heartless soul core,free-crystal-id-preserved
51642,51642,varg soul core,free-crystal-id-preserved
51643,51643,norcferatu nightweaver soul core,free-crystal-id-preserved
51644,51644,dworc shadowstalker soul core,free-crystal-id-preserved
51645,51645,orclops bloodbreaker soul core,free-crystal-id-preserved
51646,51646,gloom maw soul core,free-crystal-id-preserved
51647,51647,cinder wyrmling soul core,free-crystal-id-preserved
51648,51648,bramble wyrmling soul core,free-crystal-id-preserved
51649,51649,headwalker soul core,free-crystal-id-preserved
51650,51650,bluebeak soul core,free-crystal-id-preserved
51651,51651,hawk hopper soul core,free-crystal-id-preserved
51652,51652,shell drake soul core,free-crystal-id-preserved
51653,51653,crusader soul core,free-crystal-id-preserved
51654,51654,lion hydra soul core,free-crystal-id-preserved
51656,51656,scallop shell,free-crystal-id-preserved
51657,51657,sand-filled horn,free-crystal-id-preserved
51666,51666,ink sword,free-crystal-id-preserved
51702,51702,the Tale of Joran and Yvette - Part I,free-crystal-id-preserved
51703,51703,the Tale of Joran and Yvette - Part II,free-crystal-id-preserved
51704,51704,the Tale of Joran and Yvette - Part III,free-crystal-id-preserved
51706,51706,effigy of winged vengeance,free-crystal-id-preserved
51707,51707,effigy of winged vengeance,free-crystal-id-preserved
51708,51708,effigy of winged vengeance,free-crystal-id-preserved
51709,51709,effigy of winged vengeance,free-crystal-id-preserved
51710,51710,effigy of winged vengeance,free-crystal-id-preserved
51711,51711,effigy of winged vengeance,free-crystal-id-preserved
51712,51712,effigy of winged vengeance,free-crystal-id-preserved
51713,51713,effigy of winged vengeance,free-crystal-id-preserved
51714,51714,norcferatu talisman,free-crystal-id-preserved
51721,51721,ink splash soul core,free-crystal-id-preserved
51724,51724,intricate bash scroll,free-crystal-id-preserved
51725,51725,intricate blockade scroll,free-crystal-id-preserved
51726,51726,intricate chop scroll,free-crystal-id-preserved
51727,51727,intricate cloud fabric scroll,free-crystal-id-preserved
51728,51728,intricate demon presence scroll,free-crystal-id-preserved
51729,51729,intricate dragon hide scroll,free-crystal-id-preserved
51730,51730,intricate electrify scroll,free-crystal-id-preserved
51731,51731,intricate epiphany scroll,free-crystal-id-preserved
51732,51732,intricate featherweight scroll,free-crystal-id-preserved
51733,51733,intricate frost scroll,free-crystal-id-preserved
51734,51734,intricate lich shroud scroll,free-crystal-id-preserved
51735,51735,intricate precision scroll,free-crystal-id-preserved
51736,51736,intricate punch scroll,free-crystal-id-preserved
51737,51737,intricate quara scale scroll,free-crystal-id-preserved
51738,51738,intricate reap scroll,free-crystal-id-preserved
51739,51739,intricate scorch scroll,free-crystal-id-preserved
51740,51740,intricate slash scroll,free-crystal-id-preserved
51741,51741,intricate snake skin scroll,free-crystal-id-preserved
51742,51742,intricate strike scroll,free-crystal-id-preserved
51743,51743,intricate swiftness scroll,free-crystal-id-preserved
51744,51744,intricate vampirism scroll,free-crystal-id-preserved
51745,51745,intricate venom scroll,free-crystal-id-preserved
51746,51746,intricate vibrancy scroll,free-crystal-id-preserved
51747,51747,intricate void scroll,free-crystal-id-preserved
51760,51760,refined bow,free-crystal-id-preserved
51895,51895,brooch,free-crystal-id-preserved
51976,51976,jade dragon head,free-crystal-id-preserved
51977,51977,book of wisdom,free-crystal-id-preserved
51978,51978,bounty talisman,free-crystal-id-preserved
52113,52113,dead the corruptor,free-crystal-id-preserved
52114,52114,dead the corruptor,free-crystal-id-preserved
52115,52115,dead the corruptor,free-crystal-id-preserved
52116,52116,dead the corruptor,free-crystal-id-preserved
52117,52117,dead Muglex Clan Chief,free-crystal-id-preserved
52118,52118,dead Muglex Clan Chief,free-crystal-id-preserved
52119,52119,dead Muglex Clan Chief,free-crystal-id-preserved
52120,52120,dead Muglex Clan Chief,free-crystal-id-preserved
52332,52332,crypt spine,free-crystal-id-preserved
52333,52333,crypt splitter,free-crystal-id-preserved
52334,52334,crypt breaker,free-crystal-id-preserved
52335,52335,crypt strike,free-crystal-id-preserved
52336,52336,crypt bile,free-crystal-id-preserved
52337,52337,crypt jaw,free-crystal-id-preserved
52338,52338,crypt slicer,free-crystal-id-preserved
52348,52348,stag helmet,free-crystal-id-preserved
52349,52349,stag robe,free-crystal-id-preserved
52350,52350,stag plate,free-crystal-id-preserved
52351,52351,stag legs,free-crystal-id-preserved
52352,52352,stag shinguards,free-crystal-id-preserved
52353,52353,stag boots,free-crystal-id-preserved
52354,52354,stag footwraps,free-crystal-id-preserved
52355,52355,stag spellbook,free-crystal-id-preserved
52356,52356,stag scrolls,free-crystal-id-preserved
52357,52357,stag shield,free-crystal-id-preserved
52358,52358,muglex clan footman soul core,free-crystal-id-preserved
52359,52359,muglex clan assassin soul core,free-crystal-id-preserved
52360,52360,corrupted ghost soul core,free-crystal-id-preserved
52361,52361,corrupted skeleton soul core,free-crystal-id-preserved
52548,52548,dead cyclursus,free-crystal-id-preserved
52549,52549,dead cyclursus,free-crystal-id-preserved
52550,52550,dead cyclursus,free-crystal-id-preserved
52551,52551,dead cyclursus,free-crystal-id-preserved
52552,52552,dead crypt fiend,free-crystal-id-preserved
52553,52553,dead crypt fiend,free-crystal-id-preserved
52554,52554,dead crypt fiend,free-crystal-id-preserved
52555,52555,dead crypt fiend,free-crystal-id-preserved
52556,52556,dead roaming dread,free-crystal-id-preserved
52557,52557,dead roaming dread,free-crystal-id-preserved
52558,52558,dead roaming dread,free-crystal-id-preserved
52559,52559,dead roaming dread,free-crystal-id-preserved
52560,52560,dead crypt mage,free-crystal-id-preserved
52561,52561,dead crypt mage,free-crystal-id-preserved
52562,52562,dead crypt mage,free-crystal-id-preserved
52563,52563,dead crypt mage,free-crystal-id-preserved
52564,52564,dead bone bear,free-crystal-id-preserved
52565,52565,dead bone bear,free-crystal-id-preserved
52566,52566,dead bone bear,free-crystal-id-preserved
52567,52567,dead bone bear,free-crystal-id-preserved
52568,52568,dead haunted hunter,free-crystal-id-preserved
52569,52569,dead haunted hunter,free-crystal-id-preserved
52570,52570,dead haunted hunter,free-crystal-id-preserved
52571,52571,dead haunted hunter,free-crystal-id-preserved
52572,52572,dead creepy crawler,free-crystal-id-preserved
52573,52573,dead creepy crawler,free-crystal-id-preserved
52574,52574,dead creepy crawler,free-crystal-id-preserved
52575,52575,dead creepy crawler,free-crystal-id-preserved
52586,52586,ice-covered certificate of ancestry,free-crystal-id-preserved
52589,52589,folded artefact carpet VIII,free-crystal-id-preserved
52632,52632,night harpy beak,free-crystal-id-preserved
52633,52633,night harpy feathers,free-crystal-id-preserved
52634,52634,oak wood,free-crystal-id-preserved
52635,52635,salvaged iron parts,free-crystal-id-preserved
52636,52636,tender venison,free-crystal-id-preserved
52637,52637,repair kit for boats,free-crystal-id-preserved
52638,52638,marinated sturgeon,free-crystal-id-preserved
52649,52649,refined stag shield,free-crystal-id-preserved
52657,52657,fiery crypt rune,free-crystal-id-preserved
52658,52658,icy crypt rune,free-crystal-id-preserved
52659,52659,deathly crypt rune,free-crystal-id-preserved
52660,52660,ancient crypt rune,free-crystal-id-preserved
52661,52661,necromantic crypt rune,free-crystal-id-preserved
52662,52662,silver poniard,free-crystal-id-preserved
52663,52663,cuirass plate,free-crystal-id-preserved
52664,52664,stag parchment,free-crystal-id-preserved
52677,52677,dead night harpy,free-crystal-id-preserved
52678,52678,dead night harpy,free-crystal-id-preserved
52679,52679,dead night harpy,free-crystal-id-preserved
52680,52680,dead night harpy,free-crystal-id-preserved
52681,52681,dead raubritter skirmisher,free-crystal-id-preserved
52682,52682,dead raubritter skirmisher,free-crystal-id-preserved
52683,52683,dead raubritter skirmisher,free-crystal-id-preserved
52684,52684,dead raubritter skirmisher,free-crystal-id-preserved
52685,52685,dead raubritter marksman,free-crystal-id-preserved
52686,52686,dead raubritter marksman,free-crystal-id-preserved
52687,52687,dead raubritter marksman,free-crystal-id-preserved
52688,52688,dead raubritter marksman,free-crystal-id-preserved
52689,52689,dead raubritter chastener,free-crystal-id-preserved
52690,52690,dead raubritter chastener,free-crystal-id-preserved
52691,52691,dead raubritter chastener,free-crystal-id-preserved
52692,52692,dead raubritter chastener,free-crystal-id-preserved
52693,52693,dead Court Warlock,free-crystal-id-preserved
52694,52694,dead Court Warlock,free-crystal-id-preserved
52695,52695,dead Court Warlock,free-crystal-id-preserved
52696,52696,dead Court Warlock,free-crystal-id-preserved
52705,52705,necromantic core,free-crystal-id-preserved
52706,52706,toe nails,free-crystal-id-preserved
52707,52707,giant tusk,free-crystal-id-preserved
52708,52708,fetid heart,free-crystal-id-preserved
52709,52709,cryptic fossil,free-crystal-id-preserved
52710,52710,worn guide book,free-crystal-id-preserved
52711,52711,golden claw,free-crystal-id-preserved
52712,52712,shrunken head,free-crystal-id-preserved
52713,52713,ancient scales,free-crystal-id-preserved
52714,52714,soul trap,free-crystal-id-preserved
52715,52715,skull tendril,free-crystal-id-preserved
52716,52716,ancient eye stalk,free-crystal-id-preserved
52717,52717,bone spikes,free-crystal-id-preserved
52718,52718,deadly fangs,free-crystal-id-preserved
52719,52719,crystallized death,free-crystal-id-preserved
52720,52720,cluster of crystallized death,free-crystal-id-preserved
52725,52725,ancient bonelord santa,free-crystal-id-preserved
52726,52726,icy scales,free-crystal-id-preserved
52727,52727,icy horns,free-crystal-id-preserved
52728,52728,frozen crapace,free-crystal-id-preserved
52729,52729,frozen claw,free-crystal-id-preserved
52732,52732,guardian ring,free-crystal-id-preserved
52743,52743,salvaged silver parts,free-crystal-id-preserved
52744,52744,personal letter of Michael the Stalwart I,free-crystal-id-preserved
52745,52745,bottle of Raubritter Lager,free-crystal-id-preserved
52746,52746,twisted marionette,free-crystal-id-preserved
52747,52747,broken staff of mind control,free-crystal-id-preserved
52748,52748,battle tactics,free-crystal-id-preserved
52750,52750,dead goblin scavenger,free-crystal-id-preserved
52751,52751,dead goblin scavenger,free-crystal-id-preserved
52752,52752,dead goblin scavenger,free-crystal-id-preserved
52753,52753,dead goblin scavenger,free-crystal-id-preserved
52758,52758,salvaged bronze parts,free-crystal-id-preserved
52759,52759,the mariner's compass from the Antoinette,free-crystal-id-preserved
52781,52781,stag shield refinement plans,free-crystal-id-preserved
52783,52783,falcon circlet,free-crystal-id-preserved
52785,52785,cool bottle of Raubritter Lager,free-crystal-id-preserved
52788,52788,meal from the beak of a night harpy,free-crystal-id-preserved
52789,52789,bottle of enhanced Raubritter Lager,free-crystal-id-preserved
52800,52800,raubritter skirmisher soul core,free-crystal-id-preserved
52801,52801,raubritter marksman soul core,free-crystal-id-preserved
52802,52802,raubritter chastener soul core,free-crystal-id-preserved
52807,52807,cyclursus soul core,free-crystal-id-preserved
52808,52808,crypt fiend soul core,free-crystal-id-preserved
52809,52809,walking dread soul core,free-crystal-id-preserved
52810,52810,crypt construct soul core,free-crystal-id-preserved
52811,52811,haunted hunter soul core,free-crystal-id-preserved
52812,52812,creepy crawler soul core,free-crystal-id-preserved
52813,52813,night harpy soul core,free-crystal-id-preserved
52814,52814,roaming dread soul core,free-crystal-id-preserved
52815,52815,crypt mage soul core,free-crystal-id-preserved
52816,52816,personal letter of Clavius I,free-crystal-id-preserved
52817,52817,personal letter of Clavius II,free-crystal-id-preserved
52818,52818,personal letter of Clavius III,free-crystal-id-preserved
52819,52819,personal letter of Adlerauge I,free-crystal-id-preserved
52820,52820,personal letter of Adlerauge II,free-crystal-id-preserved
52821,52821,personal letter of Adlerauge III,free-crystal-id-preserved
52822,52822,personal letter of Michael the Stalwart II,free-crystal-id-preserved
52823,52823,personal letter of Michael the Stalwart III,free-crystal-id-preserved
52824,52824,the broken sword of Eldoran Etzel,free-crystal-id-preserved
52828,52828,brass-shod chest,free-crystal-id-preserved
52830,52830,lit candlestick,free-crystal-id-preserved
52838,52838,dead stag,free-crystal-id-preserved
52839,52839,dead stag,free-crystal-id-preserved
52840,52840,dead stag,free-crystal-id-preserved
52841,52841,dead stag,free-crystal-id-preserved
52842,52842,dead imperial,free-crystal-id-preserved
52843,52843,dead imperial,free-crystal-id-preserved
52844,52844,dead imperial,free-crystal-id-preserved
52845,52845,dead imperial,free-crystal-id-preserved
52846,52846,dead Michael the Stalwart,free-crystal-id-preserved
52847,52847,dead Michael the Stalwart,free-crystal-id-preserved
52848,52848,dead Michael the Stalwart,free-crystal-id-preserved
52849,52849,dead Michael the Stalwart,free-crystal-id-preserved
52850,52850,dead Adlerauge,free-crystal-id-preserved
52851,52851,dead Adlerauge,free-crystal-id-preserved
52852,52852,dead Adlerauge,free-crystal-id-preserved
52853,52853,dead Adlerauge,free-crystal-id-preserved
52854,52854,dead Clavius,free-crystal-id-preserved
52855,52855,dead Clavius,free-crystal-id-preserved
52856,52856,dead Clavius,free-crystal-id-preserved
52857,52857,dead Clavius,free-crystal-id-preserved
52858,52858,dead Overseer Osverger,free-crystal-id-preserved
52859,52859,dead Overseer Osverger,free-crystal-id-preserved
52860,52860,dead Overseer Osverger,free-crystal-id-preserved
52861,52861,dead Overseer Osverger,free-crystal-id-preserved
52864,52864,test proficiency catalyst,free-crystal-id-preserved
52865,52865,stag soul core,free-crystal-id-preserved
52866,52866,imperial soul core,free-crystal-id-preserved
52867,52867,barebone grill,free-crystal-id-preserved
52868,52868,barebone grill,free-crystal-id-preserved
52869,52869,barebone grill,free-crystal-id-preserved
52870,52870,barebone grill,free-crystal-id-preserved
52871,52871,barebone grill,free-crystal-id-preserved
52873,52873,inert dragon head,free-crystal-id-preserved
52874,52874,jade dragon head,free-crystal-id-preserved
52963,52963,skill trainer,free-crystal-id-preserved
52964,52964,charred mask,free-crystal-id-preserved
53002,53002,gold tooth,free-crystal-id-preserved
53003,53003,lizard tail,free-crystal-id-preserved
53004,53004,infernoid ember,free-crystal-id-preserved
53005,53005,sailor's burn cure,free-crystal-id-preserved
53073,53073,bunch of turnips,free-crystal-id-preserved
53074,53074,adventurer backpack,free-crystal-id-preserved
53078,53078,dead lizard henchman,free-crystal-id-preserved
53082,53082,dead lizard magician,free-crystal-id-preserved
53086,53086,dead lizard swordmaster,free-crystal-id-preserved
53090,53090,dead lizard commander,free-crystal-id-preserved
53094,53094,dead lizard executioner,free-crystal-id-preserved
53098,53098,dead pirate navigator,free-crystal-id-preserved
53103,53103,dead pirate quartermaster,free-crystal-id-preserved
53108,53108,dead herald of fire,free-crystal-id-preserved
53110,53110,dead pirate gunner,free-crystal-id-preserved
53113,53113,dead pirate cook,free-crystal-id-preserved
53119,53119,dead sea captain,free-crystal-id-preserved
53122,53122,dead infernoid hound,free-crystal-id-preserved
53125,53125,dead infernoid soul,free-crystal-id-preserved
53128,53128,dead infernoid spiritual,free-crystal-id-preserved
53132,53132,dead infernoid blob,free-crystal-id-preserved
53158,53158,old treasure map,free-crystal-id-preserved
53162,53162,superior mana potion,free-crystal-id-preserved
53163,53163,distilled superior mana potion,free-crystal-id-preserved
53164,53164,distilled ultimate mana potion,free-crystal-id-preserved
53167,53167,sail pass,free-crystal-id-preserved
53168,53168,shatterstorm arrow,free-crystal-id-preserved
53169,53169,firestorm arrow,free-crystal-id-preserved
53170,53170,terrastorm arrow,free-crystal-id-preserved
53171,53171,froststorm arrow,free-crystal-id-preserved
53172,53172,thunderstorm arrow,free-crystal-id-preserved
54266,54266,lesser proficiency catalyst,free-crystal-id-preserved
